
debug.elf:     file format elf32-avr

Sections:
Idx Name          Size      VMA       LMA       File off  Algn  Flags
  0 .data         0000142a  00800100  00002cee  00002d82  2**0  CONTENTS, ALLOC, LOAD, DATA
  1 .text         00002cee  00000000  00000000  00000094  2**1  CONTENTS, ALLOC, LOAD, READONLY, CODE
  2 .bss          0000091e  0080152a  0080152a  000041ac  2**0  ALLOC
  3 .comment      00000030  00000000  00000000  000041ac  2**0  CONTENTS, READONLY
  4 .note.gnu.avr.deviceinfo 00000040  00000000  00000000  000041dc  2**2  CONTENTS, READONLY
  5 .debug_aranges 00000300  00000000  00000000  0000421c  2**0  CONTENTS, READONLY, DEBUGGING
  6 .debug_info   00002988  00000000  00000000  0000451c  2**0  CONTENTS, READONLY, DEBUGGING
  7 .debug_abbrev 00001552  00000000  00000000  00006ea4  2**0  CONTENTS, READONLY, DEBUGGING
  8 .debug_line   000027a4  00000000  00000000  000083f6  2**0  CONTENTS, READONLY, DEBUGGING
  9 .debug_frame  00000a80  00000000  00000000  0000ab9c  2**2  CONTENTS, READONLY, DEBUGGING
 10 .debug_str    0000116a  00000000  00000000  0000b61c  2**0  CONTENTS, READONLY, DEBUGGING
 11 .debug_loc    000014df  00000000  00000000  0000c786  2**0  CONTENTS, READONLY, DEBUGGING
 12 .debug_ranges 00000260  00000000  00000000  0000dc65  2**0  CONTENTS, READONLY, DEBUGGING

Disassembly of section .text:

00000000 <__vectors>:
__vectors():
       0:	0c 94 4c 00 	jmp	0x98	; 0x98 <__ctors_end>
       4:	0c 94 6b 00 	jmp	0xd6	; 0xd6 <__bad_interrupt>
       8:	0c 94 6b 00 	jmp	0xd6	; 0xd6 <__bad_interrupt>
       c:	0c 94 6b 00 	jmp	0xd6	; 0xd6 <__bad_interrupt>
      10:	0c 94 6b 00 	jmp	0xd6	; 0xd6 <__bad_interrupt>
      14:	0c 94 6b 00 	jmp	0xd6	; 0xd6 <__bad_interrupt>
      18:	0c 94 6b 00 	jmp	0xd6	; 0xd6 <__bad_interrupt>
      1c:	0c 94 6b 00 	jmp	0xd6	; 0xd6 <__bad_interrupt>
      20:	0c 94 6b 00 	jmp	0xd6	; 0xd6 <__bad_interrupt>
      24:	0c 94 6b 00 	jmp	0xd6	; 0xd6 <__bad_interrupt>
      28:	0c 94 3c 0d 	jmp	0x1a78	; 0x1a78 <__vector_10>
      2c:	0c 94 f6 0d 	jmp	0x1bec	; 0x1bec <__vector_11>
      30:	0c 94 6b 00 	jmp	0xd6	; 0xd6 <__bad_interrupt>
      34:	0c 94 38 02 	jmp	0x470	; 0x470 <__vector_13>
      38:	0c 94 af 02 	jmp	0x55e	; 0x55e <__vector_14>
      3c:	0c 94 6b 00 	jmp	0xd6	; 0xd6 <__bad_interrupt>
      40:	0c 94 6b 00 	jmp	0xd6	; 0xd6 <__bad_interrupt>
      44:	0c 94 6b 00 	jmp	0xd6	; 0xd6 <__bad_interrupt>
      48:	0c 94 6b 00 	jmp	0xd6	; 0xd6 <__bad_interrupt>
      4c:	0c 94 6b 00 	jmp	0xd6	; 0xd6 <__bad_interrupt>
      50:	0c 94 6b 00 	jmp	0xd6	; 0xd6 <__bad_interrupt>
      54:	0c 94 96 03 	jmp	0x72c	; 0x72c <__vector_21>
      58:	0c 94 6b 00 	jmp	0xd6	; 0xd6 <__bad_interrupt>
      5c:	0c 94 6b 00 	jmp	0xd6	; 0xd6 <__bad_interrupt>
      60:	0c 94 6b 00 	jmp	0xd6	; 0xd6 <__bad_interrupt>
      64:	0c 94 6b 00 	jmp	0xd6	; 0xd6 <__bad_interrupt>
      68:	0c 94 6b 00 	jmp	0xd6	; 0xd6 <__bad_interrupt>
      6c:	0c 94 6b 00 	jmp	0xd6	; 0xd6 <__bad_interrupt>
      70:	0c 94 6b 00 	jmp	0xd6	; 0xd6 <__bad_interrupt>
      74:	0c 94 6b 00 	jmp	0xd6	; 0xd6 <__bad_interrupt>
      78:	0c 94 6b 00 	jmp	0xd6	; 0xd6 <__bad_interrupt>
      7c:	0c 94 6b 00 	jmp	0xd6	; 0xd6 <__bad_interrupt>
      80:	0c 94 6b 00 	jmp	0xd6	; 0xd6 <__bad_interrupt>
      84:	0c 94 6b 00 	jmp	0xd6	; 0xd6 <__bad_interrupt>
      88:	0c 94 6b 00 	jmp	0xd6	; 0xd6 <__bad_interrupt>
      8c:	0c 94 6b 00 	jmp	0xd6	; 0xd6 <__bad_interrupt>
      90:	0c 94 6b 00 	jmp	0xd6	; 0xd6 <__bad_interrupt>
      94:	0c 94 6b 00 	jmp	0xd6	; 0xd6 <__bad_interrupt>

00000098 <__ctors_end>:
__trampolines_start():
      98:	11 24       	eor	r1, r1
      9a:	1f be       	out	0x3f, r1	; 63
      9c:	cf ef       	ldi	r28, 0xFF	; 255
      9e:	d0 e2       	ldi	r29, 0x20	; 32
      a0:	de bf       	out	0x3e, r29	; 62
      a2:	cd bf       	out	0x3d, r28	; 61

000000a4 <__do_copy_data>:
__do_copy_data():
      a4:	15 e1       	ldi	r17, 0x15	; 21
      a6:	a0 e0       	ldi	r26, 0x00	; 0
      a8:	b1 e0       	ldi	r27, 0x01	; 1
      aa:	ee ee       	ldi	r30, 0xEE	; 238
      ac:	fc e2       	ldi	r31, 0x2C	; 44
      ae:	00 e0       	ldi	r16, 0x00	; 0
      b0:	0b bf       	out	0x3b, r16	; 59
      b2:	02 c0       	rjmp	.+4      	; 0xb8 <__do_copy_data+0x14>
      b4:	07 90       	elpm	r0, Z+
      b6:	0d 92       	st	X+, r0
      b8:	aa 32       	cpi	r26, 0x2A	; 42
      ba:	b1 07       	cpc	r27, r17
      bc:	d9 f7       	brne	.-10     	; 0xb4 <__do_copy_data+0x10>

000000be <__do_clear_bss>:
__do_clear_bss():
      be:	2e e1       	ldi	r18, 0x1E	; 30
      c0:	aa e2       	ldi	r26, 0x2A	; 42
      c2:	b5 e1       	ldi	r27, 0x15	; 21
      c4:	01 c0       	rjmp	.+2      	; 0xc8 <.do_clear_bss_start>

000000c6 <.do_clear_bss_loop>:
      c6:	1d 92       	st	X+, r1

000000c8 <.do_clear_bss_start>:
      c8:	a8 34       	cpi	r26, 0x48	; 72
      ca:	b2 07       	cpc	r27, r18
      cc:	e1 f7       	brne	.-8      	; 0xc6 <.do_clear_bss_loop>
.do_clear_bss_start():
      ce:	0e 94 6d 00 	call	0xda	; 0xda <main>
      d2:	0c 94 75 16 	jmp	0x2cea	; 0x2cea <_exit>

000000d6 <__bad_interrupt>:
__vector_22():
      d6:	0c 94 00 00 	jmp	0	; 0x0 <__vectors>

000000da <main>:
main():
D:/ALAIN/AT90USB/Projects/AT90USB/At90UsbMPLAB.X/src/SUDD.c:20
uint8_t USB_COM_mask;

static void blinkforever(void);

int main(void)
{
      da:	cf 93       	push	r28
      dc:	df 93       	push	r29
      de:	cd b7       	in	r28, 0x3d	; 61
      e0:	de b7       	in	r29, 0x3e	; 62
D:/ALAIN/AT90USB/Projects/AT90USB/At90UsbMPLAB.X/src/SUDD.c:21
  cli();
      e2:	f8 94       	cli
D:/ALAIN/AT90USB/Projects/AT90USB/At90UsbMPLAB.X/src/SUDD.c:22
  CLKPR = (1<<7);
      e4:	81 e6       	ldi	r24, 0x61	; 97
      e6:	90 e0       	ldi	r25, 0x00	; 0
      e8:	20 e8       	ldi	r18, 0x80	; 128
      ea:	fc 01       	movw	r30, r24
      ec:	20 83       	st	Z, r18
D:/ALAIN/AT90USB/Projects/AT90USB/At90UsbMPLAB.X/src/SUDD.c:23
  CLKPR = 0; // clock pre-scaler == 0, so we have 16 MHz mpu frequency with our 16 MHz crystal
      ee:	81 e6       	ldi	r24, 0x61	; 97
      f0:	90 e0       	ldi	r25, 0x00	; 0
      f2:	fc 01       	movw	r30, r24
      f4:	10 82       	st	Z, r1
D:/ALAIN/AT90USB/Projects/AT90USB/At90UsbMPLAB.X/src/SUDD.c:25

  BoardPortDLedInit();
      f6:	8a e2       	ldi	r24, 0x2A	; 42
      f8:	90 e0       	ldi	r25, 0x00	; 0
      fa:	fc 01       	movw	r30, r24
      fc:	20 81       	ld	r18, Z
      fe:	8a e2       	ldi	r24, 0x2A	; 42
     100:	90 e0       	ldi	r25, 0x00	; 0
     102:	20 6f       	ori	r18, 0xF0	; 240
     104:	fc 01       	movw	r30, r24
     106:	20 83       	st	Z, r18
D:/ALAIN/AT90USB/Projects/AT90USB/At90UsbMPLAB.X/src/SUDD.c:26
  BoardPortDLedsOff();
     108:	8b e2       	ldi	r24, 0x2B	; 43
     10a:	90 e0       	ldi	r25, 0x00	; 0
     10c:	fc 01       	movw	r30, r24
     10e:	20 81       	ld	r18, Z
     110:	8b e2       	ldi	r24, 0x2B	; 43
     112:	90 e0       	ldi	r25, 0x00	; 0
     114:	2f 7e       	andi	r18, 0xEF	; 239
     116:	fc 01       	movw	r30, r24
     118:	20 83       	st	Z, r18
D:/ALAIN/AT90USB/Projects/AT90USB/At90UsbMPLAB.X/src/SUDD.c:27
  SetBit(DDRB, DDB4); // output
     11a:	84 e2       	ldi	r24, 0x24	; 36
     11c:	90 e0       	ldi	r25, 0x00	; 0
     11e:	fc 01       	movw	r30, r24
     120:	20 81       	ld	r18, Z
     122:	84 e2       	ldi	r24, 0x24	; 36
     124:	90 e0       	ldi	r25, 0x00	; 0
     126:	20 61       	ori	r18, 0x10	; 16
     128:	fc 01       	movw	r30, r24
     12a:	20 83       	st	Z, r18
D:/ALAIN/AT90USB/Projects/AT90USB/At90UsbMPLAB.X/src/SUDD.c:29
  
  Timer2CTC_Initialize();
     12c:	0e 94 1e 02 	call	0x43c	; 0x43c <Timer2CTC_Initialize>
D:/ALAIN/AT90USB/Projects/AT90USB/At90UsbMPLAB.X/src/SUDD.c:34
  //Timer2CTC_StartTick(true);  
  
  //USART_Init();
  //USART_WriteString("\r\n----------------------------------------------------------\r\n");
  UsbDevLaunchDevice(false);
     130:	80 e0       	ldi	r24, 0x00	; 0
     132:	0e 94 d6 0b 	call	0x17ac	; 0x17ac <UsbDevLaunchDevice>
D:/ALAIN/AT90USB/Projects/AT90USB/At90UsbMPLAB.X/src/SUDD.c:36
  // UsbDevWaitStartupFinished(); // no reason to wait
  sei();
     136:	78 94       	sei
D:/ALAIN/AT90USB/Projects/AT90USB/At90UsbMPLAB.X/src/SUDD.c:37
  blinkforever();
     138:	0e 94 a3 00 	call	0x146	; 0x146 <blinkforever>
D:/ALAIN/AT90USB/Projects/AT90USB/At90UsbMPLAB.X/src/SUDD.c:38
  return 0;
     13c:	80 e0       	ldi	r24, 0x00	; 0
     13e:	90 e0       	ldi	r25, 0x00	; 0
D:/ALAIN/AT90USB/Projects/AT90USB/At90UsbMPLAB.X/src/SUDD.c:39
}
     140:	df 91       	pop	r29
     142:	cf 91       	pop	r28
     144:	08 95       	ret

00000146 <blinkforever>:
blinkforever():
D:/ALAIN/AT90USB/Projects/AT90USB/At90UsbMPLAB.X/src/SUDD.c:43

// a LED connected to PORTA0 will toggle to indicate the unused processing power
static void blinkforever(void)
{
     146:	cf 93       	push	r28
     148:	df 93       	push	r29
     14a:	cd b7       	in	r28, 0x3d	; 61
     14c:	de b7       	in	r29, 0x3e	; 62
D:/ALAIN/AT90USB/Projects/AT90USB/At90UsbMPLAB.X/src/SUDD.c:49
  while (1)
  {
     
    //BoardPortD2RedToggle();

    UsbDevSelectEndpoint(0);
     14e:	89 ee       	ldi	r24, 0xE9	; 233
     150:	90 e0       	ldi	r25, 0x00	; 0
     152:	fc 01       	movw	r30, r24
     154:	10 82       	st	Z, r1
D:/ALAIN/AT90USB/Projects/AT90USB/At90UsbMPLAB.X/src/SUDD.c:50
    UEIENX = 0;
     156:	80 ef       	ldi	r24, 0xF0	; 240
     158:	90 e0       	ldi	r25, 0x00	; 0
     15a:	fc 01       	movw	r30, r24
     15c:	10 82       	st	Z, r1
D:/ALAIN/AT90USB/Projects/AT90USB/At90UsbMPLAB.X/src/SUDD.c:52

    if UsbDevHasReceivedSETUP()
     15e:	88 ee       	ldi	r24, 0xE8	; 232
     160:	90 e0       	ldi	r25, 0x00	; 0
     162:	fc 01       	movw	r30, r24
     164:	80 81       	ld	r24, Z
     166:	88 2f       	mov	r24, r24
     168:	90 e0       	ldi	r25, 0x00	; 0
     16a:	88 70       	andi	r24, 0x08	; 8
     16c:	99 27       	eor	r25, r25
     16e:	89 2b       	or	r24, r25
     170:	39 f1       	breq	.+78     	; 0x1c0 <blinkforever+0x7a>
D:/ALAIN/AT90USB/Projects/AT90USB/At90UsbMPLAB.X/src/SUDD.c:54
    {      
        SetBit(PORTB,DDB5); // scope
     172:	85 e2       	ldi	r24, 0x25	; 37
     174:	90 e0       	ldi	r25, 0x00	; 0
     176:	fc 01       	movw	r30, r24
     178:	20 81       	ld	r18, Z
     17a:	85 e2       	ldi	r24, 0x25	; 37
     17c:	90 e0       	ldi	r25, 0x00	; 0
     17e:	20 62       	ori	r18, 0x20	; 32
     180:	fc 01       	movw	r30, r24
     182:	20 83       	st	Z, r18
D:/ALAIN/AT90USB/Projects/AT90USB/At90UsbMPLAB.X/src/SUDD.c:55
        BoardPortD5GreenOn();
     184:	8b e2       	ldi	r24, 0x2B	; 43
     186:	90 e0       	ldi	r25, 0x00	; 0
     188:	fc 01       	movw	r30, r24
     18a:	20 81       	ld	r18, Z
     18c:	8b e2       	ldi	r24, 0x2B	; 43
     18e:	90 e0       	ldi	r25, 0x00	; 0
     190:	20 64       	ori	r18, 0x40	; 64
     192:	fc 01       	movw	r30, r24
     194:	20 83       	st	Z, r18
D:/ALAIN/AT90USB/Projects/AT90USB/At90UsbMPLAB.X/src/SUDD.c:56
        UsbProcessSetupRequest();
     196:	0e 94 5c 11 	call	0x22b8	; 0x22b8 <UsbProcessSetupRequest>
D:/ALAIN/AT90USB/Projects/AT90USB/At90UsbMPLAB.X/src/SUDD.c:57
        BoardPortD5GreenOff();
     19a:	8b e2       	ldi	r24, 0x2B	; 43
     19c:	90 e0       	ldi	r25, 0x00	; 0
     19e:	fc 01       	movw	r30, r24
     1a0:	20 81       	ld	r18, Z
     1a2:	8b e2       	ldi	r24, 0x2B	; 43
     1a4:	90 e0       	ldi	r25, 0x00	; 0
     1a6:	2f 7b       	andi	r18, 0xBF	; 191
     1a8:	fc 01       	movw	r30, r24
     1aa:	20 83       	st	Z, r18
D:/ALAIN/AT90USB/Projects/AT90USB/At90UsbMPLAB.X/src/SUDD.c:58
        ClearBit(PORTB,DDB5); // scope
     1ac:	85 e2       	ldi	r24, 0x25	; 37
     1ae:	90 e0       	ldi	r25, 0x00	; 0
     1b0:	fc 01       	movw	r30, r24
     1b2:	20 81       	ld	r18, Z
     1b4:	85 e2       	ldi	r24, 0x25	; 37
     1b6:	90 e0       	ldi	r25, 0x00	; 0
     1b8:	2f 7d       	andi	r18, 0xDF	; 223
     1ba:	fc 01       	movw	r30, r24
     1bc:	20 83       	st	Z, r18
D:/ALAIN/AT90USB/Projects/AT90USB/At90UsbMPLAB.X/src/SUDD.c:59
        continue;
     1be:	29 c0       	rjmp	.+82     	; 0x212 <blinkforever+0xcc>
D:/ALAIN/AT90USB/Projects/AT90USB/At90UsbMPLAB.X/src/SUDD.c:62
    }

    if (UsbDevNAK_ResponseSendToOutRequest())
     1c0:	88 ee       	ldi	r24, 0xE8	; 232
     1c2:	90 e0       	ldi	r25, 0x00	; 0
     1c4:	fc 01       	movw	r30, r24
     1c6:	80 81       	ld	r24, Z
     1c8:	88 2f       	mov	r24, r24
     1ca:	90 e0       	ldi	r25, 0x00	; 0
     1cc:	80 71       	andi	r24, 0x10	; 16
     1ce:	99 27       	eor	r25, r25
     1d0:	89 2b       	or	r24, r25
     1d2:	51 f0       	breq	.+20     	; 0x1e8 <blinkforever+0xa2>
D:/ALAIN/AT90USB/Projects/AT90USB/At90UsbMPLAB.X/src/SUDD.c:64
    {
        UsbDevClearNAK_ResponseOutBit();
     1d4:	88 ee       	ldi	r24, 0xE8	; 232
     1d6:	90 e0       	ldi	r25, 0x00	; 0
     1d8:	fc 01       	movw	r30, r24
     1da:	20 81       	ld	r18, Z
     1dc:	88 ee       	ldi	r24, 0xE8	; 232
     1de:	90 e0       	ldi	r25, 0x00	; 0
     1e0:	2f 7e       	andi	r18, 0xEF	; 239
     1e2:	fc 01       	movw	r30, r24
     1e4:	20 83       	st	Z, r18
D:/ALAIN/AT90USB/Projects/AT90USB/At90UsbMPLAB.X/src/SUDD.c:65
        continue;
     1e6:	15 c0       	rjmp	.+42     	; 0x212 <blinkforever+0xcc>
D:/ALAIN/AT90USB/Projects/AT90USB/At90UsbMPLAB.X/src/SUDD.c:68
    }

    if (UsbDevSTALLHandshakeSend())
     1e8:	88 ee       	ldi	r24, 0xE8	; 232
     1ea:	90 e0       	ldi	r25, 0x00	; 0
     1ec:	fc 01       	movw	r30, r24
     1ee:	80 81       	ld	r24, Z
     1f0:	88 2f       	mov	r24, r24
     1f2:	90 e0       	ldi	r25, 0x00	; 0
     1f4:	82 70       	andi	r24, 0x02	; 2
     1f6:	99 27       	eor	r25, r25
     1f8:	89 2b       	or	r24, r25
     1fa:	09 f4       	brne	.+2      	; 0x1fe <blinkforever+0xb8>
     1fc:	a8 cf       	rjmp	.-176    	; 0x14e <blinkforever+0x8>
D:/ALAIN/AT90USB/Projects/AT90USB/At90UsbMPLAB.X/src/SUDD.c:70
    {
        UsbDevClearSTALLHandshakeSend();
     1fe:	88 ee       	ldi	r24, 0xE8	; 232
     200:	90 e0       	ldi	r25, 0x00	; 0
     202:	fc 01       	movw	r30, r24
     204:	20 81       	ld	r18, Z
     206:	88 ee       	ldi	r24, 0xE8	; 232
     208:	90 e0       	ldi	r25, 0x00	; 0
     20a:	2d 7f       	andi	r18, 0xFD	; 253
     20c:	fc 01       	movw	r30, r24
     20e:	20 83       	st	Z, r18
D:/ALAIN/AT90USB/Projects/AT90USB/At90UsbMPLAB.X/src/SUDD.c:71
        continue;
     210:	00 00       	nop
D:/ALAIN/AT90USB/Projects/AT90USB/At90UsbMPLAB.X/src/SUDD.c:49
  while (1)
  {
     
    //BoardPortD2RedToggle();

    UsbDevSelectEndpoint(0);
     212:	9d cf       	rjmp	.-198    	; 0x14e <blinkforever+0x8>

00000214 <WaveformModeClear>:
WaveformModeClear():
D:/ALAIN/AT90USB/Projects/AT90USB/At90UsbMPLAB.X/src/Timer2CTC.c:146
    
    if(enableIntr)
    {
        SetBit(TIMSK2, OCIE2B);
    }    
}
     214:	cf 93       	push	r28
     216:	df 93       	push	r29
     218:	cd b7       	in	r28, 0x3d	; 61
     21a:	de b7       	in	r29, 0x3e	; 62
     21c:	80 eb       	ldi	r24, 0xB0	; 176
     21e:	90 e0       	ldi	r25, 0x00	; 0
     220:	fc 01       	movw	r30, r24
     222:	20 81       	ld	r18, Z
     224:	80 eb       	ldi	r24, 0xB0	; 176
     226:	90 e0       	ldi	r25, 0x00	; 0
     228:	2c 7f       	andi	r18, 0xFC	; 252
     22a:	fc 01       	movw	r30, r24
     22c:	20 83       	st	Z, r18
     22e:	81 eb       	ldi	r24, 0xB1	; 177
     230:	90 e0       	ldi	r25, 0x00	; 0
     232:	fc 01       	movw	r30, r24
     234:	20 81       	ld	r18, Z
     236:	81 eb       	ldi	r24, 0xB1	; 177
     238:	90 e0       	ldi	r25, 0x00	; 0
     23a:	27 7f       	andi	r18, 0xF7	; 247
     23c:	fc 01       	movw	r30, r24
     23e:	20 83       	st	Z, r18
     240:	00 00       	nop
     242:	df 91       	pop	r29
     244:	cf 91       	pop	r28
     246:	08 95       	ret

00000248 <GetTimerTick>:
GetTimerTick():
     248:	cf 93       	push	r28
     24a:	df 93       	push	r29
     24c:	00 d0       	rcall	.+0      	; 0x24e <GetTimerTick+0x6>
     24e:	00 d0       	rcall	.+0      	; 0x250 <GetTimerTick+0x8>
     250:	1f 92       	push	r1
     252:	cd b7       	in	r28, 0x3d	; 61
     254:	de b7       	in	r29, 0x3e	; 62
     256:	80 e7       	ldi	r24, 0x70	; 112
     258:	90 e0       	ldi	r25, 0x00	; 0
     25a:	fc 01       	movw	r30, r24
     25c:	80 81       	ld	r24, Z
     25e:	88 2f       	mov	r24, r24
     260:	90 e0       	ldi	r25, 0x00	; 0
     262:	82 70       	andi	r24, 0x02	; 2
     264:	99 27       	eor	r25, r25
     266:	21 e0       	ldi	r18, 0x01	; 1
     268:	89 2b       	or	r24, r25
     26a:	09 f4       	brne	.+2      	; 0x26e <GetTimerTick+0x26>
     26c:	20 e0       	ldi	r18, 0x00	; 0
     26e:	29 83       	std	Y+1, r18	; 0x01
     270:	80 e7       	ldi	r24, 0x70	; 112
     272:	90 e0       	ldi	r25, 0x00	; 0
     274:	fc 01       	movw	r30, r24
     276:	20 81       	ld	r18, Z
     278:	80 e7       	ldi	r24, 0x70	; 112
     27a:	90 e0       	ldi	r25, 0x00	; 0
     27c:	2d 7f       	andi	r18, 0xFD	; 253
     27e:	fc 01       	movw	r30, r24
     280:	20 83       	st	Z, r18
     282:	80 91 3c 1d 	lds	r24, 0x1D3C	; 0x801d3c <Timertick>
     286:	90 91 3d 1d 	lds	r25, 0x1D3D	; 0x801d3d <Timertick+0x1>
     28a:	a0 91 3e 1d 	lds	r26, 0x1D3E	; 0x801d3e <Timertick+0x2>
     28e:	b0 91 3f 1d 	lds	r27, 0x1D3F	; 0x801d3f <Timertick+0x3>
     292:	8a 83       	std	Y+2, r24	; 0x02
     294:	9b 83       	std	Y+3, r25	; 0x03
     296:	ac 83       	std	Y+4, r26	; 0x04
     298:	bd 83       	std	Y+5, r27	; 0x05
     29a:	89 81       	ldd	r24, Y+1	; 0x01
     29c:	88 23       	and	r24, r24
     29e:	49 f0       	breq	.+18     	; 0x2b2 <GetTimerTick+0x6a>
     2a0:	80 e7       	ldi	r24, 0x70	; 112
     2a2:	90 e0       	ldi	r25, 0x00	; 0
     2a4:	fc 01       	movw	r30, r24
     2a6:	20 81       	ld	r18, Z
     2a8:	80 e7       	ldi	r24, 0x70	; 112
     2aa:	90 e0       	ldi	r25, 0x00	; 0
     2ac:	22 60       	ori	r18, 0x02	; 2
     2ae:	fc 01       	movw	r30, r24
     2b0:	20 83       	st	Z, r18
     2b2:	8a 81       	ldd	r24, Y+2	; 0x02
     2b4:	9b 81       	ldd	r25, Y+3	; 0x03
     2b6:	ac 81       	ldd	r26, Y+4	; 0x04
     2b8:	bd 81       	ldd	r27, Y+5	; 0x05
     2ba:	bc 01       	movw	r22, r24
     2bc:	cd 01       	movw	r24, r26
     2be:	0f 90       	pop	r0
     2c0:	0f 90       	pop	r0
     2c2:	0f 90       	pop	r0
     2c4:	0f 90       	pop	r0
     2c6:	0f 90       	pop	r0
     2c8:	df 91       	pop	r29
     2ca:	cf 91       	pop	r28
     2cc:	08 95       	ret

000002ce <GetElapseTime>:
GetElapseTime():
     2ce:	ef 92       	push	r14
     2d0:	ff 92       	push	r15
     2d2:	0f 93       	push	r16
     2d4:	1f 93       	push	r17
     2d6:	cf 93       	push	r28
     2d8:	df 93       	push	r29
     2da:	00 d0       	rcall	.+0      	; 0x2dc <GetElapseTime+0xe>
     2dc:	00 d0       	rcall	.+0      	; 0x2de <GetElapseTime+0x10>
     2de:	cd b7       	in	r28, 0x3d	; 61
     2e0:	de b7       	in	r29, 0x3e	; 62
     2e2:	69 83       	std	Y+1, r22	; 0x01
     2e4:	7a 83       	std	Y+2, r23	; 0x02
     2e6:	8b 83       	std	Y+3, r24	; 0x03
     2e8:	9c 83       	std	Y+4, r25	; 0x04
     2ea:	0e 94 24 01 	call	0x248	; 0x248 <GetTimerTick>
     2ee:	9b 01       	movw	r18, r22
     2f0:	ac 01       	movw	r20, r24
     2f2:	89 81       	ldd	r24, Y+1	; 0x01
     2f4:	9a 81       	ldd	r25, Y+2	; 0x02
     2f6:	ab 81       	ldd	r26, Y+3	; 0x03
     2f8:	bc 81       	ldd	r27, Y+4	; 0x04
     2fa:	79 01       	movw	r14, r18
     2fc:	8a 01       	movw	r16, r20
     2fe:	e8 1a       	sub	r14, r24
     300:	f9 0a       	sbc	r15, r25
     302:	0a 0b       	sbc	r16, r26
     304:	1b 0b       	sbc	r17, r27
     306:	d8 01       	movw	r26, r16
     308:	c7 01       	movw	r24, r14
     30a:	bc 01       	movw	r22, r24
     30c:	cd 01       	movw	r24, r26
     30e:	0f 90       	pop	r0
     310:	0f 90       	pop	r0
     312:	0f 90       	pop	r0
     314:	0f 90       	pop	r0
     316:	df 91       	pop	r29
     318:	cf 91       	pop	r28
     31a:	1f 91       	pop	r17
     31c:	0f 91       	pop	r16
     31e:	ff 90       	pop	r15
     320:	ef 90       	pop	r14
     322:	08 95       	ret

00000324 <Timer2SetWaveFormeMode>:
Timer2SetWaveFormeMode():
     324:	cf 93       	push	r28
     326:	df 93       	push	r29
     328:	1f 92       	push	r1
     32a:	cd b7       	in	r28, 0x3d	; 61
     32c:	de b7       	in	r29, 0x3e	; 62
     32e:	89 83       	std	Y+1, r24	; 0x01
     330:	0e 94 0a 01 	call	0x214	; 0x214 <WaveformModeClear>
     334:	80 eb       	ldi	r24, 0xB0	; 176
     336:	90 e0       	ldi	r25, 0x00	; 0
     338:	fc 01       	movw	r30, r24
     33a:	80 81       	ld	r24, Z
     33c:	98 2f       	mov	r25, r24
     33e:	89 81       	ldd	r24, Y+1	; 0x01
     340:	83 70       	andi	r24, 0x03	; 3
     342:	29 2f       	mov	r18, r25
     344:	28 2b       	or	r18, r24
     346:	80 eb       	ldi	r24, 0xB0	; 176
     348:	90 e0       	ldi	r25, 0x00	; 0
     34a:	fc 01       	movw	r30, r24
     34c:	20 83       	st	Z, r18
     34e:	89 81       	ldd	r24, Y+1	; 0x01
     350:	88 2f       	mov	r24, r24
     352:	90 e0       	ldi	r25, 0x00	; 0
     354:	84 70       	andi	r24, 0x04	; 4
     356:	99 27       	eor	r25, r25
     358:	89 2b       	or	r24, r25
     35a:	51 f4       	brne	.+20     	; 0x370 <Timer2SetWaveFormeMode+0x4c>
     35c:	81 eb       	ldi	r24, 0xB1	; 177
     35e:	90 e0       	ldi	r25, 0x00	; 0
     360:	fc 01       	movw	r30, r24
     362:	20 81       	ld	r18, Z
     364:	81 eb       	ldi	r24, 0xB1	; 177
     366:	90 e0       	ldi	r25, 0x00	; 0
     368:	27 7f       	andi	r18, 0xF7	; 247
     36a:	fc 01       	movw	r30, r24
     36c:	20 83       	st	Z, r18
     36e:	09 c0       	rjmp	.+18     	; 0x382 <Timer2SetWaveFormeMode+0x5e>
     370:	81 eb       	ldi	r24, 0xB1	; 177
     372:	90 e0       	ldi	r25, 0x00	; 0
     374:	fc 01       	movw	r30, r24
     376:	20 81       	ld	r18, Z
     378:	81 eb       	ldi	r24, 0xB1	; 177
     37a:	90 e0       	ldi	r25, 0x00	; 0
     37c:	28 60       	ori	r18, 0x08	; 8
     37e:	fc 01       	movw	r30, r24
     380:	20 83       	st	Z, r18
     382:	00 00       	nop
     384:	0f 90       	pop	r0
     386:	df 91       	pop	r29
     388:	cf 91       	pop	r28
     38a:	08 95       	ret

0000038c <Timer2CTC_Reset>:
Timer2CTC_Reset():
     38c:	cf 93       	push	r28
     38e:	df 93       	push	r29
     390:	cd b7       	in	r28, 0x3d	; 61
     392:	de b7       	in	r29, 0x3e	; 62
     394:	81 eb       	ldi	r24, 0xB1	; 177
     396:	90 e0       	ldi	r25, 0x00	; 0
     398:	fc 01       	movw	r30, r24
     39a:	10 82       	st	Z, r1
     39c:	80 eb       	ldi	r24, 0xB0	; 176
     39e:	90 e0       	ldi	r25, 0x00	; 0
     3a0:	fc 01       	movw	r30, r24
     3a2:	10 82       	st	Z, r1
     3a4:	82 eb       	ldi	r24, 0xB2	; 178
     3a6:	90 e0       	ldi	r25, 0x00	; 0
     3a8:	fc 01       	movw	r30, r24
     3aa:	10 82       	st	Z, r1
     3ac:	83 eb       	ldi	r24, 0xB3	; 179
     3ae:	90 e0       	ldi	r25, 0x00	; 0
     3b0:	fc 01       	movw	r30, r24
     3b2:	10 82       	st	Z, r1
     3b4:	84 eb       	ldi	r24, 0xB4	; 180
     3b6:	90 e0       	ldi	r25, 0x00	; 0
     3b8:	fc 01       	movw	r30, r24
     3ba:	10 82       	st	Z, r1
     3bc:	86 eb       	ldi	r24, 0xB6	; 182
     3be:	90 e0       	ldi	r25, 0x00	; 0
     3c0:	fc 01       	movw	r30, r24
     3c2:	10 82       	st	Z, r1
     3c4:	80 e7       	ldi	r24, 0x70	; 112
     3c6:	90 e0       	ldi	r25, 0x00	; 0
     3c8:	fc 01       	movw	r30, r24
     3ca:	10 82       	st	Z, r1
     3cc:	87 e3       	ldi	r24, 0x37	; 55
     3ce:	90 e0       	ldi	r25, 0x00	; 0
     3d0:	fc 01       	movw	r30, r24
     3d2:	10 82       	st	Z, r1
     3d4:	10 92 3b 1d 	sts	0x1D3B, r1	; 0x801d3b <FatalError>
     3d8:	00 00       	nop
     3da:	df 91       	pop	r29
     3dc:	cf 91       	pop	r28
     3de:	08 95       	ret

000003e0 <Timer2OutputADisconnected>:
Timer2OutputADisconnected():
     3e0:	cf 93       	push	r28
     3e2:	df 93       	push	r29
     3e4:	cd b7       	in	r28, 0x3d	; 61
     3e6:	de b7       	in	r29, 0x3e	; 62
     3e8:	80 eb       	ldi	r24, 0xB0	; 176
     3ea:	90 e0       	ldi	r25, 0x00	; 0
     3ec:	fc 01       	movw	r30, r24
     3ee:	80 81       	ld	r24, Z
     3f0:	28 2f       	mov	r18, r24
     3f2:	20 7c       	andi	r18, 0xC0	; 192
     3f4:	80 eb       	ldi	r24, 0xB0	; 176
     3f6:	90 e0       	ldi	r25, 0x00	; 0
     3f8:	fc 01       	movw	r30, r24
     3fa:	80 81       	ld	r24, Z
     3fc:	28 2b       	or	r18, r24
     3fe:	80 eb       	ldi	r24, 0xB0	; 176
     400:	90 e0       	ldi	r25, 0x00	; 0
     402:	fc 01       	movw	r30, r24
     404:	20 83       	st	Z, r18
     406:	00 00       	nop
     408:	df 91       	pop	r29
     40a:	cf 91       	pop	r28
     40c:	08 95       	ret

0000040e <Timer2OutputBDisconnected>:
Timer2OutputBDisconnected():
     40e:	cf 93       	push	r28
     410:	df 93       	push	r29
     412:	cd b7       	in	r28, 0x3d	; 61
     414:	de b7       	in	r29, 0x3e	; 62
     416:	81 eb       	ldi	r24, 0xB1	; 177
     418:	90 e0       	ldi	r25, 0x00	; 0
     41a:	fc 01       	movw	r30, r24
     41c:	80 81       	ld	r24, Z
     41e:	28 2f       	mov	r18, r24
     420:	20 7f       	andi	r18, 0xF0	; 240
     422:	81 eb       	ldi	r24, 0xB1	; 177
     424:	90 e0       	ldi	r25, 0x00	; 0
     426:	fc 01       	movw	r30, r24
     428:	80 81       	ld	r24, Z
     42a:	28 2b       	or	r18, r24
     42c:	81 eb       	ldi	r24, 0xB1	; 177
     42e:	90 e0       	ldi	r25, 0x00	; 0
     430:	fc 01       	movw	r30, r24
     432:	20 83       	st	Z, r18
     434:	00 00       	nop
     436:	df 91       	pop	r29
     438:	cf 91       	pop	r28
     43a:	08 95       	ret

0000043c <Timer2CTC_Initialize>:
Timer2CTC_Initialize():
     43c:	cf 93       	push	r28
     43e:	df 93       	push	r29
     440:	cd b7       	in	r28, 0x3d	; 61
     442:	de b7       	in	r29, 0x3e	; 62
     444:	0e 94 c6 01 	call	0x38c	; 0x38c <Timer2CTC_Reset>
     448:	0e 94 f0 01 	call	0x3e0	; 0x3e0 <Timer2OutputADisconnected>
     44c:	0e 94 07 02 	call	0x40e	; 0x40e <Timer2OutputBDisconnected>
     450:	82 e0       	ldi	r24, 0x02	; 2
     452:	0e 94 92 01 	call	0x324	; 0x324 <Timer2SetWaveFormeMode>
     456:	81 eb       	ldi	r24, 0xB1	; 177
     458:	90 e0       	ldi	r25, 0x00	; 0
     45a:	fc 01       	movw	r30, r24
     45c:	20 81       	ld	r18, Z
     45e:	81 eb       	ldi	r24, 0xB1	; 177
     460:	90 e0       	ldi	r25, 0x00	; 0
     462:	23 60       	ori	r18, 0x03	; 3
     464:	fc 01       	movw	r30, r24
     466:	20 83       	st	Z, r18
     468:	00 00       	nop
     46a:	df 91       	pop	r29
     46c:	cf 91       	pop	r28
     46e:	08 95       	ret

00000470 <__vector_13>:
__vector_13():
D:/ALAIN/AT90USB/Projects/AT90USB/At90UsbMPLAB.X/src/Timer2CTC.c:150

// timer tick interrupt
ISR(TIMER2_COMPA_vect)
{
     470:	1f 92       	push	r1
     472:	0f 92       	push	r0
     474:	0f b6       	in	r0, 0x3f	; 63
     476:	0f 92       	push	r0
     478:	11 24       	eor	r1, r1
     47a:	0b b6       	in	r0, 0x3b	; 59
     47c:	0f 92       	push	r0
     47e:	2f 93       	push	r18
     480:	3f 93       	push	r19
     482:	4f 93       	push	r20
     484:	5f 93       	push	r21
     486:	6f 93       	push	r22
     488:	7f 93       	push	r23
     48a:	8f 93       	push	r24
     48c:	9f 93       	push	r25
     48e:	af 93       	push	r26
     490:	bf 93       	push	r27
     492:	ef 93       	push	r30
     494:	ff 93       	push	r31
     496:	cf 93       	push	r28
     498:	df 93       	push	r29
     49a:	cd b7       	in	r28, 0x3d	; 61
     49c:	de b7       	in	r29, 0x3e	; 62
D:/ALAIN/AT90USB/Projects/AT90USB/At90UsbMPLAB.X/src/Timer2CTC.c:152
    // clear intr source
    SetBit(TIFR2, OCF2A);
     49e:	87 e3       	ldi	r24, 0x37	; 55
     4a0:	90 e0       	ldi	r25, 0x00	; 0
     4a2:	fc 01       	movw	r30, r24
     4a4:	20 81       	ld	r18, Z
     4a6:	87 e3       	ldi	r24, 0x37	; 55
     4a8:	90 e0       	ldi	r25, 0x00	; 0
     4aa:	22 60       	ori	r18, 0x02	; 2
     4ac:	fc 01       	movw	r30, r24
     4ae:	20 83       	st	Z, r18
D:/ALAIN/AT90USB/Projects/AT90USB/At90UsbMPLAB.X/src/Timer2CTC.c:153
    Timertick++;
     4b0:	80 91 3c 1d 	lds	r24, 0x1D3C	; 0x801d3c <Timertick>
     4b4:	90 91 3d 1d 	lds	r25, 0x1D3D	; 0x801d3d <Timertick+0x1>
     4b8:	a0 91 3e 1d 	lds	r26, 0x1D3E	; 0x801d3e <Timertick+0x2>
     4bc:	b0 91 3f 1d 	lds	r27, 0x1D3F	; 0x801d3f <Timertick+0x3>
     4c0:	01 96       	adiw	r24, 0x01	; 1
     4c2:	a1 1d       	adc	r26, r1
     4c4:	b1 1d       	adc	r27, r1
     4c6:	80 93 3c 1d 	sts	0x1D3C, r24	; 0x801d3c <Timertick>
     4ca:	90 93 3d 1d 	sts	0x1D3D, r25	; 0x801d3d <Timertick+0x1>
     4ce:	a0 93 3e 1d 	sts	0x1D3E, r26	; 0x801d3e <Timertick+0x2>
     4d2:	b0 93 3f 1d 	sts	0x1D3F, r27	; 0x801d3f <Timertick+0x3>
D:/ALAIN/AT90USB/Projects/AT90USB/At90UsbMPLAB.X/src/Timer2CTC.c:155
    
    if(FatalError)
     4d6:	80 91 3b 1d 	lds	r24, 0x1D3B	; 0x801d3b <FatalError>
     4da:	88 23       	and	r24, r24
     4dc:	51 f1       	breq	.+84     	; 0x532 <__vector_13+0xc2>
D:/ALAIN/AT90USB/Projects/AT90USB/At90UsbMPLAB.X/src/Timer2CTC.c:157
    {
        if((Timertick % 200) == 0)
     4de:	80 91 3c 1d 	lds	r24, 0x1D3C	; 0x801d3c <Timertick>
     4e2:	90 91 3d 1d 	lds	r25, 0x1D3D	; 0x801d3d <Timertick+0x1>
     4e6:	a0 91 3e 1d 	lds	r26, 0x1D3E	; 0x801d3e <Timertick+0x2>
     4ea:	b0 91 3f 1d 	lds	r27, 0x1D3F	; 0x801d3f <Timertick+0x3>
     4ee:	28 ec       	ldi	r18, 0xC8	; 200
     4f0:	30 e0       	ldi	r19, 0x00	; 0
     4f2:	40 e0       	ldi	r20, 0x00	; 0
     4f4:	50 e0       	ldi	r21, 0x00	; 0
     4f6:	bc 01       	movw	r22, r24
     4f8:	cd 01       	movw	r24, r26
     4fa:	0e 94 3a 16 	call	0x2c74	; 0x2c74 <__udivmodsi4>
     4fe:	dc 01       	movw	r26, r24
     500:	cb 01       	movw	r24, r22
     502:	89 2b       	or	r24, r25
     504:	8a 2b       	or	r24, r26
     506:	8b 2b       	or	r24, r27
     508:	a1 f4       	brne	.+40     	; 0x532 <__vector_13+0xc2>
D:/ALAIN/AT90USB/Projects/AT90USB/At90UsbMPLAB.X/src/Timer2CTC.c:159
        {
            BoardPortD2RedToggle();
     50a:	8b e2       	ldi	r24, 0x2B	; 43
     50c:	90 e0       	ldi	r25, 0x00	; 0
     50e:	fc 01       	movw	r30, r24
     510:	30 81       	ld	r19, Z
     512:	8b e2       	ldi	r24, 0x2B	; 43
     514:	90 e0       	ldi	r25, 0x00	; 0
     516:	20 e1       	ldi	r18, 0x10	; 16
     518:	23 27       	eor	r18, r19
     51a:	fc 01       	movw	r30, r24
     51c:	20 83       	st	Z, r18
D:/ALAIN/AT90USB/Projects/AT90USB/At90UsbMPLAB.X/src/Timer2CTC.c:160
            BoardPortD5RedToggle();
     51e:	8b e2       	ldi	r24, 0x2B	; 43
     520:	90 e0       	ldi	r25, 0x00	; 0
     522:	fc 01       	movw	r30, r24
     524:	30 81       	ld	r19, Z
     526:	8b e2       	ldi	r24, 0x2B	; 43
     528:	90 e0       	ldi	r25, 0x00	; 0
     52a:	20 e8       	ldi	r18, 0x80	; 128
     52c:	23 27       	eor	r18, r19
     52e:	fc 01       	movw	r30, r24
     530:	20 83       	st	Z, r18
D:/ALAIN/AT90USB/Projects/AT90USB/At90UsbMPLAB.X/src/Timer2CTC.c:164
        }
    }
    
}
     532:	00 00       	nop
     534:	df 91       	pop	r29
     536:	cf 91       	pop	r28
     538:	ff 91       	pop	r31
     53a:	ef 91       	pop	r30
     53c:	bf 91       	pop	r27
     53e:	af 91       	pop	r26
     540:	9f 91       	pop	r25
     542:	8f 91       	pop	r24
     544:	7f 91       	pop	r23
     546:	6f 91       	pop	r22
     548:	5f 91       	pop	r21
     54a:	4f 91       	pop	r20
     54c:	3f 91       	pop	r19
     54e:	2f 91       	pop	r18
     550:	0f 90       	pop	r0
     552:	0b be       	out	0x3b, r0	; 59
     554:	0f 90       	pop	r0
     556:	0f be       	out	0x3f, r0	; 63
     558:	0f 90       	pop	r0
     55a:	1f 90       	pop	r1
     55c:	18 95       	reti

0000055e <__vector_14>:
__vector_14():
D:/ALAIN/AT90USB/Projects/AT90USB/At90UsbMPLAB.X/src/Timer2CTC.c:167

ISR(TIMER2_COMPB_vect)
{
     55e:	1f 92       	push	r1
     560:	0f 92       	push	r0
     562:	0f b6       	in	r0, 0x3f	; 63
     564:	0f 92       	push	r0
     566:	11 24       	eor	r1, r1
     568:	0b b6       	in	r0, 0x3b	; 59
     56a:	0f 92       	push	r0
     56c:	2f 93       	push	r18
     56e:	8f 93       	push	r24
     570:	9f 93       	push	r25
     572:	ef 93       	push	r30
     574:	ff 93       	push	r31
     576:	cf 93       	push	r28
     578:	df 93       	push	r29
     57a:	cd b7       	in	r28, 0x3d	; 61
     57c:	de b7       	in	r29, 0x3e	; 62
D:/ALAIN/AT90USB/Projects/AT90USB/At90UsbMPLAB.X/src/Timer2CTC.c:169
    // clear intr source
    SetBit(TIFR2, OCF2B);   
     57e:	87 e3       	ldi	r24, 0x37	; 55
     580:	90 e0       	ldi	r25, 0x00	; 0
     582:	fc 01       	movw	r30, r24
     584:	20 81       	ld	r18, Z
     586:	87 e3       	ldi	r24, 0x37	; 55
     588:	90 e0       	ldi	r25, 0x00	; 0
     58a:	24 60       	ori	r18, 0x04	; 4
     58c:	fc 01       	movw	r30, r24
     58e:	20 83       	st	Z, r18
D:/ALAIN/AT90USB/Projects/AT90USB/At90UsbMPLAB.X/src/Timer2CTC.c:170
     590:	00 00       	nop
     592:	df 91       	pop	r29
     594:	cf 91       	pop	r28
     596:	ff 91       	pop	r31
     598:	ef 91       	pop	r30
     59a:	9f 91       	pop	r25
     59c:	8f 91       	pop	r24
     59e:	2f 91       	pop	r18
     5a0:	0f 90       	pop	r0
     5a2:	0b be       	out	0x3b, r0	; 59
     5a4:	0f 90       	pop	r0
     5a6:	0f be       	out	0x3f, r0	; 63
     5a8:	0f 90       	pop	r0
     5aa:	1f 90       	pop	r1
     5ac:	18 95       	reti

000005ae <ProcessUserCommand>:
ProcessUserCommand():
D:/ALAIN/AT90USB/Projects/AT90USB/At90UsbMPLAB.X/src/daq_dev.c:19
uint8_t DAQ_Result;
static uint16_t SamplesToRead;

void
ProcessUserCommand(uint8_t command, uint16_t par1, uint16_t par2)
{
     5ae:	cf 93       	push	r28
     5b0:	df 93       	push	r29
     5b2:	cd b7       	in	r28, 0x3d	; 61
     5b4:	de b7       	in	r29, 0x3e	; 62
     5b6:	28 97       	sbiw	r28, 0x08	; 8
     5b8:	0f b6       	in	r0, 0x3f	; 63
     5ba:	f8 94       	cli
     5bc:	de bf       	out	0x3e, r29	; 62
     5be:	0f be       	out	0x3f, r0	; 63
     5c0:	cd bf       	out	0x3d, r28	; 61
     5c2:	8c 83       	std	Y+4, r24	; 0x04
     5c4:	7e 83       	std	Y+6, r23	; 0x06
     5c6:	6d 83       	std	Y+5, r22	; 0x05
     5c8:	58 87       	std	Y+8, r21	; 0x08
     5ca:	4f 83       	std	Y+7, r20	; 0x07
D:/ALAIN/AT90USB/Projects/AT90USB/At90UsbMPLAB.X/src/daq_dev.c:23
  uint8_t prescalerADC;
  uint8_t prescalerT0;
  uint8_t counterT0Max;
  switch (command)
     5cc:	8c 81       	ldd	r24, Y+4	; 0x04
     5ce:	88 2f       	mov	r24, r24
     5d0:	90 e0       	ldi	r25, 0x00	; 0
     5d2:	01 97       	sbiw	r24, 0x01	; 1
     5d4:	09 f0       	breq	.+2      	; 0x5d8 <ProcessUserCommand+0x2a>
     5d6:	9d c0       	rjmp	.+314    	; 0x712 <ProcessUserCommand+0x164>
D:/ALAIN/AT90USB/Projects/AT90USB/At90UsbMPLAB.X/src/daq_dev.c:26
  {
    case UC_ADC_Read:
      switch ((uint8_t) par1) 
     5d8:	8d 81       	ldd	r24, Y+5	; 0x05
     5da:	88 2f       	mov	r24, r24
     5dc:	90 e0       	ldi	r25, 0x00	; 0
     5de:	83 30       	cpi	r24, 0x03	; 3
     5e0:	91 05       	cpc	r25, r1
     5e2:	01 f1       	breq	.+64     	; 0x624 <ProcessUserCommand+0x76>
     5e4:	84 30       	cpi	r24, 0x04	; 4
     5e6:	91 05       	cpc	r25, r1
     5e8:	34 f4       	brge	.+12     	; 0x5f6 <ProcessUserCommand+0x48>
     5ea:	81 30       	cpi	r24, 0x01	; 1
     5ec:	91 05       	cpc	r25, r1
     5ee:	61 f0       	breq	.+24     	; 0x608 <ProcessUserCommand+0x5a>
     5f0:	02 97       	sbiw	r24, 0x02	; 2
     5f2:	89 f0       	breq	.+34     	; 0x616 <ProcessUserCommand+0x68>
     5f4:	33 c0       	rjmp	.+102    	; 0x65c <ProcessUserCommand+0xae>
     5f6:	85 30       	cpi	r24, 0x05	; 5
     5f8:	91 05       	cpc	r25, r1
     5fa:	11 f1       	breq	.+68     	; 0x640 <ProcessUserCommand+0x92>
     5fc:	85 30       	cpi	r24, 0x05	; 5
     5fe:	91 05       	cpc	r25, r1
     600:	c4 f0       	brlt	.+48     	; 0x632 <ProcessUserCommand+0x84>
     602:	06 97       	sbiw	r24, 0x06	; 6
     604:	21 f1       	breq	.+72     	; 0x64e <ProcessUserCommand+0xa0>
     606:	2a c0       	rjmp	.+84     	; 0x65c <ProcessUserCommand+0xae>
D:/ALAIN/AT90USB/Projects/AT90USB/At90UsbMPLAB.X/src/daq_dev.c:29
      {
        case ADC20us:
          prescalerADC = ((1<<ADPS2)); // mpu clock / 16
     608:	84 e0       	ldi	r24, 0x04	; 4
     60a:	89 83       	std	Y+1, r24	; 0x01
D:/ALAIN/AT90USB/Projects/AT90USB/At90UsbMPLAB.X/src/daq_dev.c:30
          prescalerT0 = (1<<CS01); // == 8
     60c:	82 e0       	ldi	r24, 0x02	; 2
     60e:	8a 83       	std	Y+2, r24	; 0x02
D:/ALAIN/AT90USB/Projects/AT90USB/At90UsbMPLAB.X/src/daq_dev.c:31
          counterT0Max = 40;
     610:	88 e2       	ldi	r24, 0x28	; 40
     612:	8b 83       	std	Y+3, r24	; 0x03
D:/ALAIN/AT90USB/Projects/AT90USB/At90UsbMPLAB.X/src/daq_dev.c:32
          break;
     614:	28 c0       	rjmp	.+80     	; 0x666 <ProcessUserCommand+0xb8>
D:/ALAIN/AT90USB/Projects/AT90USB/At90UsbMPLAB.X/src/daq_dev.c:34
        case ADC50us:
          prescalerADC = ((1<<ADPS2) | (1<<ADPS0)); // mpu clock / 32
     616:	85 e0       	ldi	r24, 0x05	; 5
     618:	89 83       	std	Y+1, r24	; 0x01
D:/ALAIN/AT90USB/Projects/AT90USB/At90UsbMPLAB.X/src/daq_dev.c:35
          prescalerT0 = (1<<CS01); // == 8
     61a:	82 e0       	ldi	r24, 0x02	; 2
     61c:	8a 83       	std	Y+2, r24	; 0x02
D:/ALAIN/AT90USB/Projects/AT90USB/At90UsbMPLAB.X/src/daq_dev.c:36
          counterT0Max = 100;
     61e:	84 e6       	ldi	r24, 0x64	; 100
     620:	8b 83       	std	Y+3, r24	; 0x03
D:/ALAIN/AT90USB/Projects/AT90USB/At90UsbMPLAB.X/src/daq_dev.c:37
          break;
     622:	21 c0       	rjmp	.+66     	; 0x666 <ProcessUserCommand+0xb8>
D:/ALAIN/AT90USB/Projects/AT90USB/At90UsbMPLAB.X/src/daq_dev.c:39
        case ADC100us:
          prescalerADC =  ((1<<ADPS2) | (1<<ADPS1)); // mpu clock / 64
     624:	86 e0       	ldi	r24, 0x06	; 6
     626:	89 83       	std	Y+1, r24	; 0x01
D:/ALAIN/AT90USB/Projects/AT90USB/At90UsbMPLAB.X/src/daq_dev.c:40
          prescalerT0 = (1<<CS01); // == 8
     628:	82 e0       	ldi	r24, 0x02	; 2
     62a:	8a 83       	std	Y+2, r24	; 0x02
D:/ALAIN/AT90USB/Projects/AT90USB/At90UsbMPLAB.X/src/daq_dev.c:41
          counterT0Max = 200;
     62c:	88 ec       	ldi	r24, 0xC8	; 200
     62e:	8b 83       	std	Y+3, r24	; 0x03
D:/ALAIN/AT90USB/Projects/AT90USB/At90UsbMPLAB.X/src/daq_dev.c:42
          break;
     630:	1a c0       	rjmp	.+52     	; 0x666 <ProcessUserCommand+0xb8>
D:/ALAIN/AT90USB/Projects/AT90USB/At90UsbMPLAB.X/src/daq_dev.c:44
        case ADC200us:
          prescalerADC =  ((1<<ADPS2) | (1<<ADPS1)  | (1<<ADPS0)); // mpu clock / 128
     632:	87 e0       	ldi	r24, 0x07	; 7
     634:	89 83       	std	Y+1, r24	; 0x01
D:/ALAIN/AT90USB/Projects/AT90USB/At90UsbMPLAB.X/src/daq_dev.c:45
          prescalerT0 = ((1<<CS01) | (1<<CS00)); // == 64
     636:	83 e0       	ldi	r24, 0x03	; 3
     638:	8a 83       	std	Y+2, r24	; 0x02
D:/ALAIN/AT90USB/Projects/AT90USB/At90UsbMPLAB.X/src/daq_dev.c:46
          counterT0Max = 50; // 400 / 8
     63a:	82 e3       	ldi	r24, 0x32	; 50
     63c:	8b 83       	std	Y+3, r24	; 0x03
D:/ALAIN/AT90USB/Projects/AT90USB/At90UsbMPLAB.X/src/daq_dev.c:47
          break;
     63e:	13 c0       	rjmp	.+38     	; 0x666 <ProcessUserCommand+0xb8>
D:/ALAIN/AT90USB/Projects/AT90USB/At90UsbMPLAB.X/src/daq_dev.c:49
        case ADC500us:
          prescalerADC =  ((1<<ADPS2) | (1<<ADPS1)  | (1<<ADPS0)); // mpu clock / 128
     640:	87 e0       	ldi	r24, 0x07	; 7
     642:	89 83       	std	Y+1, r24	; 0x01
D:/ALAIN/AT90USB/Projects/AT90USB/At90UsbMPLAB.X/src/daq_dev.c:50
          prescalerT0 = ((1<<CS01) | (1<<CS00)); // == 64
     644:	83 e0       	ldi	r24, 0x03	; 3
     646:	8a 83       	std	Y+2, r24	; 0x02
D:/ALAIN/AT90USB/Projects/AT90USB/At90UsbMPLAB.X/src/daq_dev.c:51
          counterT0Max = 125;
     648:	8d e7       	ldi	r24, 0x7D	; 125
     64a:	8b 83       	std	Y+3, r24	; 0x03
D:/ALAIN/AT90USB/Projects/AT90USB/At90UsbMPLAB.X/src/daq_dev.c:52
          break;
     64c:	0c c0       	rjmp	.+24     	; 0x666 <ProcessUserCommand+0xb8>
D:/ALAIN/AT90USB/Projects/AT90USB/At90UsbMPLAB.X/src/daq_dev.c:54
        case ADC1ms:
          prescalerADC =  ((1<<ADPS2) | (1<<ADPS1)  | (1<<ADPS0)); // mpu clock / 128
     64e:	87 e0       	ldi	r24, 0x07	; 7
     650:	89 83       	std	Y+1, r24	; 0x01
D:/ALAIN/AT90USB/Projects/AT90USB/At90UsbMPLAB.X/src/daq_dev.c:55
          prescalerT0 = ((1<<CS01) | (1<<CS00)); // == 64
     652:	83 e0       	ldi	r24, 0x03	; 3
     654:	8a 83       	std	Y+2, r24	; 0x02
D:/ALAIN/AT90USB/Projects/AT90USB/At90UsbMPLAB.X/src/daq_dev.c:56
          counterT0Max = 250;
     656:	8a ef       	ldi	r24, 0xFA	; 250
     658:	8b 83       	std	Y+3, r24	; 0x03
D:/ALAIN/AT90USB/Projects/AT90USB/At90UsbMPLAB.X/src/daq_dev.c:57
          break;
     65a:	05 c0       	rjmp	.+10     	; 0x666 <ProcessUserCommand+0xb8>
D:/ALAIN/AT90USB/Projects/AT90USB/At90UsbMPLAB.X/src/daq_dev.c:59
        default:
          Debug("DaqDev: Unsupported sampling rate!\r\n");
     65c:	84 e0       	ldi	r24, 0x04	; 4
     65e:	91 e0       	ldi	r25, 0x01	; 1
     660:	0e 94 9d 06 	call	0xd3a	; 0xd3a <USART_WriteString>
D:/ALAIN/AT90USB/Projects/AT90USB/At90UsbMPLAB.X/src/daq_dev.c:60
          return;
     664:	5a c0       	rjmp	.+180    	; 0x71a <ProcessUserCommand+0x16c>
D:/ALAIN/AT90USB/Projects/AT90USB/At90UsbMPLAB.X/src/daq_dev.c:62
      }
      ADMUX = (1<<REFS1) | (1<<REFS0); // ADC0 single ended input, internal 2.56V reference with external capacitor on AREF pin
     666:	8c e7       	ldi	r24, 0x7C	; 124
     668:	90 e0       	ldi	r25, 0x00	; 0
     66a:	20 ec       	ldi	r18, 0xC0	; 192
     66c:	fc 01       	movw	r30, r24
     66e:	20 83       	st	Z, r18
D:/ALAIN/AT90USB/Projects/AT90USB/At90UsbMPLAB.X/src/daq_dev.c:63
      ADCSRA = prescalerADC | (1<<ADEN) | (1<<ADSC); // set prescaler, enable ADC and start conversion
     670:	8a e7       	ldi	r24, 0x7A	; 122
     672:	90 e0       	ldi	r25, 0x00	; 0
     674:	29 81       	ldd	r18, Y+1	; 0x01
     676:	20 6c       	ori	r18, 0xC0	; 192
     678:	fc 01       	movw	r30, r24
     67a:	20 83       	st	Z, r18
D:/ALAIN/AT90USB/Projects/AT90USB/At90UsbMPLAB.X/src/daq_dev.c:64
      TCCR0A = (1<<WGM01); // set timer registers: clear on compare match
     67c:	84 e4       	ldi	r24, 0x44	; 68
     67e:	90 e0       	ldi	r25, 0x00	; 0
     680:	22 e0       	ldi	r18, 0x02	; 2
     682:	fc 01       	movw	r30, r24
     684:	20 83       	st	Z, r18
D:/ALAIN/AT90USB/Projects/AT90USB/At90UsbMPLAB.X/src/daq_dev.c:65
      TCCR0B = prescalerT0; // set prescaler
     686:	85 e4       	ldi	r24, 0x45	; 69
     688:	90 e0       	ldi	r25, 0x00	; 0
     68a:	2a 81       	ldd	r18, Y+2	; 0x02
     68c:	fc 01       	movw	r30, r24
     68e:	20 83       	st	Z, r18
D:/ALAIN/AT90USB/Projects/AT90USB/At90UsbMPLAB.X/src/daq_dev.c:66
      OCR0A = counterT0Max; // set output compare register
     690:	87 e4       	ldi	r24, 0x47	; 71
     692:	90 e0       	ldi	r25, 0x00	; 0
     694:	2b 81       	ldd	r18, Y+3	; 0x03
     696:	fc 01       	movw	r30, r24
     698:	20 83       	st	Z, r18
D:/ALAIN/AT90USB/Projects/AT90USB/At90UsbMPLAB.X/src/daq_dev.c:67
      SamplesToRead = par2;
     69a:	8f 81       	ldd	r24, Y+7	; 0x07
     69c:	98 85       	ldd	r25, Y+8	; 0x08
     69e:	90 93 2b 15 	sts	0x152B, r25	; 0x80152b <__data_end+0x1>
     6a2:	80 93 2a 15 	sts	0x152A, r24	; 0x80152a <__data_end>
D:/ALAIN/AT90USB/Projects/AT90USB/At90UsbMPLAB.X/src/daq_dev.c:68
      RB_Init();
     6a6:	0e 94 93 04 	call	0x926	; 0x926 <RB_Init>
D:/ALAIN/AT90USB/Projects/AT90USB/At90UsbMPLAB.X/src/daq_dev.c:69
      DAQ_Result = UsbDevStatusOK;
     6aa:	10 92 40 1d 	sts	0x1D40, r1	; 0x801d40 <DAQ_Result>
D:/ALAIN/AT90USB/Projects/AT90USB/At90UsbMPLAB.X/src/daq_dev.c:70
      prescalerT0 = 20;  // do a few conversions to warm up
     6ae:	84 e1       	ldi	r24, 0x14	; 20
     6b0:	8a 83       	std	Y+2, r24	; 0x02
D:/ALAIN/AT90USB/Projects/AT90USB/At90UsbMPLAB.X/src/daq_dev.c:71
      while (prescalerT0-- > 0)
     6b2:	14 c0       	rjmp	.+40     	; 0x6dc <ProcessUserCommand+0x12e>
D:/ALAIN/AT90USB/Projects/AT90USB/At90UsbMPLAB.X/src/daq_dev.c:73
      {
        while (ADCSRA & (1<<ADSC));
     6b4:	00 00       	nop
D:/ALAIN/AT90USB/Projects/AT90USB/At90UsbMPLAB.X/src/daq_dev.c:73 (discriminator 1)
     6b6:	8a e7       	ldi	r24, 0x7A	; 122
     6b8:	90 e0       	ldi	r25, 0x00	; 0
     6ba:	fc 01       	movw	r30, r24
     6bc:	80 81       	ld	r24, Z
     6be:	88 2f       	mov	r24, r24
     6c0:	90 e0       	ldi	r25, 0x00	; 0
     6c2:	80 74       	andi	r24, 0x40	; 64
     6c4:	99 27       	eor	r25, r25
     6c6:	89 2b       	or	r24, r25
     6c8:	b1 f7       	brne	.-20     	; 0x6b6 <ProcessUserCommand+0x108>
D:/ALAIN/AT90USB/Projects/AT90USB/At90UsbMPLAB.X/src/daq_dev.c:74
        ADCSRA |= (1<<ADSC);
     6ca:	8a e7       	ldi	r24, 0x7A	; 122
     6cc:	90 e0       	ldi	r25, 0x00	; 0
     6ce:	fc 01       	movw	r30, r24
     6d0:	20 81       	ld	r18, Z
     6d2:	8a e7       	ldi	r24, 0x7A	; 122
     6d4:	90 e0       	ldi	r25, 0x00	; 0
     6d6:	20 64       	ori	r18, 0x40	; 64
     6d8:	fc 01       	movw	r30, r24
     6da:	20 83       	st	Z, r18
D:/ALAIN/AT90USB/Projects/AT90USB/At90UsbMPLAB.X/src/daq_dev.c:71
      OCR0A = counterT0Max; // set output compare register
      SamplesToRead = par2;
      RB_Init();
      DAQ_Result = UsbDevStatusOK;
      prescalerT0 = 20;  // do a few conversions to warm up
      while (prescalerT0-- > 0)
     6dc:	8a 81       	ldd	r24, Y+2	; 0x02
     6de:	9f ef       	ldi	r25, 0xFF	; 255
     6e0:	98 0f       	add	r25, r24
     6e2:	9a 83       	std	Y+2, r25	; 0x02
     6e4:	88 23       	and	r24, r24
     6e6:	31 f7       	brne	.-52     	; 0x6b4 <ProcessUserCommand+0x106>
D:/ALAIN/AT90USB/Projects/AT90USB/At90UsbMPLAB.X/src/daq_dev.c:76
      {
        while (ADCSRA & (1<<ADSC));
        ADCSRA |= (1<<ADSC);
      }
      TCNT0 = counterT0Max + 1; // set start value behind compare match -- we need some time to finish this USB-ISR
     6e8:	86 e4       	ldi	r24, 0x46	; 70
     6ea:	90 e0       	ldi	r25, 0x00	; 0
     6ec:	2b 81       	ldd	r18, Y+3	; 0x03
     6ee:	2f 5f       	subi	r18, 0xFF	; 255
     6f0:	fc 01       	movw	r30, r24
     6f2:	20 83       	st	Z, r18
D:/ALAIN/AT90USB/Projects/AT90USB/At90UsbMPLAB.X/src/daq_dev.c:77
      TIMSK0 = (1<<OCIE0A); // activate compare match interrupt
     6f4:	8e e6       	ldi	r24, 0x6E	; 110
     6f6:	90 e0       	ldi	r25, 0x00	; 0
     6f8:	22 e0       	ldi	r18, 0x02	; 2
     6fa:	fc 01       	movw	r30, r24
     6fc:	20 83       	st	Z, r18
D:/ALAIN/AT90USB/Projects/AT90USB/At90UsbMPLAB.X/src/daq_dev.c:78
      TIFR0 |= (1<<OCF0A); // clear compare match flag -- we will wait for next compare match
     6fe:	85 e3       	ldi	r24, 0x35	; 53
     700:	90 e0       	ldi	r25, 0x00	; 0
     702:	fc 01       	movw	r30, r24
     704:	20 81       	ld	r18, Z
     706:	85 e3       	ldi	r24, 0x35	; 53
     708:	90 e0       	ldi	r25, 0x00	; 0
     70a:	22 60       	ori	r18, 0x02	; 2
     70c:	fc 01       	movw	r30, r24
     70e:	20 83       	st	Z, r18
D:/ALAIN/AT90USB/Projects/AT90USB/At90UsbMPLAB.X/src/daq_dev.c:79
      break;
     710:	04 c0       	rjmp	.+8      	; 0x71a <ProcessUserCommand+0x16c>
D:/ALAIN/AT90USB/Projects/AT90USB/At90UsbMPLAB.X/src/daq_dev.c:81
    default:
      Debug("DaqDev: Unsupported user command!\r\n");
     712:	89 e2       	ldi	r24, 0x29	; 41
     714:	91 e0       	ldi	r25, 0x01	; 1
     716:	0e 94 9d 06 	call	0xd3a	; 0xd3a <USART_WriteString>
D:/ALAIN/AT90USB/Projects/AT90USB/At90UsbMPLAB.X/src/daq_dev.c:83
  }
}
     71a:	28 96       	adiw	r28, 0x08	; 8
     71c:	0f b6       	in	r0, 0x3f	; 63
     71e:	f8 94       	cli
     720:	de bf       	out	0x3e, r29	; 62
     722:	0f be       	out	0x3f, r0	; 63
     724:	cd bf       	out	0x3d, r28	; 61
     726:	df 91       	pop	r29
     728:	cf 91       	pop	r28
     72a:	08 95       	ret

0000072c <__vector_21>:
__vector_21():
D:/ALAIN/AT90USB/Projects/AT90USB/At90UsbMPLAB.X/src/daq_dev.c:86

ISR(TIMER0_COMPA_vect)
{    
     72c:	1f 92       	push	r1
     72e:	0f 92       	push	r0
     730:	0f b6       	in	r0, 0x3f	; 63
     732:	0f 92       	push	r0
     734:	11 24       	eor	r1, r1
     736:	0b b6       	in	r0, 0x3b	; 59
     738:	0f 92       	push	r0
     73a:	2f 93       	push	r18
     73c:	3f 93       	push	r19
     73e:	4f 93       	push	r20
     740:	5f 93       	push	r21
     742:	6f 93       	push	r22
     744:	7f 93       	push	r23
     746:	8f 93       	push	r24
     748:	9f 93       	push	r25
     74a:	af 93       	push	r26
     74c:	bf 93       	push	r27
     74e:	ef 93       	push	r30
     750:	ff 93       	push	r31
     752:	cf 93       	push	r28
     754:	df 93       	push	r29
     756:	00 d0       	rcall	.+0      	; 0x758 <__vector_21+0x2c>
     758:	1f 92       	push	r1
     75a:	cd b7       	in	r28, 0x3d	; 61
     75c:	de b7       	in	r29, 0x3e	; 62
D:/ALAIN/AT90USB/Projects/AT90USB/At90UsbMPLAB.X/src/daq_dev.c:89
  uint16_t w;
  //static uint8_t cnt;
  if (ADCSRA & (1<<ADSC)) // conversion finished?
     75e:	8a e7       	ldi	r24, 0x7A	; 122
     760:	90 e0       	ldi	r25, 0x00	; 0
     762:	fc 01       	movw	r30, r24
     764:	80 81       	ld	r24, Z
     766:	88 2f       	mov	r24, r24
     768:	90 e0       	ldi	r25, 0x00	; 0
     76a:	80 74       	andi	r24, 0x40	; 64
     76c:	99 27       	eor	r25, r25
     76e:	89 2b       	or	r24, r25
     770:	19 f0       	breq	.+6      	; 0x778 <__vector_21+0x4c>
D:/ALAIN/AT90USB/Projects/AT90USB/At90UsbMPLAB.X/src/daq_dev.c:90
    DAQ_Result = UsbDevStatusDAQ_ConversionNotFinished;
     772:	83 e0       	ldi	r24, 0x03	; 3
     774:	80 93 40 1d 	sts	0x1D40, r24	; 0x801d40 <DAQ_Result>
D:/ALAIN/AT90USB/Projects/AT90USB/At90UsbMPLAB.X/src/daq_dev.c:91
  w = ADCW;
     778:	88 e7       	ldi	r24, 0x78	; 120
     77a:	90 e0       	ldi	r25, 0x00	; 0
     77c:	fc 01       	movw	r30, r24
     77e:	80 81       	ld	r24, Z
     780:	91 81       	ldd	r25, Z+1	; 0x01
     782:	9b 83       	std	Y+3, r25	; 0x03
     784:	8a 83       	std	Y+2, r24	; 0x02
D:/ALAIN/AT90USB/Projects/AT90USB/At90UsbMPLAB.X/src/daq_dev.c:92
  ADCSRA |= (1<<ADSC); // start next conversion as soon as possible
     786:	8a e7       	ldi	r24, 0x7A	; 122
     788:	90 e0       	ldi	r25, 0x00	; 0
     78a:	fc 01       	movw	r30, r24
     78c:	20 81       	ld	r18, Z
     78e:	8a e7       	ldi	r24, 0x7A	; 122
     790:	90 e0       	ldi	r25, 0x00	; 0
     792:	20 64       	ori	r18, 0x40	; 64
     794:	fc 01       	movw	r30, r24
     796:	20 83       	st	Z, r18
D:/ALAIN/AT90USB/Projects/AT90USB/At90UsbMPLAB.X/src/daq_dev.c:93
  if (SamplesToRead > 0)
     798:	80 91 2a 15 	lds	r24, 0x152A	; 0x80152a <__data_end>
     79c:	90 91 2b 15 	lds	r25, 0x152B	; 0x80152b <__data_end+0x1>
     7a0:	89 2b       	or	r24, r25
     7a2:	09 f1       	breq	.+66     	; 0x7e6 <__vector_21+0xba>
D:/ALAIN/AT90USB/Projects/AT90USB/At90UsbMPLAB.X/src/daq_dev.c:95
  {
    if (RB_IsFull())
     7a4:	80 91 45 1d 	lds	r24, 0x1D45	; 0x801d45 <RB_Entries>
     7a8:	90 91 46 1d 	lds	r25, 0x1D46	; 0x801d46 <RB_Entries+0x1>
     7ac:	81 15       	cp	r24, r1
     7ae:	94 40       	sbci	r25, 0x04	; 4
     7b0:	21 f4       	brne	.+8      	; 0x7ba <__vector_21+0x8e>
D:/ALAIN/AT90USB/Projects/AT90USB/At90UsbMPLAB.X/src/daq_dev.c:97
    {
      DAQ_Result = UsbDevStatusDAQ_BufferOverflow;
     7b2:	81 e0       	ldi	r24, 0x01	; 1
     7b4:	80 93 40 1d 	sts	0x1D40, r24	; 0x801d40 <DAQ_Result>
     7b8:	16 c0       	rjmp	.+44     	; 0x7e6 <__vector_21+0xba>
D:/ALAIN/AT90USB/Projects/AT90USB/At90UsbMPLAB.X/src/daq_dev.c:101
    }
    else
    {
      if (DAQ_Result == UsbDevStatusOK)
     7ba:	80 91 40 1d 	lds	r24, 0x1D40	; 0x801d40 <DAQ_Result>
     7be:	88 23       	and	r24, r24
     7c0:	29 f4       	brne	.+10     	; 0x7cc <__vector_21+0xa0>
D:/ALAIN/AT90USB/Projects/AT90USB/At90UsbMPLAB.X/src/daq_dev.c:102
        RB_Write(w);
     7c2:	8a 81       	ldd	r24, Y+2	; 0x02
     7c4:	9b 81       	ldd	r25, Y+3	; 0x03
     7c6:	0e 94 d7 04 	call	0x9ae	; 0x9ae <RB_Write>
     7ca:	04 c0       	rjmp	.+8      	; 0x7d4 <__vector_21+0xa8>
D:/ALAIN/AT90USB/Projects/AT90USB/At90UsbMPLAB.X/src/daq_dev.c:104
      else
        RB_Write(0xFFFF);
     7cc:	8f ef       	ldi	r24, 0xFF	; 255
     7ce:	9f ef       	ldi	r25, 0xFF	; 255
     7d0:	0e 94 d7 04 	call	0x9ae	; 0x9ae <RB_Write>
D:/ALAIN/AT90USB/Projects/AT90USB/At90UsbMPLAB.X/src/daq_dev.c:105
      SamplesToRead--;
     7d4:	80 91 2a 15 	lds	r24, 0x152A	; 0x80152a <__data_end>
     7d8:	90 91 2b 15 	lds	r25, 0x152B	; 0x80152b <__data_end+0x1>
     7dc:	01 97       	sbiw	r24, 0x01	; 1
     7de:	90 93 2b 15 	sts	0x152B, r25	; 0x80152b <__data_end+0x1>
     7e2:	80 93 2a 15 	sts	0x152A, r24	; 0x80152a <__data_end>
D:/ALAIN/AT90USB/Projects/AT90USB/At90UsbMPLAB.X/src/daq_dev.c:108
    }
  }
  UsbDevSelectEndpoint(2);
     7e6:	89 ee       	ldi	r24, 0xE9	; 233
     7e8:	90 e0       	ldi	r25, 0x00	; 0
     7ea:	22 e0       	ldi	r18, 0x02	; 2
     7ec:	fc 01       	movw	r30, r24
     7ee:	20 83       	st	Z, r18
D:/ALAIN/AT90USB/Projects/AT90USB/At90UsbMPLAB.X/src/daq_dev.c:109
  if (UsbDevIsFifoEmpty())
     7f0:	88 ee       	ldi	r24, 0xE8	; 232
     7f2:	90 e0       	ldi	r25, 0x00	; 0
     7f4:	fc 01       	movw	r30, r24
     7f6:	80 81       	ld	r24, Z
     7f8:	88 2f       	mov	r24, r24
     7fa:	90 e0       	ldi	r25, 0x00	; 0
     7fc:	81 70       	andi	r24, 0x01	; 1
     7fe:	99 27       	eor	r25, r25
     800:	89 2b       	or	r24, r25
     802:	09 f4       	brne	.+2      	; 0x806 <__vector_21+0xda>
     804:	67 c0       	rjmp	.+206    	; 0x8d4 <__vector_21+0x1a8>
D:/ALAIN/AT90USB/Projects/AT90USB/At90UsbMPLAB.X/src/daq_dev.c:112
  {
    uint8_t i;
    if ((SamplesToRead == 0) && (RB_Entries == 0))
     806:	80 91 2a 15 	lds	r24, 0x152A	; 0x80152a <__data_end>
     80a:	90 91 2b 15 	lds	r25, 0x152B	; 0x80152b <__data_end+0x1>
     80e:	89 2b       	or	r24, r25
     810:	69 f4       	brne	.+26     	; 0x82c <__vector_21+0x100>
D:/ALAIN/AT90USB/Projects/AT90USB/At90UsbMPLAB.X/src/daq_dev.c:112 (discriminator 1)
     812:	80 91 45 1d 	lds	r24, 0x1D45	; 0x801d45 <RB_Entries>
     816:	90 91 46 1d 	lds	r25, 0x1D46	; 0x801d46 <RB_Entries+0x1>
     81a:	89 2b       	or	r24, r25
     81c:	39 f4       	brne	.+14     	; 0x82c <__vector_21+0x100>
D:/ALAIN/AT90USB/Projects/AT90USB/At90UsbMPLAB.X/src/daq_dev.c:114
    {
      TIMSK0 = 0;
     81e:	8e e6       	ldi	r24, 0x6E	; 110
     820:	90 e0       	ldi	r25, 0x00	; 0
     822:	fc 01       	movw	r30, r24
     824:	10 82       	st	Z, r1
D:/ALAIN/AT90USB/Projects/AT90USB/At90UsbMPLAB.X/src/daq_dev.c:115
      i = 64;
     826:	80 e4       	ldi	r24, 0x40	; 64
     828:	89 83       	std	Y+1, r24	; 0x01
     82a:	05 c0       	rjmp	.+10     	; 0x836 <__vector_21+0x10a>
D:/ALAIN/AT90USB/Projects/AT90USB/At90UsbMPLAB.X/src/daq_dev.c:118
    }
    else
      i = UsbDevGetByteCountLow();
     82c:	82 ef       	ldi	r24, 0xF2	; 242
     82e:	90 e0       	ldi	r25, 0x00	; 0
     830:	fc 01       	movw	r30, r24
     832:	80 81       	ld	r24, Z
     834:	89 83       	std	Y+1, r24	; 0x01
D:/ALAIN/AT90USB/Projects/AT90USB/At90UsbMPLAB.X/src/daq_dev.c:119
    switch (i)
     836:	89 81       	ldd	r24, Y+1	; 0x01
     838:	88 2f       	mov	r24, r24
     83a:	90 e0       	ldi	r25, 0x00	; 0
     83c:	8e 33       	cpi	r24, 0x3E	; 62
     83e:	91 05       	cpc	r25, r1
     840:	c9 f0       	breq	.+50     	; 0x874 <__vector_21+0x148>
     842:	80 34       	cpi	r24, 0x40	; 64
     844:	91 05       	cpc	r25, r1
     846:	99 f1       	breq	.+102    	; 0x8ae <__vector_21+0x182>
D:/ALAIN/AT90USB/Projects/AT90USB/At90UsbMPLAB.X/src/daq_dev.c:122
    {
      default:
        w = RB_Read();
     848:	0e 94 ab 04 	call	0x956	; 0x956 <RB_Read>
     84c:	9b 83       	std	Y+3, r25	; 0x03
     84e:	8a 83       	std	Y+2, r24	; 0x02
D:/ALAIN/AT90USB/Projects/AT90USB/At90UsbMPLAB.X/src/daq_dev.c:124
        //w = cnt; dump counter to FIFO for testing
        UsbDevWriteByte(LSB(w));
     850:	9e 01       	movw	r18, r28
     852:	2e 5f       	subi	r18, 0xFE	; 254
     854:	3f 4f       	sbci	r19, 0xFF	; 255
     856:	81 ef       	ldi	r24, 0xF1	; 241
     858:	90 e0       	ldi	r25, 0x00	; 0
     85a:	f9 01       	movw	r30, r18
     85c:	20 81       	ld	r18, Z
     85e:	fc 01       	movw	r30, r24
     860:	20 83       	st	Z, r18
D:/ALAIN/AT90USB/Projects/AT90USB/At90UsbMPLAB.X/src/daq_dev.c:125
        UsbDevWriteByte(MSB(w));
     862:	ce 01       	movw	r24, r28
     864:	02 96       	adiw	r24, 0x02	; 2
     866:	01 96       	adiw	r24, 0x01	; 1
     868:	21 ef       	ldi	r18, 0xF1	; 241
     86a:	30 e0       	ldi	r19, 0x00	; 0
     86c:	fc 01       	movw	r30, r24
     86e:	80 81       	ld	r24, Z
     870:	f9 01       	movw	r30, r18
     872:	80 83       	st	Z, r24
D:/ALAIN/AT90USB/Projects/AT90USB/At90UsbMPLAB.X/src/daq_dev.c:127
      case 62:
        if (RB_Entries > 0)
     874:	80 91 45 1d 	lds	r24, 0x1D45	; 0x801d45 <RB_Entries>
     878:	90 91 46 1d 	lds	r25, 0x1D46	; 0x801d46 <RB_Entries+0x1>
     87c:	89 2b       	or	r24, r25
     87e:	61 f1       	breq	.+88     	; 0x8d8 <__vector_21+0x1ac>
D:/ALAIN/AT90USB/Projects/AT90USB/At90UsbMPLAB.X/src/daq_dev.c:129
        {
          w = RB_Read();
     880:	0e 94 ab 04 	call	0x956	; 0x956 <RB_Read>
     884:	9b 83       	std	Y+3, r25	; 0x03
     886:	8a 83       	std	Y+2, r24	; 0x02
D:/ALAIN/AT90USB/Projects/AT90USB/At90UsbMPLAB.X/src/daq_dev.c:130
          UsbDevWriteByte(LSB(w));
     888:	9e 01       	movw	r18, r28
     88a:	2e 5f       	subi	r18, 0xFE	; 254
     88c:	3f 4f       	sbci	r19, 0xFF	; 255
     88e:	81 ef       	ldi	r24, 0xF1	; 241
     890:	90 e0       	ldi	r25, 0x00	; 0
     892:	f9 01       	movw	r30, r18
     894:	20 81       	ld	r18, Z
     896:	fc 01       	movw	r30, r24
     898:	20 83       	st	Z, r18
D:/ALAIN/AT90USB/Projects/AT90USB/At90UsbMPLAB.X/src/daq_dev.c:131
          UsbDevWriteByte(MSB(w));
     89a:	ce 01       	movw	r24, r28
     89c:	02 96       	adiw	r24, 0x02	; 2
     89e:	01 96       	adiw	r24, 0x01	; 1
     8a0:	21 ef       	ldi	r18, 0xF1	; 241
     8a2:	30 e0       	ldi	r19, 0x00	; 0
     8a4:	fc 01       	movw	r30, r24
     8a6:	80 81       	ld	r24, Z
     8a8:	f9 01       	movw	r30, r18
     8aa:	80 83       	st	Z, r24
D:/ALAIN/AT90USB/Projects/AT90USB/At90UsbMPLAB.X/src/daq_dev.c:133
        }
        break;
     8ac:	15 c0       	rjmp	.+42     	; 0x8d8 <__vector_21+0x1ac>
D:/ALAIN/AT90USB/Projects/AT90USB/At90UsbMPLAB.X/src/daq_dev.c:135
      case 64:
        UsbDevClearTransmitterReady();
     8ae:	88 ee       	ldi	r24, 0xE8	; 232
     8b0:	90 e0       	ldi	r25, 0x00	; 0
     8b2:	fc 01       	movw	r30, r24
     8b4:	20 81       	ld	r18, Z
     8b6:	88 ee       	ldi	r24, 0xE8	; 232
     8b8:	90 e0       	ldi	r25, 0x00	; 0
     8ba:	2e 7f       	andi	r18, 0xFE	; 254
     8bc:	fc 01       	movw	r30, r24
     8be:	20 83       	st	Z, r18
D:/ALAIN/AT90USB/Projects/AT90USB/At90UsbMPLAB.X/src/daq_dev.c:136
        UsbDevSendInData();
     8c0:	88 ee       	ldi	r24, 0xE8	; 232
     8c2:	90 e0       	ldi	r25, 0x00	; 0
     8c4:	fc 01       	movw	r30, r24
     8c6:	20 81       	ld	r18, Z
     8c8:	88 ee       	ldi	r24, 0xE8	; 232
     8ca:	90 e0       	ldi	r25, 0x00	; 0
     8cc:	2f 77       	andi	r18, 0x7F	; 127
     8ce:	fc 01       	movw	r30, r24
     8d0:	20 83       	st	Z, r18
     8d2:	03 c0       	rjmp	.+6      	; 0x8da <__vector_21+0x1ae>
D:/ALAIN/AT90USB/Projects/AT90USB/At90UsbMPLAB.X/src/daq_dev.c:138
    }
  }
     8d4:	00 00       	nop
     8d6:	01 c0       	rjmp	.+2      	; 0x8da <__vector_21+0x1ae>
D:/ALAIN/AT90USB/Projects/AT90USB/At90UsbMPLAB.X/src/daq_dev.c:133
        {
          w = RB_Read();
          UsbDevWriteByte(LSB(w));
          UsbDevWriteByte(MSB(w));
        }
        break;
     8d8:	00 00       	nop
D:/ALAIN/AT90USB/Projects/AT90USB/At90UsbMPLAB.X/src/daq_dev.c:139
      case 64:
        UsbDevClearTransmitterReady();
        UsbDevSendInData();
    }
  }
  if (TIFR0 & (1<<OCF0A)) // is interrupt flag already set again?
     8da:	85 e3       	ldi	r24, 0x35	; 53
     8dc:	90 e0       	ldi	r25, 0x00	; 0
     8de:	fc 01       	movw	r30, r24
     8e0:	80 81       	ld	r24, Z
     8e2:	88 2f       	mov	r24, r24
     8e4:	90 e0       	ldi	r25, 0x00	; 0
     8e6:	82 70       	andi	r24, 0x02	; 2
     8e8:	99 27       	eor	r25, r25
     8ea:	89 2b       	or	r24, r25
     8ec:	19 f0       	breq	.+6      	; 0x8f4 <__vector_21+0x1c8>
D:/ALAIN/AT90USB/Projects/AT90USB/At90UsbMPLAB.X/src/daq_dev.c:141
  {
    DAQ_Result = UsbDevStatusDAQ_TimerOverflow;
     8ee:	82 e0       	ldi	r24, 0x02	; 2
     8f0:	80 93 40 1d 	sts	0x1D40, r24	; 0x801d40 <DAQ_Result>
D:/ALAIN/AT90USB/Projects/AT90USB/At90UsbMPLAB.X/src/daq_dev.c:144
  }
  // cnt = TCNT0; if there are too many instructions in this ISR, we may get timer-counter overflow 
}
     8f4:	00 00       	nop
     8f6:	0f 90       	pop	r0
     8f8:	0f 90       	pop	r0
     8fa:	0f 90       	pop	r0
     8fc:	df 91       	pop	r29
     8fe:	cf 91       	pop	r28
     900:	ff 91       	pop	r31
     902:	ef 91       	pop	r30
     904:	bf 91       	pop	r27
     906:	af 91       	pop	r26
     908:	9f 91       	pop	r25
     90a:	8f 91       	pop	r24
     90c:	7f 91       	pop	r23
     90e:	6f 91       	pop	r22
     910:	5f 91       	pop	r21
     912:	4f 91       	pop	r20
     914:	3f 91       	pop	r19
     916:	2f 91       	pop	r18
     918:	0f 90       	pop	r0
     91a:	0b be       	out	0x3b, r0	; 59
     91c:	0f 90       	pop	r0
     91e:	0f be       	out	0x3f, r0	; 63
     920:	0f 90       	pop	r0
     922:	1f 90       	pop	r1
     924:	18 95       	reti

00000926 <RB_Init>:
RB_Init():
D:/ALAIN/AT90USB/Projects/AT90USB/At90UsbMPLAB.X/src/ringbuffer.c:29
Q *r; // position from where we can read (if RB_Entries > 0)
Q *w; // next free position (if RB_Entries < BufElements))

void
RB_Init(void)
{
     926:	cf 93       	push	r28
     928:	df 93       	push	r29
     92a:	cd b7       	in	r28, 0x3d	; 61
     92c:	de b7       	in	r29, 0x3e	; 62
D:/ALAIN/AT90USB/Projects/AT90USB/At90UsbMPLAB.X/src/ringbuffer.c:30
  r = b;
     92e:	8c e2       	ldi	r24, 0x2C	; 44
     930:	95 e1       	ldi	r25, 0x15	; 21
     932:	90 93 44 1d 	sts	0x1D44, r25	; 0x801d44 <r+0x1>
     936:	80 93 43 1d 	sts	0x1D43, r24	; 0x801d43 <r>
D:/ALAIN/AT90USB/Projects/AT90USB/At90UsbMPLAB.X/src/ringbuffer.c:31
  w = b;
     93a:	8c e2       	ldi	r24, 0x2C	; 44
     93c:	95 e1       	ldi	r25, 0x15	; 21
     93e:	90 93 42 1d 	sts	0x1D42, r25	; 0x801d42 <w+0x1>
     942:	80 93 41 1d 	sts	0x1D41, r24	; 0x801d41 <w>
D:/ALAIN/AT90USB/Projects/AT90USB/At90UsbMPLAB.X/src/ringbuffer.c:32
  RB_Entries = 0;
     946:	10 92 46 1d 	sts	0x1D46, r1	; 0x801d46 <RB_Entries+0x1>
     94a:	10 92 45 1d 	sts	0x1D45, r1	; 0x801d45 <RB_Entries>
D:/ALAIN/AT90USB/Projects/AT90USB/At90UsbMPLAB.X/src/ringbuffer.c:33
}
     94e:	00 00       	nop
     950:	df 91       	pop	r29
     952:	cf 91       	pop	r28
     954:	08 95       	ret

00000956 <RB_Read>:
RB_Read():
D:/ALAIN/AT90USB/Projects/AT90USB/At90UsbMPLAB.X/src/ringbuffer.c:37

Q
RB_Read(void)
{
     956:	cf 93       	push	r28
     958:	df 93       	push	r29
     95a:	cd b7       	in	r28, 0x3d	; 61
     95c:	de b7       	in	r29, 0x3e	; 62
D:/ALAIN/AT90USB/Projects/AT90USB/At90UsbMPLAB.X/src/ringbuffer.c:39
//Assert(RB_Entries > 0);
  RB_Entries--;
     95e:	80 91 45 1d 	lds	r24, 0x1D45	; 0x801d45 <RB_Entries>
     962:	90 91 46 1d 	lds	r25, 0x1D46	; 0x801d46 <RB_Entries+0x1>
     966:	01 97       	sbiw	r24, 0x01	; 1
     968:	90 93 46 1d 	sts	0x1D46, r25	; 0x801d46 <RB_Entries+0x1>
     96c:	80 93 45 1d 	sts	0x1D45, r24	; 0x801d45 <RB_Entries>
D:/ALAIN/AT90USB/Projects/AT90USB/At90UsbMPLAB.X/src/ringbuffer.c:40
  if (r > t) r = b;
     970:	80 91 43 1d 	lds	r24, 0x1D43	; 0x801d43 <r>
     974:	90 91 44 1d 	lds	r25, 0x1D44	; 0x801d44 <r+0x1>
     978:	8a 52       	subi	r24, 0x2A	; 42
     97a:	9d 41       	sbci	r25, 0x1D	; 29
     97c:	39 f0       	breq	.+14     	; 0x98c <RB_Read+0x36>
     97e:	30 f0       	brcs	.+12     	; 0x98c <RB_Read+0x36>
D:/ALAIN/AT90USB/Projects/AT90USB/At90UsbMPLAB.X/src/ringbuffer.c:40 (discriminator 1)
     980:	8c e2       	ldi	r24, 0x2C	; 44
     982:	95 e1       	ldi	r25, 0x15	; 21
     984:	90 93 44 1d 	sts	0x1D44, r25	; 0x801d44 <r+0x1>
     988:	80 93 43 1d 	sts	0x1D43, r24	; 0x801d43 <r>
D:/ALAIN/AT90USB/Projects/AT90USB/At90UsbMPLAB.X/src/ringbuffer.c:41
  return *r++;
     98c:	80 91 43 1d 	lds	r24, 0x1D43	; 0x801d43 <r>
     990:	90 91 44 1d 	lds	r25, 0x1D44	; 0x801d44 <r+0x1>
     994:	9c 01       	movw	r18, r24
     996:	2e 5f       	subi	r18, 0xFE	; 254
     998:	3f 4f       	sbci	r19, 0xFF	; 255
     99a:	30 93 44 1d 	sts	0x1D44, r19	; 0x801d44 <r+0x1>
     99e:	20 93 43 1d 	sts	0x1D43, r18	; 0x801d43 <r>
     9a2:	fc 01       	movw	r30, r24
     9a4:	80 81       	ld	r24, Z
     9a6:	91 81       	ldd	r25, Z+1	; 0x01
D:/ALAIN/AT90USB/Projects/AT90USB/At90UsbMPLAB.X/src/ringbuffer.c:42
}
     9a8:	df 91       	pop	r29
     9aa:	cf 91       	pop	r28
     9ac:	08 95       	ret

000009ae <RB_Write>:
RB_Write():
D:/ALAIN/AT90USB/Projects/AT90USB/At90UsbMPLAB.X/src/ringbuffer.c:46

void
RB_Write(Q el)
{
     9ae:	cf 93       	push	r28
     9b0:	df 93       	push	r29
     9b2:	00 d0       	rcall	.+0      	; 0x9b4 <RB_Write+0x6>
     9b4:	cd b7       	in	r28, 0x3d	; 61
     9b6:	de b7       	in	r29, 0x3e	; 62
     9b8:	9a 83       	std	Y+2, r25	; 0x02
     9ba:	89 83       	std	Y+1, r24	; 0x01
D:/ALAIN/AT90USB/Projects/AT90USB/At90UsbMPLAB.X/src/ringbuffer.c:48
//Assert(RB_Entries < BufElements);
  RB_Entries++;
     9bc:	80 91 45 1d 	lds	r24, 0x1D45	; 0x801d45 <RB_Entries>
     9c0:	90 91 46 1d 	lds	r25, 0x1D46	; 0x801d46 <RB_Entries+0x1>
     9c4:	01 96       	adiw	r24, 0x01	; 1
     9c6:	90 93 46 1d 	sts	0x1D46, r25	; 0x801d46 <RB_Entries+0x1>
     9ca:	80 93 45 1d 	sts	0x1D45, r24	; 0x801d45 <RB_Entries>
D:/ALAIN/AT90USB/Projects/AT90USB/At90UsbMPLAB.X/src/ringbuffer.c:49
  if (w > t) w = b;
     9ce:	80 91 41 1d 	lds	r24, 0x1D41	; 0x801d41 <w>
     9d2:	90 91 42 1d 	lds	r25, 0x1D42	; 0x801d42 <w+0x1>
     9d6:	8a 52       	subi	r24, 0x2A	; 42
     9d8:	9d 41       	sbci	r25, 0x1D	; 29
     9da:	39 f0       	breq	.+14     	; 0x9ea <RB_Write+0x3c>
     9dc:	30 f0       	brcs	.+12     	; 0x9ea <RB_Write+0x3c>
D:/ALAIN/AT90USB/Projects/AT90USB/At90UsbMPLAB.X/src/ringbuffer.c:49 (discriminator 1)
     9de:	8c e2       	ldi	r24, 0x2C	; 44
     9e0:	95 e1       	ldi	r25, 0x15	; 21
     9e2:	90 93 42 1d 	sts	0x1D42, r25	; 0x801d42 <w+0x1>
     9e6:	80 93 41 1d 	sts	0x1D41, r24	; 0x801d41 <w>
D:/ALAIN/AT90USB/Projects/AT90USB/At90UsbMPLAB.X/src/ringbuffer.c:50
  *w++ = el;
     9ea:	80 91 41 1d 	lds	r24, 0x1D41	; 0x801d41 <w>
     9ee:	90 91 42 1d 	lds	r25, 0x1D42	; 0x801d42 <w+0x1>
     9f2:	9c 01       	movw	r18, r24
     9f4:	2e 5f       	subi	r18, 0xFE	; 254
     9f6:	3f 4f       	sbci	r19, 0xFF	; 255
     9f8:	30 93 42 1d 	sts	0x1D42, r19	; 0x801d42 <w+0x1>
     9fc:	20 93 41 1d 	sts	0x1D41, r18	; 0x801d41 <w>
     a00:	29 81       	ldd	r18, Y+1	; 0x01
     a02:	3a 81       	ldd	r19, Y+2	; 0x02
     a04:	fc 01       	movw	r30, r24
     a06:	31 83       	std	Z+1, r19	; 0x01
     a08:	20 83       	st	Z, r18
D:/ALAIN/AT90USB/Projects/AT90USB/At90UsbMPLAB.X/src/ringbuffer.c:51
}
     a0a:	00 00       	nop
     a0c:	0f 90       	pop	r0
     a0e:	0f 90       	pop	r0
     a10:	df 91       	pop	r29
     a12:	cf 91       	pop	r28
     a14:	08 95       	ret

00000a16 <UsbDumpDeviceDescriptor>:
UsbDumpDeviceDescriptor():
D:/ALAIN/AT90USB/Projects/AT90USB/At90UsbMPLAB.X/src/usart_debug.c:76
  USART_WriteString("\r\n        e->bEndpointAddress: "); USART_WriteHex(e->bEndpointAddress);
  USART_WriteString("\r\n        e->bmAttributes: "); USART_WriteHex(e->bmAttributes);
  USART_WriteString("\r\n        e->wMaxPacketSize: "); USART_WriteHexW(e->wMaxPacketSize);
  USART_WriteString("\r\n        e->bInterval: "); USART_WriteHex(e->bInterval);
  USART_NewLine();
}
     a16:	cf 93       	push	r28
     a18:	df 93       	push	r29
     a1a:	00 d0       	rcall	.+0      	; 0xa1c <UsbDumpDeviceDescriptor+0x6>
     a1c:	cd b7       	in	r28, 0x3d	; 61
     a1e:	de b7       	in	r29, 0x3e	; 62
     a20:	9a 83       	std	Y+2, r25	; 0x02
     a22:	89 83       	std	Y+1, r24	; 0x01
     a24:	8d e4       	ldi	r24, 0x4D	; 77
     a26:	91 e0       	ldi	r25, 0x01	; 1
     a28:	0e 94 9d 06 	call	0xd3a	; 0xd3a <USART_WriteString>
     a2c:	84 e6       	ldi	r24, 0x64	; 100
     a2e:	91 e0       	ldi	r25, 0x01	; 1
     a30:	0e 94 9d 06 	call	0xd3a	; 0xd3a <USART_WriteString>
     a34:	89 81       	ldd	r24, Y+1	; 0x01
     a36:	9a 81       	ldd	r25, Y+2	; 0x02
     a38:	fc 01       	movw	r30, r24
     a3a:	80 81       	ld	r24, Z
     a3c:	0e 94 3d 06 	call	0xc7a	; 0xc7a <USART_WriteHex>
     a40:	85 e7       	ldi	r24, 0x75	; 117
     a42:	91 e0       	ldi	r25, 0x01	; 1
     a44:	0e 94 9d 06 	call	0xd3a	; 0xd3a <USART_WriteString>
     a48:	89 81       	ldd	r24, Y+1	; 0x01
     a4a:	9a 81       	ldd	r25, Y+2	; 0x02
     a4c:	fc 01       	movw	r30, r24
     a4e:	81 81       	ldd	r24, Z+1	; 0x01
     a50:	0e 94 3d 06 	call	0xc7a	; 0xc7a <USART_WriteHex>
     a54:	8e e8       	ldi	r24, 0x8E	; 142
     a56:	91 e0       	ldi	r25, 0x01	; 1
     a58:	0e 94 9d 06 	call	0xd3a	; 0xd3a <USART_WriteString>
     a5c:	89 81       	ldd	r24, Y+1	; 0x01
     a5e:	9a 81       	ldd	r25, Y+2	; 0x02
     a60:	fc 01       	movw	r30, r24
     a62:	82 81       	ldd	r24, Z+2	; 0x02
     a64:	93 81       	ldd	r25, Z+3	; 0x03
     a66:	0e 94 84 06 	call	0xd08	; 0xd08 <USART_WriteHexW>
     a6a:	8e e9       	ldi	r24, 0x9E	; 158
     a6c:	91 e0       	ldi	r25, 0x01	; 1
     a6e:	0e 94 9d 06 	call	0xd3a	; 0xd3a <USART_WriteString>
     a72:	89 81       	ldd	r24, Y+1	; 0x01
     a74:	9a 81       	ldd	r25, Y+2	; 0x02
     a76:	fc 01       	movw	r30, r24
     a78:	84 81       	ldd	r24, Z+4	; 0x04
     a7a:	0e 94 3d 06 	call	0xc7a	; 0xc7a <USART_WriteHex>
     a7e:	84 eb       	ldi	r24, 0xB4	; 180
     a80:	91 e0       	ldi	r25, 0x01	; 1
     a82:	0e 94 9d 06 	call	0xd3a	; 0xd3a <USART_WriteString>
     a86:	89 81       	ldd	r24, Y+1	; 0x01
     a88:	9a 81       	ldd	r25, Y+2	; 0x02
     a8a:	fc 01       	movw	r30, r24
     a8c:	85 81       	ldd	r24, Z+5	; 0x05
     a8e:	0e 94 3d 06 	call	0xc7a	; 0xc7a <USART_WriteHex>
     a92:	8d ec       	ldi	r24, 0xCD	; 205
     a94:	91 e0       	ldi	r25, 0x01	; 1
     a96:	0e 94 9d 06 	call	0xd3a	; 0xd3a <USART_WriteString>
     a9a:	89 81       	ldd	r24, Y+1	; 0x01
     a9c:	9a 81       	ldd	r25, Y+2	; 0x02
     a9e:	fc 01       	movw	r30, r24
     aa0:	86 81       	ldd	r24, Z+6	; 0x06
     aa2:	0e 94 3d 06 	call	0xc7a	; 0xc7a <USART_WriteHex>
     aa6:	87 ee       	ldi	r24, 0xE7	; 231
     aa8:	91 e0       	ldi	r25, 0x01	; 1
     aaa:	0e 94 9d 06 	call	0xd3a	; 0xd3a <USART_WriteString>
     aae:	89 81       	ldd	r24, Y+1	; 0x01
     ab0:	9a 81       	ldd	r25, Y+2	; 0x02
     ab2:	fc 01       	movw	r30, r24
     ab4:	87 81       	ldd	r24, Z+7	; 0x07
     ab6:	0e 94 3d 06 	call	0xc7a	; 0xc7a <USART_WriteHex>
     aba:	80 e0       	ldi	r24, 0x00	; 0
     abc:	92 e0       	ldi	r25, 0x02	; 2
     abe:	0e 94 9d 06 	call	0xd3a	; 0xd3a <USART_WriteString>
     ac2:	89 81       	ldd	r24, Y+1	; 0x01
     ac4:	9a 81       	ldd	r25, Y+2	; 0x02
     ac6:	fc 01       	movw	r30, r24
     ac8:	80 85       	ldd	r24, Z+8	; 0x08
     aca:	91 85       	ldd	r25, Z+9	; 0x09
     acc:	0e 94 84 06 	call	0xd08	; 0xd08 <USART_WriteHexW>
     ad0:	82 e1       	ldi	r24, 0x12	; 18
     ad2:	92 e0       	ldi	r25, 0x02	; 2
     ad4:	0e 94 9d 06 	call	0xd3a	; 0xd3a <USART_WriteString>
     ad8:	89 81       	ldd	r24, Y+1	; 0x01
     ada:	9a 81       	ldd	r25, Y+2	; 0x02
     adc:	fc 01       	movw	r30, r24
     ade:	82 85       	ldd	r24, Z+10	; 0x0a
     ae0:	93 85       	ldd	r25, Z+11	; 0x0b
     ae2:	0e 94 84 06 	call	0xd08	; 0xd08 <USART_WriteHexW>
     ae6:	85 e2       	ldi	r24, 0x25	; 37
     ae8:	92 e0       	ldi	r25, 0x02	; 2
     aea:	0e 94 9d 06 	call	0xd3a	; 0xd3a <USART_WriteString>
     aee:	89 81       	ldd	r24, Y+1	; 0x01
     af0:	9a 81       	ldd	r25, Y+2	; 0x02
     af2:	fc 01       	movw	r30, r24
     af4:	84 85       	ldd	r24, Z+12	; 0x0c
     af6:	95 85       	ldd	r25, Z+13	; 0x0d
     af8:	0e 94 84 06 	call	0xd08	; 0xd08 <USART_WriteHexW>
     afc:	88 e3       	ldi	r24, 0x38	; 56
     afe:	92 e0       	ldi	r25, 0x02	; 2
     b00:	0e 94 9d 06 	call	0xd3a	; 0xd3a <USART_WriteString>
     b04:	89 81       	ldd	r24, Y+1	; 0x01
     b06:	9a 81       	ldd	r25, Y+2	; 0x02
     b08:	fc 01       	movw	r30, r24
     b0a:	86 85       	ldd	r24, Z+14	; 0x0e
     b0c:	0e 94 3d 06 	call	0xc7a	; 0xc7a <USART_WriteHex>
     b10:	8f e4       	ldi	r24, 0x4F	; 79
     b12:	92 e0       	ldi	r25, 0x02	; 2
     b14:	0e 94 9d 06 	call	0xd3a	; 0xd3a <USART_WriteString>
     b18:	89 81       	ldd	r24, Y+1	; 0x01
     b1a:	9a 81       	ldd	r25, Y+2	; 0x02
     b1c:	fc 01       	movw	r30, r24
     b1e:	87 85       	ldd	r24, Z+15	; 0x0f
     b20:	0e 94 3d 06 	call	0xc7a	; 0xc7a <USART_WriteHex>
     b24:	81 e6       	ldi	r24, 0x61	; 97
     b26:	92 e0       	ldi	r25, 0x02	; 2
     b28:	0e 94 9d 06 	call	0xd3a	; 0xd3a <USART_WriteString>
     b2c:	89 81       	ldd	r24, Y+1	; 0x01
     b2e:	9a 81       	ldd	r25, Y+2	; 0x02
     b30:	fc 01       	movw	r30, r24
     b32:	80 89       	ldd	r24, Z+16	; 0x10
     b34:	0e 94 3d 06 	call	0xc7a	; 0xc7a <USART_WriteHex>
     b38:	88 e7       	ldi	r24, 0x78	; 120
     b3a:	92 e0       	ldi	r25, 0x02	; 2
     b3c:	0e 94 9d 06 	call	0xd3a	; 0xd3a <USART_WriteString>
     b40:	89 81       	ldd	r24, Y+1	; 0x01
     b42:	9a 81       	ldd	r25, Y+2	; 0x02
     b44:	fc 01       	movw	r30, r24
     b46:	81 89       	ldd	r24, Z+17	; 0x11
     b48:	0e 94 3d 06 	call	0xc7a	; 0xc7a <USART_WriteHex>
     b4c:	0e 94 bc 06 	call	0xd78	; 0xd78 <USART_NewLine>
     b50:	00 00       	nop
     b52:	0f 90       	pop	r0
     b54:	0f 90       	pop	r0
     b56:	df 91       	pop	r29
     b58:	cf 91       	pop	r28
     b5a:	08 95       	ret

00000b5c <UsbDumpStringDescriptor>:
UsbDumpStringDescriptor():
D:/ALAIN/AT90USB/Projects/AT90USB/At90UsbMPLAB.X/src/usart_debug.c:80

void
UsbDumpStringDescriptor(char *s)
{
     b5c:	cf 93       	push	r28
     b5e:	df 93       	push	r29
     b60:	00 d0       	rcall	.+0      	; 0xb62 <UsbDumpStringDescriptor+0x6>
     b62:	1f 92       	push	r1
     b64:	cd b7       	in	r28, 0x3d	; 61
     b66:	de b7       	in	r29, 0x3e	; 62
     b68:	9b 83       	std	Y+3, r25	; 0x03
     b6a:	8a 83       	std	Y+2, r24	; 0x02
D:/ALAIN/AT90USB/Projects/AT90USB/At90UsbMPLAB.X/src/usart_debug.c:82
  uint8_t i;
  i = *s;
     b6c:	8a 81       	ldd	r24, Y+2	; 0x02
     b6e:	9b 81       	ldd	r25, Y+3	; 0x03
     b70:	fc 01       	movw	r30, r24
     b72:	80 81       	ld	r24, Z
     b74:	89 83       	std	Y+1, r24	; 0x01
D:/ALAIN/AT90USB/Projects/AT90USB/At90UsbMPLAB.X/src/usart_debug.c:83
  USART_WriteString("USB String-Descriptor:\r\n");
     b76:	8e e5       	ldi	r24, 0x5E	; 94
     b78:	95 e0       	ldi	r25, 0x05	; 5
     b7a:	0e 94 9d 06 	call	0xd3a	; 0xd3a <USART_WriteString>
D:/ALAIN/AT90USB/Projects/AT90USB/At90UsbMPLAB.X/src/usart_debug.c:84
  while (i--) USART_WriteHex(*s++);
     b7e:	0b c0       	rjmp	.+22     	; 0xb96 <UsbDumpStringDescriptor+0x3a>
D:/ALAIN/AT90USB/Projects/AT90USB/At90UsbMPLAB.X/src/usart_debug.c:84 (discriminator 2)
     b80:	8a 81       	ldd	r24, Y+2	; 0x02
     b82:	9b 81       	ldd	r25, Y+3	; 0x03
     b84:	9c 01       	movw	r18, r24
     b86:	2f 5f       	subi	r18, 0xFF	; 255
     b88:	3f 4f       	sbci	r19, 0xFF	; 255
     b8a:	3b 83       	std	Y+3, r19	; 0x03
     b8c:	2a 83       	std	Y+2, r18	; 0x02
     b8e:	fc 01       	movw	r30, r24
     b90:	80 81       	ld	r24, Z
     b92:	0e 94 3d 06 	call	0xc7a	; 0xc7a <USART_WriteHex>
D:/ALAIN/AT90USB/Projects/AT90USB/At90UsbMPLAB.X/src/usart_debug.c:84 (discriminator 1)
     b96:	89 81       	ldd	r24, Y+1	; 0x01
     b98:	9f ef       	ldi	r25, 0xFF	; 255
     b9a:	98 0f       	add	r25, r24
     b9c:	99 83       	std	Y+1, r25	; 0x01
     b9e:	88 23       	and	r24, r24
     ba0:	79 f7       	brne	.-34     	; 0xb80 <UsbDumpStringDescriptor+0x24>
D:/ALAIN/AT90USB/Projects/AT90USB/At90UsbMPLAB.X/src/usart_debug.c:85
  USART_NewLine();
     ba2:	0e 94 bc 06 	call	0xd78	; 0xd78 <USART_NewLine>
D:/ALAIN/AT90USB/Projects/AT90USB/At90UsbMPLAB.X/src/usart_debug.c:86
}
     ba6:	00 00       	nop
     ba8:	0f 90       	pop	r0
     baa:	0f 90       	pop	r0
     bac:	0f 90       	pop	r0
     bae:	df 91       	pop	r29
     bb0:	cf 91       	pop	r28
     bb2:	08 95       	ret

00000bb4 <UsbDumpSetupRequest>:
UsbDumpSetupRequest():
D:/ALAIN/AT90USB/Projects/AT90USB/At90UsbMPLAB.X/src/usart_debug.c:90

void
UsbDumpSetupRequest(USB_DeviceRequest *req)
{
     bb4:	cf 93       	push	r28
     bb6:	df 93       	push	r29
     bb8:	00 d0       	rcall	.+0      	; 0xbba <UsbDumpSetupRequest+0x6>
     bba:	cd b7       	in	r28, 0x3d	; 61
     bbc:	de b7       	in	r29, 0x3e	; 62
     bbe:	9a 83       	std	Y+2, r25	; 0x02
     bc0:	89 83       	std	Y+1, r24	; 0x01
D:/ALAIN/AT90USB/Projects/AT90USB/At90UsbMPLAB.X/src/usart_debug.c:91
  USART_WriteString("Setup Request:");
     bc2:	87 e7       	ldi	r24, 0x77	; 119
     bc4:	95 e0       	ldi	r25, 0x05	; 5
     bc6:	0e 94 9d 06 	call	0xd3a	; 0xd3a <USART_WriteString>
D:/ALAIN/AT90USB/Projects/AT90USB/At90UsbMPLAB.X/src/usart_debug.c:92
  USART_WriteString("  \r\nbmRequestType: "); USART_WriteHex(req->bmRequestType);
     bca:	86 e8       	ldi	r24, 0x86	; 134
     bcc:	95 e0       	ldi	r25, 0x05	; 5
     bce:	0e 94 9d 06 	call	0xd3a	; 0xd3a <USART_WriteString>
     bd2:	89 81       	ldd	r24, Y+1	; 0x01
     bd4:	9a 81       	ldd	r25, Y+2	; 0x02
     bd6:	fc 01       	movw	r30, r24
     bd8:	80 81       	ld	r24, Z
     bda:	0e 94 3d 06 	call	0xc7a	; 0xc7a <USART_WriteHex>
D:/ALAIN/AT90USB/Projects/AT90USB/At90UsbMPLAB.X/src/usart_debug.c:93
  USART_WriteString("  \r\nbRequest:      "); USART_WriteHex(req->bRequest);
     bde:	8a e9       	ldi	r24, 0x9A	; 154
     be0:	95 e0       	ldi	r25, 0x05	; 5
     be2:	0e 94 9d 06 	call	0xd3a	; 0xd3a <USART_WriteString>
     be6:	89 81       	ldd	r24, Y+1	; 0x01
     be8:	9a 81       	ldd	r25, Y+2	; 0x02
     bea:	fc 01       	movw	r30, r24
     bec:	81 81       	ldd	r24, Z+1	; 0x01
     bee:	0e 94 3d 06 	call	0xc7a	; 0xc7a <USART_WriteHex>
D:/ALAIN/AT90USB/Projects/AT90USB/At90UsbMPLAB.X/src/usart_debug.c:94
  USART_WriteString("  \r\nwValue:        "); USART_WriteHexW(req->wValue);
     bf2:	8e ea       	ldi	r24, 0xAE	; 174
     bf4:	95 e0       	ldi	r25, 0x05	; 5
     bf6:	0e 94 9d 06 	call	0xd3a	; 0xd3a <USART_WriteString>
     bfa:	89 81       	ldd	r24, Y+1	; 0x01
     bfc:	9a 81       	ldd	r25, Y+2	; 0x02
     bfe:	fc 01       	movw	r30, r24
     c00:	82 81       	ldd	r24, Z+2	; 0x02
     c02:	93 81       	ldd	r25, Z+3	; 0x03
     c04:	0e 94 84 06 	call	0xd08	; 0xd08 <USART_WriteHexW>
D:/ALAIN/AT90USB/Projects/AT90USB/At90UsbMPLAB.X/src/usart_debug.c:95
  USART_WriteString("  \r\nwIndex:        "); USART_WriteHexW(req->wIndex);
     c08:	82 ec       	ldi	r24, 0xC2	; 194
     c0a:	95 e0       	ldi	r25, 0x05	; 5
     c0c:	0e 94 9d 06 	call	0xd3a	; 0xd3a <USART_WriteString>
     c10:	89 81       	ldd	r24, Y+1	; 0x01
     c12:	9a 81       	ldd	r25, Y+2	; 0x02
     c14:	fc 01       	movw	r30, r24
     c16:	84 81       	ldd	r24, Z+4	; 0x04
     c18:	95 81       	ldd	r25, Z+5	; 0x05
     c1a:	0e 94 84 06 	call	0xd08	; 0xd08 <USART_WriteHexW>
D:/ALAIN/AT90USB/Projects/AT90USB/At90UsbMPLAB.X/src/usart_debug.c:96
  USART_WriteString("  \r\nwLength:       "); USART_WriteHexW(req->wLength);
     c1e:	86 ed       	ldi	r24, 0xD6	; 214
     c20:	95 e0       	ldi	r25, 0x05	; 5
     c22:	0e 94 9d 06 	call	0xd3a	; 0xd3a <USART_WriteString>
     c26:	89 81       	ldd	r24, Y+1	; 0x01
     c28:	9a 81       	ldd	r25, Y+2	; 0x02
     c2a:	fc 01       	movw	r30, r24
     c2c:	86 81       	ldd	r24, Z+6	; 0x06
     c2e:	97 81       	ldd	r25, Z+7	; 0x07
     c30:	0e 94 84 06 	call	0xd08	; 0xd08 <USART_WriteHexW>
D:/ALAIN/AT90USB/Projects/AT90USB/At90UsbMPLAB.X/src/usart_debug.c:97
  USART_NewLine();
     c34:	0e 94 bc 06 	call	0xd78	; 0xd78 <USART_NewLine>
D:/ALAIN/AT90USB/Projects/AT90USB/At90UsbMPLAB.X/src/usart_debug.c:98
}
     c38:	00 00       	nop
     c3a:	0f 90       	pop	r0
     c3c:	0f 90       	pop	r0
     c3e:	df 91       	pop	r29
     c40:	cf 91       	pop	r28
     c42:	08 95       	ret

00000c44 <USART_WriteChar>:
USART_WriteChar():
D:/ALAIN/AT90USB/Projects/AT90USB/At90UsbMPLAB.X/src/usart_drv.c:29
  UCSR1B = (1<<TXEN1);
}

void
USART_WriteChar(char c)
{
     c44:	cf 93       	push	r28
     c46:	df 93       	push	r29
     c48:	1f 92       	push	r1
     c4a:	cd b7       	in	r28, 0x3d	; 61
     c4c:	de b7       	in	r29, 0x3e	; 62
     c4e:	89 83       	std	Y+1, r24	; 0x01
D:/ALAIN/AT90USB/Projects/AT90USB/At90UsbMPLAB.X/src/usart_drv.c:30
  Wait_USART_Ready();
     c50:	00 00       	nop
D:/ALAIN/AT90USB/Projects/AT90USB/At90UsbMPLAB.X/src/usart_drv.c:30 (discriminator 1)
     c52:	88 ec       	ldi	r24, 0xC8	; 200
     c54:	90 e0       	ldi	r25, 0x00	; 0
     c56:	fc 01       	movw	r30, r24
     c58:	80 81       	ld	r24, Z
     c5a:	88 2f       	mov	r24, r24
     c5c:	90 e0       	ldi	r25, 0x00	; 0
     c5e:	80 72       	andi	r24, 0x20	; 32
     c60:	99 27       	eor	r25, r25
     c62:	89 2b       	or	r24, r25
     c64:	b1 f3       	breq	.-20     	; 0xc52 <USART_WriteChar+0xe>
D:/ALAIN/AT90USB/Projects/AT90USB/At90UsbMPLAB.X/src/usart_drv.c:31
  UDR1 = c;
     c66:	8e ec       	ldi	r24, 0xCE	; 206
     c68:	90 e0       	ldi	r25, 0x00	; 0
     c6a:	29 81       	ldd	r18, Y+1	; 0x01
     c6c:	fc 01       	movw	r30, r24
     c6e:	20 83       	st	Z, r18
D:/ALAIN/AT90USB/Projects/AT90USB/At90UsbMPLAB.X/src/usart_drv.c:32
}
     c70:	00 00       	nop
     c72:	0f 90       	pop	r0
     c74:	df 91       	pop	r29
     c76:	cf 91       	pop	r28
     c78:	08 95       	ret

00000c7a <USART_WriteHex>:
USART_WriteHex():
D:/ALAIN/AT90USB/Projects/AT90USB/At90UsbMPLAB.X/src/usart_drv.c:36

void
USART_WriteHex(unsigned char c)
{
     c7a:	cf 93       	push	r28
     c7c:	df 93       	push	r29
     c7e:	00 d0       	rcall	.+0      	; 0xc80 <USART_WriteHex+0x6>
     c80:	cd b7       	in	r28, 0x3d	; 61
     c82:	de b7       	in	r29, 0x3e	; 62
     c84:	8a 83       	std	Y+2, r24	; 0x02
D:/ALAIN/AT90USB/Projects/AT90USB/At90UsbMPLAB.X/src/usart_drv.c:38
  unsigned char nibble;
  nibble = (c >> 4);
     c86:	8a 81       	ldd	r24, Y+2	; 0x02
     c88:	82 95       	swap	r24
     c8a:	8f 70       	andi	r24, 0x0F	; 15
     c8c:	89 83       	std	Y+1, r24	; 0x01
D:/ALAIN/AT90USB/Projects/AT90USB/At90UsbMPLAB.X/src/usart_drv.c:39
  if (nibble < 10) nibble += '0'; else nibble += ('A'-10);
     c8e:	89 81       	ldd	r24, Y+1	; 0x01
     c90:	8a 30       	cpi	r24, 0x0A	; 10
     c92:	20 f4       	brcc	.+8      	; 0xc9c <USART_WriteHex+0x22>
D:/ALAIN/AT90USB/Projects/AT90USB/At90UsbMPLAB.X/src/usart_drv.c:39 (discriminator 1)
     c94:	89 81       	ldd	r24, Y+1	; 0x01
     c96:	80 5d       	subi	r24, 0xD0	; 208
     c98:	89 83       	std	Y+1, r24	; 0x01
     c9a:	03 c0       	rjmp	.+6      	; 0xca2 <USART_WriteHex+0x28>
D:/ALAIN/AT90USB/Projects/AT90USB/At90UsbMPLAB.X/src/usart_drv.c:39 (discriminator 2)
     c9c:	89 81       	ldd	r24, Y+1	; 0x01
     c9e:	89 5c       	subi	r24, 0xC9	; 201
     ca0:	89 83       	std	Y+1, r24	; 0x01
D:/ALAIN/AT90USB/Projects/AT90USB/At90UsbMPLAB.X/src/usart_drv.c:40
  Wait_USART_Ready();
     ca2:	00 00       	nop
D:/ALAIN/AT90USB/Projects/AT90USB/At90UsbMPLAB.X/src/usart_drv.c:40 (discriminator 1)
     ca4:	88 ec       	ldi	r24, 0xC8	; 200
     ca6:	90 e0       	ldi	r25, 0x00	; 0
     ca8:	fc 01       	movw	r30, r24
     caa:	80 81       	ld	r24, Z
     cac:	88 2f       	mov	r24, r24
     cae:	90 e0       	ldi	r25, 0x00	; 0
     cb0:	80 72       	andi	r24, 0x20	; 32
     cb2:	99 27       	eor	r25, r25
     cb4:	89 2b       	or	r24, r25
     cb6:	b1 f3       	breq	.-20     	; 0xca4 <USART_WriteHex+0x2a>
D:/ALAIN/AT90USB/Projects/AT90USB/At90UsbMPLAB.X/src/usart_drv.c:41
  UDR1 = nibble;
     cb8:	8e ec       	ldi	r24, 0xCE	; 206
     cba:	90 e0       	ldi	r25, 0x00	; 0
     cbc:	29 81       	ldd	r18, Y+1	; 0x01
     cbe:	fc 01       	movw	r30, r24
     cc0:	20 83       	st	Z, r18
D:/ALAIN/AT90USB/Projects/AT90USB/At90UsbMPLAB.X/src/usart_drv.c:42
  nibble = (c & 0x0F);
     cc2:	8a 81       	ldd	r24, Y+2	; 0x02
     cc4:	8f 70       	andi	r24, 0x0F	; 15
     cc6:	89 83       	std	Y+1, r24	; 0x01
D:/ALAIN/AT90USB/Projects/AT90USB/At90UsbMPLAB.X/src/usart_drv.c:43
  if (nibble < 10) nibble += '0'; else nibble += ('A'-10);
     cc8:	89 81       	ldd	r24, Y+1	; 0x01
     cca:	8a 30       	cpi	r24, 0x0A	; 10
     ccc:	20 f4       	brcc	.+8      	; 0xcd6 <USART_WriteHex+0x5c>
D:/ALAIN/AT90USB/Projects/AT90USB/At90UsbMPLAB.X/src/usart_drv.c:43 (discriminator 1)
     cce:	89 81       	ldd	r24, Y+1	; 0x01
     cd0:	80 5d       	subi	r24, 0xD0	; 208
     cd2:	89 83       	std	Y+1, r24	; 0x01
     cd4:	03 c0       	rjmp	.+6      	; 0xcdc <USART_WriteHex+0x62>
D:/ALAIN/AT90USB/Projects/AT90USB/At90UsbMPLAB.X/src/usart_drv.c:43 (discriminator 2)
     cd6:	89 81       	ldd	r24, Y+1	; 0x01
     cd8:	89 5c       	subi	r24, 0xC9	; 201
     cda:	89 83       	std	Y+1, r24	; 0x01
D:/ALAIN/AT90USB/Projects/AT90USB/At90UsbMPLAB.X/src/usart_drv.c:44
  Wait_USART_Ready();
     cdc:	00 00       	nop
D:/ALAIN/AT90USB/Projects/AT90USB/At90UsbMPLAB.X/src/usart_drv.c:44 (discriminator 1)
     cde:	88 ec       	ldi	r24, 0xC8	; 200
     ce0:	90 e0       	ldi	r25, 0x00	; 0
     ce2:	fc 01       	movw	r30, r24
     ce4:	80 81       	ld	r24, Z
     ce6:	88 2f       	mov	r24, r24
     ce8:	90 e0       	ldi	r25, 0x00	; 0
     cea:	80 72       	andi	r24, 0x20	; 32
     cec:	99 27       	eor	r25, r25
     cee:	89 2b       	or	r24, r25
     cf0:	b1 f3       	breq	.-20     	; 0xcde <USART_WriteHex+0x64>
D:/ALAIN/AT90USB/Projects/AT90USB/At90UsbMPLAB.X/src/usart_drv.c:45
  UDR1 = nibble;
     cf2:	8e ec       	ldi	r24, 0xCE	; 206
     cf4:	90 e0       	ldi	r25, 0x00	; 0
     cf6:	29 81       	ldd	r18, Y+1	; 0x01
     cf8:	fc 01       	movw	r30, r24
     cfa:	20 83       	st	Z, r18
D:/ALAIN/AT90USB/Projects/AT90USB/At90UsbMPLAB.X/src/usart_drv.c:46
}
     cfc:	00 00       	nop
     cfe:	0f 90       	pop	r0
     d00:	0f 90       	pop	r0
     d02:	df 91       	pop	r29
     d04:	cf 91       	pop	r28
     d06:	08 95       	ret

00000d08 <USART_WriteHexW>:
USART_WriteHexW():
D:/ALAIN/AT90USB/Projects/AT90USB/At90UsbMPLAB.X/src/usart_drv.c:50

void
USART_WriteHexW(uint16_t w)
{
     d08:	cf 93       	push	r28
     d0a:	df 93       	push	r29
     d0c:	00 d0       	rcall	.+0      	; 0xd0e <USART_WriteHexW+0x6>
     d0e:	cd b7       	in	r28, 0x3d	; 61
     d10:	de b7       	in	r29, 0x3e	; 62
     d12:	9a 83       	std	Y+2, r25	; 0x02
     d14:	89 83       	std	Y+1, r24	; 0x01
D:/ALAIN/AT90USB/Projects/AT90USB/At90UsbMPLAB.X/src/usart_drv.c:51
  USART_WriteHex(MSB(w));
     d16:	ce 01       	movw	r24, r28
     d18:	02 96       	adiw	r24, 0x02	; 2
     d1a:	fc 01       	movw	r30, r24
     d1c:	80 81       	ld	r24, Z
     d1e:	0e 94 3d 06 	call	0xc7a	; 0xc7a <USART_WriteHex>
D:/ALAIN/AT90USB/Projects/AT90USB/At90UsbMPLAB.X/src/usart_drv.c:52
  USART_WriteHex(LSB(w));
     d22:	ce 01       	movw	r24, r28
     d24:	01 96       	adiw	r24, 0x01	; 1
     d26:	fc 01       	movw	r30, r24
     d28:	80 81       	ld	r24, Z
     d2a:	0e 94 3d 06 	call	0xc7a	; 0xc7a <USART_WriteHex>
D:/ALAIN/AT90USB/Projects/AT90USB/At90UsbMPLAB.X/src/usart_drv.c:53
}
     d2e:	00 00       	nop
     d30:	0f 90       	pop	r0
     d32:	0f 90       	pop	r0
     d34:	df 91       	pop	r29
     d36:	cf 91       	pop	r28
     d38:	08 95       	ret

00000d3a <USART_WriteString>:
USART_WriteString():
D:/ALAIN/AT90USB/Projects/AT90USB/At90UsbMPLAB.X/src/usart_drv.c:57

void
USART_WriteString(char *s)
{
     d3a:	cf 93       	push	r28
     d3c:	df 93       	push	r29
     d3e:	00 d0       	rcall	.+0      	; 0xd40 <USART_WriteString+0x6>
     d40:	cd b7       	in	r28, 0x3d	; 61
     d42:	de b7       	in	r29, 0x3e	; 62
     d44:	9a 83       	std	Y+2, r25	; 0x02
     d46:	89 83       	std	Y+1, r24	; 0x01
D:/ALAIN/AT90USB/Projects/AT90USB/At90UsbMPLAB.X/src/usart_drv.c:58
  while (*s) USART_WriteChar(*s++);
     d48:	0b c0       	rjmp	.+22     	; 0xd60 <USART_WriteString+0x26>
D:/ALAIN/AT90USB/Projects/AT90USB/At90UsbMPLAB.X/src/usart_drv.c:58 (discriminator 2)
     d4a:	89 81       	ldd	r24, Y+1	; 0x01
     d4c:	9a 81       	ldd	r25, Y+2	; 0x02
     d4e:	9c 01       	movw	r18, r24
     d50:	2f 5f       	subi	r18, 0xFF	; 255
     d52:	3f 4f       	sbci	r19, 0xFF	; 255
     d54:	3a 83       	std	Y+2, r19	; 0x02
     d56:	29 83       	std	Y+1, r18	; 0x01
     d58:	fc 01       	movw	r30, r24
     d5a:	80 81       	ld	r24, Z
     d5c:	0e 94 22 06 	call	0xc44	; 0xc44 <USART_WriteChar>
D:/ALAIN/AT90USB/Projects/AT90USB/At90UsbMPLAB.X/src/usart_drv.c:58 (discriminator 1)
     d60:	89 81       	ldd	r24, Y+1	; 0x01
     d62:	9a 81       	ldd	r25, Y+2	; 0x02
     d64:	fc 01       	movw	r30, r24
     d66:	80 81       	ld	r24, Z
     d68:	88 23       	and	r24, r24
     d6a:	79 f7       	brne	.-34     	; 0xd4a <USART_WriteString+0x10>
D:/ALAIN/AT90USB/Projects/AT90USB/At90UsbMPLAB.X/src/usart_drv.c:59
}
     d6c:	00 00       	nop
     d6e:	0f 90       	pop	r0
     d70:	0f 90       	pop	r0
     d72:	df 91       	pop	r29
     d74:	cf 91       	pop	r28
     d76:	08 95       	ret

00000d78 <USART_NewLine>:
USART_NewLine():
D:/ALAIN/AT90USB/Projects/AT90USB/At90UsbMPLAB.X/src/usart_drv.c:63

void
USART_NewLine(void)
{
     d78:	cf 93       	push	r28
     d7a:	df 93       	push	r29
     d7c:	cd b7       	in	r28, 0x3d	; 61
     d7e:	de b7       	in	r29, 0x3e	; 62
D:/ALAIN/AT90USB/Projects/AT90USB/At90UsbMPLAB.X/src/usart_drv.c:64
  Wait_USART_Ready();
     d80:	00 00       	nop
D:/ALAIN/AT90USB/Projects/AT90USB/At90UsbMPLAB.X/src/usart_drv.c:64 (discriminator 1)
     d82:	88 ec       	ldi	r24, 0xC8	; 200
     d84:	90 e0       	ldi	r25, 0x00	; 0
     d86:	fc 01       	movw	r30, r24
     d88:	80 81       	ld	r24, Z
     d8a:	88 2f       	mov	r24, r24
     d8c:	90 e0       	ldi	r25, 0x00	; 0
     d8e:	80 72       	andi	r24, 0x20	; 32
     d90:	99 27       	eor	r25, r25
     d92:	89 2b       	or	r24, r25
     d94:	b1 f3       	breq	.-20     	; 0xd82 <USART_NewLine+0xa>
D:/ALAIN/AT90USB/Projects/AT90USB/At90UsbMPLAB.X/src/usart_drv.c:65
  UDR1 = '\r';
     d96:	8e ec       	ldi	r24, 0xCE	; 206
     d98:	90 e0       	ldi	r25, 0x00	; 0
     d9a:	2d e0       	ldi	r18, 0x0D	; 13
     d9c:	fc 01       	movw	r30, r24
     d9e:	20 83       	st	Z, r18
D:/ALAIN/AT90USB/Projects/AT90USB/At90UsbMPLAB.X/src/usart_drv.c:66
  Wait_USART_Ready();
     da0:	00 00       	nop
D:/ALAIN/AT90USB/Projects/AT90USB/At90UsbMPLAB.X/src/usart_drv.c:66 (discriminator 1)
     da2:	88 ec       	ldi	r24, 0xC8	; 200
     da4:	90 e0       	ldi	r25, 0x00	; 0
     da6:	fc 01       	movw	r30, r24
     da8:	80 81       	ld	r24, Z
     daa:	88 2f       	mov	r24, r24
     dac:	90 e0       	ldi	r25, 0x00	; 0
     dae:	80 72       	andi	r24, 0x20	; 32
     db0:	99 27       	eor	r25, r25
     db2:	89 2b       	or	r24, r25
     db4:	b1 f3       	breq	.-20     	; 0xda2 <USART_NewLine+0x2a>
D:/ALAIN/AT90USB/Projects/AT90USB/At90UsbMPLAB.X/src/usart_drv.c:67
  UDR1 = '\n';
     db6:	8e ec       	ldi	r24, 0xCE	; 206
     db8:	90 e0       	ldi	r25, 0x00	; 0
     dba:	2a e0       	ldi	r18, 0x0A	; 10
     dbc:	fc 01       	movw	r30, r24
     dbe:	20 83       	st	Z, r18
D:/ALAIN/AT90USB/Projects/AT90USB/At90UsbMPLAB.X/src/usart_drv.c:68
}
     dc0:	00 00       	nop
     dc2:	df 91       	pop	r29
     dc4:	cf 91       	pop	r28
     dc6:	08 95       	ret

00000dc8 <UsbGetDeviceDescriptor>:
UsbGetDeviceDescriptor():
D:/ALAIN/AT90USB/Projects/AT90USB/At90UsbMPLAB.X/src/usb_api.c:74
static void UsbDevDisableAndFreeEndpoint(uint8_t i);
static void UsbDevSetUnconfiguredState(void);

void
UsbGetDeviceDescriptor(USB_DeviceDescriptor *d)
{
     dc8:	cf 93       	push	r28
     dca:	df 93       	push	r29
     dcc:	00 d0       	rcall	.+0      	; 0xdce <UsbGetDeviceDescriptor+0x6>
     dce:	cd b7       	in	r28, 0x3d	; 61
     dd0:	de b7       	in	r29, 0x3e	; 62
     dd2:	9a 83       	std	Y+2, r25	; 0x02
     dd4:	89 83       	std	Y+1, r24	; 0x01
D:/ALAIN/AT90USB/Projects/AT90USB/At90UsbMPLAB.X/src/usb_api.c:75
  d->bLength = USB_DeviceDescriptorLength;
     dd6:	89 81       	ldd	r24, Y+1	; 0x01
     dd8:	9a 81       	ldd	r25, Y+2	; 0x02
     dda:	22 e1       	ldi	r18, 0x12	; 18
     ddc:	fc 01       	movw	r30, r24
     dde:	20 83       	st	Z, r18
D:/ALAIN/AT90USB/Projects/AT90USB/At90UsbMPLAB.X/src/usb_api.c:76
  d->bDescriptorType = USB_DeviceDescriptorType;
     de0:	89 81       	ldd	r24, Y+1	; 0x01
     de2:	9a 81       	ldd	r25, Y+2	; 0x02
     de4:	21 e0       	ldi	r18, 0x01	; 1
     de6:	fc 01       	movw	r30, r24
     de8:	21 83       	std	Z+1, r18	; 0x01
D:/ALAIN/AT90USB/Projects/AT90USB/At90UsbMPLAB.X/src/usb_api.c:77
  d->bcdUSB = USB_Spec1_1;
     dea:	89 81       	ldd	r24, Y+1	; 0x01
     dec:	9a 81       	ldd	r25, Y+2	; 0x02
     dee:	20 e1       	ldi	r18, 0x10	; 16
     df0:	31 e0       	ldi	r19, 0x01	; 1
     df2:	fc 01       	movw	r30, r24
     df4:	33 83       	std	Z+3, r19	; 0x03
     df6:	22 83       	std	Z+2, r18	; 0x02
D:/ALAIN/AT90USB/Projects/AT90USB/At90UsbMPLAB.X/src/usb_api.c:78
  d->bDeviceClass = UsbNoDeviceClass;
     df8:	89 81       	ldd	r24, Y+1	; 0x01
     dfa:	9a 81       	ldd	r25, Y+2	; 0x02
     dfc:	2f ef       	ldi	r18, 0xFF	; 255
     dfe:	fc 01       	movw	r30, r24
     e00:	24 83       	std	Z+4, r18	; 0x04
D:/ALAIN/AT90USB/Projects/AT90USB/At90UsbMPLAB.X/src/usb_api.c:79
  d->bDeviceSubClass = UsbNoDeviceSubClass;
     e02:	89 81       	ldd	r24, Y+1	; 0x01
     e04:	9a 81       	ldd	r25, Y+2	; 0x02
     e06:	2f ef       	ldi	r18, 0xFF	; 255
     e08:	fc 01       	movw	r30, r24
     e0a:	25 83       	std	Z+5, r18	; 0x05
D:/ALAIN/AT90USB/Projects/AT90USB/At90UsbMPLAB.X/src/usb_api.c:80
  d->bDeviceProtocoll = UsbNoDeviceProtokoll;
     e0c:	89 81       	ldd	r24, Y+1	; 0x01
     e0e:	9a 81       	ldd	r25, Y+2	; 0x02
     e10:	2f ef       	ldi	r18, 0xFF	; 255
     e12:	fc 01       	movw	r30, r24
     e14:	26 83       	std	Z+6, r18	; 0x06
D:/ALAIN/AT90USB/Projects/AT90USB/At90UsbMPLAB.X/src/usb_api.c:81
  d->bMaxPacketSize0 = EP0_FIFO_Size;
     e16:	89 81       	ldd	r24, Y+1	; 0x01
     e18:	9a 81       	ldd	r25, Y+2	; 0x02
     e1a:	28 e0       	ldi	r18, 0x08	; 8
     e1c:	fc 01       	movw	r30, r24
     e1e:	27 83       	std	Z+7, r18	; 0x07
D:/ALAIN/AT90USB/Projects/AT90USB/At90UsbMPLAB.X/src/usb_api.c:82
  d->idVendor = MyUSB_VendorID;
     e20:	89 81       	ldd	r24, Y+1	; 0x01
     e22:	9a 81       	ldd	r25, Y+2	; 0x02
     e24:	2b ee       	ldi	r18, 0xEB	; 235
     e26:	33 e0       	ldi	r19, 0x03	; 3
     e28:	fc 01       	movw	r30, r24
     e2a:	31 87       	std	Z+9, r19	; 0x09
     e2c:	20 87       	std	Z+8, r18	; 0x08
D:/ALAIN/AT90USB/Projects/AT90USB/At90UsbMPLAB.X/src/usb_api.c:83
  d->idProduct = MyUSB_ProductID;
     e2e:	89 81       	ldd	r24, Y+1	; 0x01
     e30:	9a 81       	ldd	r25, Y+2	; 0x02
     e32:	21 e0       	ldi	r18, 0x01	; 1
     e34:	30 e0       	ldi	r19, 0x00	; 0
     e36:	fc 01       	movw	r30, r24
     e38:	33 87       	std	Z+11, r19	; 0x0b
     e3a:	22 87       	std	Z+10, r18	; 0x0a
D:/ALAIN/AT90USB/Projects/AT90USB/At90UsbMPLAB.X/src/usb_api.c:84
  d->bcdDevice = MyUSB_DeviceBCD;
     e3c:	89 81       	ldd	r24, Y+1	; 0x01
     e3e:	9a 81       	ldd	r25, Y+2	; 0x02
     e40:	21 e0       	ldi	r18, 0x01	; 1
     e42:	30 e0       	ldi	r19, 0x00	; 0
     e44:	fc 01       	movw	r30, r24
     e46:	35 87       	std	Z+13, r19	; 0x0d
     e48:	24 87       	std	Z+12, r18	; 0x0c
D:/ALAIN/AT90USB/Projects/AT90USB/At90UsbMPLAB.X/src/usb_api.c:85
  d->iManufacturer = USB_ManufacturerStringIndex;
     e4a:	89 81       	ldd	r24, Y+1	; 0x01
     e4c:	9a 81       	ldd	r25, Y+2	; 0x02
     e4e:	21 e0       	ldi	r18, 0x01	; 1
     e50:	fc 01       	movw	r30, r24
     e52:	26 87       	std	Z+14, r18	; 0x0e
D:/ALAIN/AT90USB/Projects/AT90USB/At90UsbMPLAB.X/src/usb_api.c:86
  d->iProduct = USB_ProductStringIndex;
     e54:	89 81       	ldd	r24, Y+1	; 0x01
     e56:	9a 81       	ldd	r25, Y+2	; 0x02
     e58:	22 e0       	ldi	r18, 0x02	; 2
     e5a:	fc 01       	movw	r30, r24
     e5c:	27 87       	std	Z+15, r18	; 0x0f
D:/ALAIN/AT90USB/Projects/AT90USB/At90UsbMPLAB.X/src/usb_api.c:87
  d->iSerialNumber = USB_SerialNumberStringIndex;
     e5e:	89 81       	ldd	r24, Y+1	; 0x01
     e60:	9a 81       	ldd	r25, Y+2	; 0x02
     e62:	23 e0       	ldi	r18, 0x03	; 3
     e64:	fc 01       	movw	r30, r24
     e66:	20 8b       	std	Z+16, r18	; 0x10
D:/ALAIN/AT90USB/Projects/AT90USB/At90UsbMPLAB.X/src/usb_api.c:88
  d->bNumConfigurations = USB_NumConfigurations;
     e68:	89 81       	ldd	r24, Y+1	; 0x01
     e6a:	9a 81       	ldd	r25, Y+2	; 0x02
     e6c:	21 e0       	ldi	r18, 0x01	; 1
     e6e:	fc 01       	movw	r30, r24
     e70:	21 8b       	std	Z+17, r18	; 0x11
D:/ALAIN/AT90USB/Projects/AT90USB/At90UsbMPLAB.X/src/usb_api.c:89
}
     e72:	00 00       	nop
     e74:	0f 90       	pop	r0
     e76:	0f 90       	pop	r0
     e78:	df 91       	pop	r29
     e7a:	cf 91       	pop	r28
     e7c:	08 95       	ret

00000e7e <UsbGetConfigurationDescriptor>:
UsbGetConfigurationDescriptor():
D:/ALAIN/AT90USB/Projects/AT90USB/At90UsbMPLAB.X/src/usb_api.c:92

bool UsbGetConfigurationDescriptor(USB_ConfigurationDescriptor *c, uint8_t confIndex)
{
     e7e:	cf 93       	push	r28
     e80:	df 93       	push	r29
     e82:	00 d0       	rcall	.+0      	; 0xe84 <UsbGetConfigurationDescriptor+0x6>
     e84:	00 d0       	rcall	.+0      	; 0xe86 <UsbGetConfigurationDescriptor+0x8>
     e86:	cd b7       	in	r28, 0x3d	; 61
     e88:	de b7       	in	r29, 0x3e	; 62
     e8a:	9b 83       	std	Y+3, r25	; 0x03
     e8c:	8a 83       	std	Y+2, r24	; 0x02
     e8e:	6c 83       	std	Y+4, r22	; 0x04
D:/ALAIN/AT90USB/Projects/AT90USB/At90UsbMPLAB.X/src/usb_api.c:94
  uint8_t i;
  if (confIndex >= USB_NumConfigurations) return false; 
     e90:	8c 81       	ldd	r24, Y+4	; 0x04
     e92:	88 23       	and	r24, r24
     e94:	11 f0       	breq	.+4      	; 0xe9a <UsbGetConfigurationDescriptor+0x1c>
D:/ALAIN/AT90USB/Projects/AT90USB/At90UsbMPLAB.X/src/usb_api.c:94 (discriminator 1)
     e96:	80 e0       	ldi	r24, 0x00	; 0
     e98:	87 c0       	rjmp	.+270    	; 0xfa8 <UsbGetConfigurationDescriptor+0x12a>
D:/ALAIN/AT90USB/Projects/AT90USB/At90UsbMPLAB.X/src/usb_api.c:95
  c->bLength = USB_ConfigurationDescriptorLength;
     e9a:	8a 81       	ldd	r24, Y+2	; 0x02
     e9c:	9b 81       	ldd	r25, Y+3	; 0x03
     e9e:	29 e0       	ldi	r18, 0x09	; 9
     ea0:	fc 01       	movw	r30, r24
     ea2:	20 83       	st	Z, r18
D:/ALAIN/AT90USB/Projects/AT90USB/At90UsbMPLAB.X/src/usb_api.c:96
  c->bDescriptorType = USB_ConfigurationDescriptorType;
     ea4:	8a 81       	ldd	r24, Y+2	; 0x02
     ea6:	9b 81       	ldd	r25, Y+3	; 0x03
     ea8:	22 e0       	ldi	r18, 0x02	; 2
     eaa:	fc 01       	movw	r30, r24
     eac:	21 83       	std	Z+1, r18	; 0x01
D:/ALAIN/AT90USB/Projects/AT90USB/At90UsbMPLAB.X/src/usb_api.c:97
  c->wTotalLength = USB_ConfigurationDescriptorLength;
     eae:	8a 81       	ldd	r24, Y+2	; 0x02
     eb0:	9b 81       	ldd	r25, Y+3	; 0x03
     eb2:	29 e0       	ldi	r18, 0x09	; 9
     eb4:	30 e0       	ldi	r19, 0x00	; 0
     eb6:	fc 01       	movw	r30, r24
     eb8:	33 83       	std	Z+3, r19	; 0x03
     eba:	22 83       	std	Z+2, r18	; 0x02
D:/ALAIN/AT90USB/Projects/AT90USB/At90UsbMPLAB.X/src/usb_api.c:98
  i = USB_Interfaces[confIndex];
     ebc:	8c 81       	ldd	r24, Y+4	; 0x04
     ebe:	88 2f       	mov	r24, r24
     ec0:	90 e0       	ldi	r25, 0x00	; 0
     ec2:	8e 5f       	subi	r24, 0xFE	; 254
     ec4:	9a 4e       	sbci	r25, 0xEA	; 234
     ec6:	fc 01       	movw	r30, r24
     ec8:	80 81       	ld	r24, Z
     eca:	89 83       	std	Y+1, r24	; 0x01
D:/ALAIN/AT90USB/Projects/AT90USB/At90UsbMPLAB.X/src/usb_api.c:99
  c->bNumInterfaces = i;
     ecc:	8a 81       	ldd	r24, Y+2	; 0x02
     ece:	9b 81       	ldd	r25, Y+3	; 0x03
     ed0:	29 81       	ldd	r18, Y+1	; 0x01
     ed2:	fc 01       	movw	r30, r24
     ed4:	24 83       	std	Z+4, r18	; 0x04
D:/ALAIN/AT90USB/Projects/AT90USB/At90UsbMPLAB.X/src/usb_api.c:100
  while (i-- > 0)
     ed6:	45 c0       	rjmp	.+138    	; 0xf62 <UsbGetConfigurationDescriptor+0xe4>
D:/ALAIN/AT90USB/Projects/AT90USB/At90UsbMPLAB.X/src/usb_api.c:101
    c->wTotalLength += (USB_InterfaceDescriptorLength+USB_EndpointDescriptorLength*USB_Endpoints[confIndex][i])*USB_AltSettings[confIndex][i];
     ed8:	8a 81       	ldd	r24, Y+2	; 0x02
     eda:	9b 81       	ldd	r25, Y+3	; 0x03
     edc:	fc 01       	movw	r30, r24
     ede:	42 81       	ldd	r20, Z+2	; 0x02
     ee0:	53 81       	ldd	r21, Z+3	; 0x03
     ee2:	8c 81       	ldd	r24, Y+4	; 0x04
     ee4:	28 2f       	mov	r18, r24
     ee6:	30 e0       	ldi	r19, 0x00	; 0
     ee8:	89 81       	ldd	r24, Y+1	; 0x01
     eea:	88 2f       	mov	r24, r24
     eec:	90 e0       	ldi	r25, 0x00	; 0
     eee:	22 0f       	add	r18, r18
     ef0:	33 1f       	adc	r19, r19
     ef2:	22 0f       	add	r18, r18
     ef4:	33 1f       	adc	r19, r19
     ef6:	82 0f       	add	r24, r18
     ef8:	93 1f       	adc	r25, r19
     efa:	86 5e       	subi	r24, 0xE6	; 230
     efc:	9a 4e       	sbci	r25, 0xEA	; 234
     efe:	fc 01       	movw	r30, r24
     f00:	80 81       	ld	r24, Z
     f02:	28 2f       	mov	r18, r24
     f04:	30 e0       	ldi	r19, 0x00	; 0
     f06:	c9 01       	movw	r24, r18
     f08:	88 0f       	add	r24, r24
     f0a:	99 1f       	adc	r25, r25
     f0c:	88 0f       	add	r24, r24
     f0e:	99 1f       	adc	r25, r25
     f10:	88 0f       	add	r24, r24
     f12:	99 1f       	adc	r25, r25
     f14:	82 1b       	sub	r24, r18
     f16:	93 0b       	sbc	r25, r19
     f18:	9c 01       	movw	r18, r24
     f1a:	27 5f       	subi	r18, 0xF7	; 247
     f1c:	3f 4f       	sbci	r19, 0xFF	; 255
     f1e:	8c 81       	ldd	r24, Y+4	; 0x04
     f20:	68 2f       	mov	r22, r24
     f22:	70 e0       	ldi	r23, 0x00	; 0
     f24:	89 81       	ldd	r24, Y+1	; 0x01
     f26:	88 2f       	mov	r24, r24
     f28:	90 e0       	ldi	r25, 0x00	; 0
     f2a:	66 0f       	add	r22, r22
     f2c:	77 1f       	adc	r23, r23
     f2e:	66 0f       	add	r22, r22
     f30:	77 1f       	adc	r23, r23
     f32:	86 0f       	add	r24, r22
     f34:	97 1f       	adc	r25, r23
     f36:	86 5f       	subi	r24, 0xF6	; 246
     f38:	9a 4e       	sbci	r25, 0xEA	; 234
     f3a:	fc 01       	movw	r30, r24
     f3c:	80 81       	ld	r24, Z
     f3e:	88 2f       	mov	r24, r24
     f40:	90 e0       	ldi	r25, 0x00	; 0
     f42:	28 9f       	mul	r18, r24
     f44:	b0 01       	movw	r22, r0
     f46:	29 9f       	mul	r18, r25
     f48:	70 0d       	add	r23, r0
     f4a:	38 9f       	mul	r19, r24
     f4c:	70 0d       	add	r23, r0
     f4e:	11 24       	eor	r1, r1
     f50:	cb 01       	movw	r24, r22
     f52:	9a 01       	movw	r18, r20
     f54:	28 0f       	add	r18, r24
     f56:	39 1f       	adc	r19, r25
     f58:	8a 81       	ldd	r24, Y+2	; 0x02
     f5a:	9b 81       	ldd	r25, Y+3	; 0x03
     f5c:	fc 01       	movw	r30, r24
     f5e:	33 83       	std	Z+3, r19	; 0x03
     f60:	22 83       	std	Z+2, r18	; 0x02
D:/ALAIN/AT90USB/Projects/AT90USB/At90UsbMPLAB.X/src/usb_api.c:100
  c->bLength = USB_ConfigurationDescriptorLength;
  c->bDescriptorType = USB_ConfigurationDescriptorType;
  c->wTotalLength = USB_ConfigurationDescriptorLength;
  i = USB_Interfaces[confIndex];
  c->bNumInterfaces = i;
  while (i-- > 0)
     f62:	89 81       	ldd	r24, Y+1	; 0x01
     f64:	9f ef       	ldi	r25, 0xFF	; 255
     f66:	98 0f       	add	r25, r24
     f68:	99 83       	std	Y+1, r25	; 0x01
     f6a:	88 23       	and	r24, r24
     f6c:	09 f0       	breq	.+2      	; 0xf70 <UsbGetConfigurationDescriptor+0xf2>
     f6e:	b4 cf       	rjmp	.-152    	; 0xed8 <UsbGetConfigurationDescriptor+0x5a>
D:/ALAIN/AT90USB/Projects/AT90USB/At90UsbMPLAB.X/src/usb_api.c:102
    c->wTotalLength += (USB_InterfaceDescriptorLength+USB_EndpointDescriptorLength*USB_Endpoints[confIndex][i])*USB_AltSettings[confIndex][i];
  c->bConfigurationValue = UsbConfigurationValue(confIndex);
     f70:	8c 81       	ldd	r24, Y+4	; 0x04
     f72:	21 e0       	ldi	r18, 0x01	; 1
     f74:	28 0f       	add	r18, r24
     f76:	8a 81       	ldd	r24, Y+2	; 0x02
     f78:	9b 81       	ldd	r25, Y+3	; 0x03
     f7a:	fc 01       	movw	r30, r24
     f7c:	25 83       	std	Z+5, r18	; 0x05
D:/ALAIN/AT90USB/Projects/AT90USB/At90UsbMPLAB.X/src/usb_api.c:103
  c->iConfiguration = UsbNoDescriptionString; // no textual configuration description
     f7e:	8a 81       	ldd	r24, Y+2	; 0x02
     f80:	9b 81       	ldd	r25, Y+3	; 0x03
     f82:	fc 01       	movw	r30, r24
     f84:	16 82       	std	Z+6, r1	; 0x06
D:/ALAIN/AT90USB/Projects/AT90USB/At90UsbMPLAB.X/src/usb_api.c:104
  c->bmAttributes = UsbConfDesAttrBusPowered; // bus-powered, no remote wakeup
     f86:	8a 81       	ldd	r24, Y+2	; 0x02
     f88:	9b 81       	ldd	r25, Y+3	; 0x03
     f8a:	20 e8       	ldi	r18, 0x80	; 128
     f8c:	fc 01       	movw	r30, r24
     f8e:	27 83       	std	Z+7, r18	; 0x07
D:/ALAIN/AT90USB/Projects/AT90USB/At90UsbMPLAB.X/src/usb_api.c:105
  c->MaxPower = USB_MaxPower_2mA[confIndex];
     f90:	8c 81       	ldd	r24, Y+4	; 0x04
     f92:	88 2f       	mov	r24, r24
     f94:	90 e0       	ldi	r25, 0x00	; 0
     f96:	8a 5f       	subi	r24, 0xFA	; 250
     f98:	9a 4e       	sbci	r25, 0xEA	; 234
     f9a:	fc 01       	movw	r30, r24
     f9c:	20 81       	ld	r18, Z
     f9e:	8a 81       	ldd	r24, Y+2	; 0x02
     fa0:	9b 81       	ldd	r25, Y+3	; 0x03
     fa2:	fc 01       	movw	r30, r24
     fa4:	20 87       	std	Z+8, r18	; 0x08
D:/ALAIN/AT90USB/Projects/AT90USB/At90UsbMPLAB.X/src/usb_api.c:106
  return true;
     fa6:	81 e0       	ldi	r24, 0x01	; 1
D:/ALAIN/AT90USB/Projects/AT90USB/At90UsbMPLAB.X/src/usb_api.c:107
}
     fa8:	0f 90       	pop	r0
     faa:	0f 90       	pop	r0
     fac:	0f 90       	pop	r0
     fae:	0f 90       	pop	r0
     fb0:	df 91       	pop	r29
     fb2:	cf 91       	pop	r28
     fb4:	08 95       	ret

00000fb6 <UsbGetInterfaceDescriptor>:
UsbGetInterfaceDescriptor():
D:/ALAIN/AT90USB/Projects/AT90USB/At90UsbMPLAB.X/src/usb_api.c:111

bool
UsbGetInterfaceDescriptor(USB_InterfaceDescriptor *i, uint8_t confIndex, uint8_t intIndex, uint8_t altSetting)
{
     fb6:	cf 93       	push	r28
     fb8:	df 93       	push	r29
     fba:	00 d0       	rcall	.+0      	; 0xfbc <UsbGetInterfaceDescriptor+0x6>
     fbc:	00 d0       	rcall	.+0      	; 0xfbe <UsbGetInterfaceDescriptor+0x8>
     fbe:	1f 92       	push	r1
     fc0:	cd b7       	in	r28, 0x3d	; 61
     fc2:	de b7       	in	r29, 0x3e	; 62
     fc4:	9a 83       	std	Y+2, r25	; 0x02
     fc6:	89 83       	std	Y+1, r24	; 0x01
     fc8:	6b 83       	std	Y+3, r22	; 0x03
     fca:	4c 83       	std	Y+4, r20	; 0x04
     fcc:	2d 83       	std	Y+5, r18	; 0x05
D:/ALAIN/AT90USB/Projects/AT90USB/At90UsbMPLAB.X/src/usb_api.c:112
  if ((confIndex>=USB_NumConfigurations)||(intIndex>=USB_Interfaces[confIndex])||(altSetting>=USB_AltSettings[confIndex][intIndex])) return false;
     fce:	8b 81       	ldd	r24, Y+3	; 0x03
     fd0:	88 23       	and	r24, r24
     fd2:	e9 f4       	brne	.+58     	; 0x100e <__EEPROM_REGION_LENGTH__+0xe>
D:/ALAIN/AT90USB/Projects/AT90USB/At90UsbMPLAB.X/src/usb_api.c:112 (discriminator 2)
     fd4:	8b 81       	ldd	r24, Y+3	; 0x03
     fd6:	88 2f       	mov	r24, r24
     fd8:	90 e0       	ldi	r25, 0x00	; 0
     fda:	8e 5f       	subi	r24, 0xFE	; 254
     fdc:	9a 4e       	sbci	r25, 0xEA	; 234
     fde:	fc 01       	movw	r30, r24
     fe0:	80 81       	ld	r24, Z
     fe2:	9c 81       	ldd	r25, Y+4	; 0x04
     fe4:	98 17       	cp	r25, r24
     fe6:	98 f4       	brcc	.+38     	; 0x100e <__EEPROM_REGION_LENGTH__+0xe>
D:/ALAIN/AT90USB/Projects/AT90USB/At90UsbMPLAB.X/src/usb_api.c:112 (discriminator 4)
     fe8:	8b 81       	ldd	r24, Y+3	; 0x03
     fea:	28 2f       	mov	r18, r24
     fec:	30 e0       	ldi	r19, 0x00	; 0
     fee:	8c 81       	ldd	r24, Y+4	; 0x04
     ff0:	88 2f       	mov	r24, r24
     ff2:	90 e0       	ldi	r25, 0x00	; 0
     ff4:	22 0f       	add	r18, r18
     ff6:	33 1f       	adc	r19, r19
     ff8:	22 0f       	add	r18, r18
     ffa:	33 1f       	adc	r19, r19
     ffc:	82 0f       	add	r24, r18
     ffe:	93 1f       	adc	r25, r19
    1000:	86 5f       	subi	r24, 0xF6	; 246
    1002:	9a 4e       	sbci	r25, 0xEA	; 234
    1004:	fc 01       	movw	r30, r24
    1006:	80 81       	ld	r24, Z
    1008:	9d 81       	ldd	r25, Y+5	; 0x05
    100a:	98 17       	cp	r25, r24
    100c:	10 f0       	brcs	.+4      	; 0x1012 <__EEPROM_REGION_LENGTH__+0x12>
D:/ALAIN/AT90USB/Projects/AT90USB/At90UsbMPLAB.X/src/usb_api.c:112 (discriminator 5)
    100e:	80 e0       	ldi	r24, 0x00	; 0
    1010:	3c c0       	rjmp	.+120    	; 0x108a <__EEPROM_REGION_LENGTH__+0x8a>
D:/ALAIN/AT90USB/Projects/AT90USB/At90UsbMPLAB.X/src/usb_api.c:113
  i->bLength = USB_InterfaceDescriptorLength;
    1012:	89 81       	ldd	r24, Y+1	; 0x01
    1014:	9a 81       	ldd	r25, Y+2	; 0x02
    1016:	29 e0       	ldi	r18, 0x09	; 9
    1018:	fc 01       	movw	r30, r24
    101a:	20 83       	st	Z, r18
D:/ALAIN/AT90USB/Projects/AT90USB/At90UsbMPLAB.X/src/usb_api.c:114
  i->bDescriptorType = USB_InterfaceDescriptorType;
    101c:	89 81       	ldd	r24, Y+1	; 0x01
    101e:	9a 81       	ldd	r25, Y+2	; 0x02
    1020:	24 e0       	ldi	r18, 0x04	; 4
    1022:	fc 01       	movw	r30, r24
    1024:	21 83       	std	Z+1, r18	; 0x01
D:/ALAIN/AT90USB/Projects/AT90USB/At90UsbMPLAB.X/src/usb_api.c:115
  i->bInterfaceNumber = intIndex;
    1026:	89 81       	ldd	r24, Y+1	; 0x01
    1028:	9a 81       	ldd	r25, Y+2	; 0x02
    102a:	2c 81       	ldd	r18, Y+4	; 0x04
    102c:	fc 01       	movw	r30, r24
    102e:	22 83       	std	Z+2, r18	; 0x02
D:/ALAIN/AT90USB/Projects/AT90USB/At90UsbMPLAB.X/src/usb_api.c:116
  i->bAlternateSetting = altSetting;
    1030:	89 81       	ldd	r24, Y+1	; 0x01
    1032:	9a 81       	ldd	r25, Y+2	; 0x02
    1034:	2d 81       	ldd	r18, Y+5	; 0x05
    1036:	fc 01       	movw	r30, r24
    1038:	23 83       	std	Z+3, r18	; 0x03
D:/ALAIN/AT90USB/Projects/AT90USB/At90UsbMPLAB.X/src/usb_api.c:117
  i->bNumEndpoints = USB_Endpoints[confIndex][intIndex];
    103a:	8b 81       	ldd	r24, Y+3	; 0x03
    103c:	28 2f       	mov	r18, r24
    103e:	30 e0       	ldi	r19, 0x00	; 0
    1040:	8c 81       	ldd	r24, Y+4	; 0x04
    1042:	88 2f       	mov	r24, r24
    1044:	90 e0       	ldi	r25, 0x00	; 0
    1046:	22 0f       	add	r18, r18
    1048:	33 1f       	adc	r19, r19
    104a:	22 0f       	add	r18, r18
    104c:	33 1f       	adc	r19, r19
    104e:	82 0f       	add	r24, r18
    1050:	93 1f       	adc	r25, r19
    1052:	86 5e       	subi	r24, 0xE6	; 230
    1054:	9a 4e       	sbci	r25, 0xEA	; 234
    1056:	fc 01       	movw	r30, r24
    1058:	20 81       	ld	r18, Z
    105a:	89 81       	ldd	r24, Y+1	; 0x01
    105c:	9a 81       	ldd	r25, Y+2	; 0x02
    105e:	fc 01       	movw	r30, r24
    1060:	24 83       	std	Z+4, r18	; 0x04
D:/ALAIN/AT90USB/Projects/AT90USB/At90UsbMPLAB.X/src/usb_api.c:118
  i->bInterfaceClass = UsbNoInterfaceClass;
    1062:	89 81       	ldd	r24, Y+1	; 0x01
    1064:	9a 81       	ldd	r25, Y+2	; 0x02
    1066:	2f ef       	ldi	r18, 0xFF	; 255
    1068:	fc 01       	movw	r30, r24
    106a:	25 83       	std	Z+5, r18	; 0x05
D:/ALAIN/AT90USB/Projects/AT90USB/At90UsbMPLAB.X/src/usb_api.c:119
  i->bInterfaceSubClass = UsbNoInterfaceSubClass;
    106c:	89 81       	ldd	r24, Y+1	; 0x01
    106e:	9a 81       	ldd	r25, Y+2	; 0x02
    1070:	2f ef       	ldi	r18, 0xFF	; 255
    1072:	fc 01       	movw	r30, r24
    1074:	26 83       	std	Z+6, r18	; 0x06
D:/ALAIN/AT90USB/Projects/AT90USB/At90UsbMPLAB.X/src/usb_api.c:120
  i->bInterfaceProtocol = UsbNoInterfaceProtokoll;
    1076:	89 81       	ldd	r24, Y+1	; 0x01
    1078:	9a 81       	ldd	r25, Y+2	; 0x02
    107a:	2f ef       	ldi	r18, 0xFF	; 255
    107c:	fc 01       	movw	r30, r24
    107e:	27 83       	std	Z+7, r18	; 0x07
D:/ALAIN/AT90USB/Projects/AT90USB/At90UsbMPLAB.X/src/usb_api.c:121
  i->iInterface = UsbNoDescriptionString; // no textual interface description
    1080:	89 81       	ldd	r24, Y+1	; 0x01
    1082:	9a 81       	ldd	r25, Y+2	; 0x02
    1084:	fc 01       	movw	r30, r24
    1086:	10 86       	std	Z+8, r1	; 0x08
D:/ALAIN/AT90USB/Projects/AT90USB/At90UsbMPLAB.X/src/usb_api.c:122
  return true;
    1088:	81 e0       	ldi	r24, 0x01	; 1
D:/ALAIN/AT90USB/Projects/AT90USB/At90UsbMPLAB.X/src/usb_api.c:123
}
    108a:	0f 90       	pop	r0
    108c:	0f 90       	pop	r0
    108e:	0f 90       	pop	r0
    1090:	0f 90       	pop	r0
    1092:	0f 90       	pop	r0
    1094:	df 91       	pop	r29
    1096:	cf 91       	pop	r28
    1098:	08 95       	ret

0000109a <UsbGetEndpointDescriptor>:
UsbGetEndpointDescriptor():
D:/ALAIN/AT90USB/Projects/AT90USB/At90UsbMPLAB.X/src/usb_api.c:128

// Not used for EP0, so 1 <= endIndex <= USB_NumEndpoints <= 6
bool
UsbGetEndpointDescriptor(USB_EndpointDescriptor *e, uint8_t confIndex, uint8_t intIndex, uint8_t altSetting, uint8_t endIndex)
{
    109a:	0f 93       	push	r16
    109c:	cf 93       	push	r28
    109e:	df 93       	push	r29
    10a0:	00 d0       	rcall	.+0      	; 0x10a2 <UsbGetEndpointDescriptor+0x8>
    10a2:	00 d0       	rcall	.+0      	; 0x10a4 <UsbGetEndpointDescriptor+0xa>
    10a4:	00 d0       	rcall	.+0      	; 0x10a6 <UsbGetEndpointDescriptor+0xc>
    10a6:	cd b7       	in	r28, 0x3d	; 61
    10a8:	de b7       	in	r29, 0x3e	; 62
    10aa:	9a 83       	std	Y+2, r25	; 0x02
    10ac:	89 83       	std	Y+1, r24	; 0x01
    10ae:	6b 83       	std	Y+3, r22	; 0x03
    10b0:	4c 83       	std	Y+4, r20	; 0x04
    10b2:	2d 83       	std	Y+5, r18	; 0x05
    10b4:	0e 83       	std	Y+6, r16	; 0x06
D:/ALAIN/AT90USB/Projects/AT90USB/At90UsbMPLAB.X/src/usb_api.c:129
  if ((confIndex>=USB_NumConfigurations)||(intIndex>=USB_Interfaces[confIndex])||(altSetting>=USB_AltSettings[confIndex][intIndex])||
    10b6:	8b 81       	ldd	r24, Y+3	; 0x03
    10b8:	88 23       	and	r24, r24
    10ba:	81 f5       	brne	.+96     	; 0x111c <UsbGetEndpointDescriptor+0x82>
D:/ALAIN/AT90USB/Projects/AT90USB/At90UsbMPLAB.X/src/usb_api.c:129 (discriminator 1)
    10bc:	8b 81       	ldd	r24, Y+3	; 0x03
    10be:	88 2f       	mov	r24, r24
    10c0:	90 e0       	ldi	r25, 0x00	; 0
    10c2:	8e 5f       	subi	r24, 0xFE	; 254
    10c4:	9a 4e       	sbci	r25, 0xEA	; 234
    10c6:	fc 01       	movw	r30, r24
    10c8:	80 81       	ld	r24, Z
    10ca:	9c 81       	ldd	r25, Y+4	; 0x04
    10cc:	98 17       	cp	r25, r24
    10ce:	30 f5       	brcc	.+76     	; 0x111c <UsbGetEndpointDescriptor+0x82>
D:/ALAIN/AT90USB/Projects/AT90USB/At90UsbMPLAB.X/src/usb_api.c:129 (discriminator 2)
    10d0:	8b 81       	ldd	r24, Y+3	; 0x03
    10d2:	28 2f       	mov	r18, r24
    10d4:	30 e0       	ldi	r19, 0x00	; 0
    10d6:	8c 81       	ldd	r24, Y+4	; 0x04
    10d8:	88 2f       	mov	r24, r24
    10da:	90 e0       	ldi	r25, 0x00	; 0
    10dc:	22 0f       	add	r18, r18
    10de:	33 1f       	adc	r19, r19
    10e0:	22 0f       	add	r18, r18
    10e2:	33 1f       	adc	r19, r19
    10e4:	82 0f       	add	r24, r18
    10e6:	93 1f       	adc	r25, r19
    10e8:	86 5f       	subi	r24, 0xF6	; 246
    10ea:	9a 4e       	sbci	r25, 0xEA	; 234
    10ec:	fc 01       	movw	r30, r24
    10ee:	80 81       	ld	r24, Z
    10f0:	9d 81       	ldd	r25, Y+5	; 0x05
    10f2:	98 17       	cp	r25, r24
    10f4:	98 f4       	brcc	.+38     	; 0x111c <UsbGetEndpointDescriptor+0x82>
D:/ALAIN/AT90USB/Projects/AT90USB/At90UsbMPLAB.X/src/usb_api.c:130 (discriminator 3)
      (endIndex>USB_Endpoints[confIndex][intIndex])) return false;
    10f6:	8b 81       	ldd	r24, Y+3	; 0x03
    10f8:	28 2f       	mov	r18, r24
    10fa:	30 e0       	ldi	r19, 0x00	; 0
    10fc:	8c 81       	ldd	r24, Y+4	; 0x04
    10fe:	88 2f       	mov	r24, r24
    1100:	90 e0       	ldi	r25, 0x00	; 0
    1102:	22 0f       	add	r18, r18
    1104:	33 1f       	adc	r19, r19
    1106:	22 0f       	add	r18, r18
    1108:	33 1f       	adc	r19, r19
    110a:	82 0f       	add	r24, r18
    110c:	93 1f       	adc	r25, r19
    110e:	86 5e       	subi	r24, 0xE6	; 230
    1110:	9a 4e       	sbci	r25, 0xEA	; 234
    1112:	fc 01       	movw	r30, r24
    1114:	80 81       	ld	r24, Z
D:/ALAIN/AT90USB/Projects/AT90USB/At90UsbMPLAB.X/src/usb_api.c:129 (discriminator 3)

// Not used for EP0, so 1 <= endIndex <= USB_NumEndpoints <= 6
bool
UsbGetEndpointDescriptor(USB_EndpointDescriptor *e, uint8_t confIndex, uint8_t intIndex, uint8_t altSetting, uint8_t endIndex)
{
  if ((confIndex>=USB_NumConfigurations)||(intIndex>=USB_Interfaces[confIndex])||(altSetting>=USB_AltSettings[confIndex][intIndex])||
    1116:	9e 81       	ldd	r25, Y+6	; 0x06
    1118:	89 17       	cp	r24, r25
    111a:	10 f4       	brcc	.+4      	; 0x1120 <UsbGetEndpointDescriptor+0x86>
D:/ALAIN/AT90USB/Projects/AT90USB/At90UsbMPLAB.X/src/usb_api.c:130
      (endIndex>USB_Endpoints[confIndex][intIndex])) return false;
    111c:	80 e0       	ldi	r24, 0x00	; 0
    111e:	46 c0       	rjmp	.+140    	; 0x11ac <UsbGetEndpointDescriptor+0x112>
D:/ALAIN/AT90USB/Projects/AT90USB/At90UsbMPLAB.X/src/usb_api.c:132
  // components identical for all of our endpoints
  e->bLength = USB_EndpointDescriptorLength;
    1120:	89 81       	ldd	r24, Y+1	; 0x01
    1122:	9a 81       	ldd	r25, Y+2	; 0x02
    1124:	27 e0       	ldi	r18, 0x07	; 7
    1126:	fc 01       	movw	r30, r24
    1128:	20 83       	st	Z, r18
D:/ALAIN/AT90USB/Projects/AT90USB/At90UsbMPLAB.X/src/usb_api.c:133
  e->bDescriptorType = USB_EndpointDescriptorType;
    112a:	89 81       	ldd	r24, Y+1	; 0x01
    112c:	9a 81       	ldd	r25, Y+2	; 0x02
    112e:	25 e0       	ldi	r18, 0x05	; 5
    1130:	fc 01       	movw	r30, r24
    1132:	21 83       	std	Z+1, r18	; 0x01
D:/ALAIN/AT90USB/Projects/AT90USB/At90UsbMPLAB.X/src/usb_api.c:134
  e->bmAttributes = USB_BulkTransfer;
    1134:	89 81       	ldd	r24, Y+1	; 0x01
    1136:	9a 81       	ldd	r25, Y+2	; 0x02
    1138:	22 e0       	ldi	r18, 0x02	; 2
    113a:	fc 01       	movw	r30, r24
    113c:	23 83       	std	Z+3, r18	; 0x03
D:/ALAIN/AT90USB/Projects/AT90USB/At90UsbMPLAB.X/src/usb_api.c:135
  e->bInterval = 0; // bulk endpoint, no polling
    113e:	89 81       	ldd	r24, Y+1	; 0x01
    1140:	9a 81       	ldd	r25, Y+2	; 0x02
    1142:	fc 01       	movw	r30, r24
    1144:	16 82       	std	Z+6, r1	; 0x06
D:/ALAIN/AT90USB/Projects/AT90USB/At90UsbMPLAB.X/src/usb_api.c:137
  // components which differ
  switch (endIndex) // only endpoints for interface 0 in our application
    1146:	8e 81       	ldd	r24, Y+6	; 0x06
    1148:	88 2f       	mov	r24, r24
    114a:	90 e0       	ldi	r25, 0x00	; 0
    114c:	82 30       	cpi	r24, 0x02	; 2
    114e:	91 05       	cpc	r25, r1
    1150:	91 f0       	breq	.+36     	; 0x1176 <UsbGetEndpointDescriptor+0xdc>
    1152:	83 30       	cpi	r24, 0x03	; 3
    1154:	91 05       	cpc	r25, r1
    1156:	e1 f0       	breq	.+56     	; 0x1190 <UsbGetEndpointDescriptor+0xf6>
    1158:	01 97       	sbiw	r24, 0x01	; 1
    115a:	39 f5       	brne	.+78     	; 0x11aa <UsbGetEndpointDescriptor+0x110>
D:/ALAIN/AT90USB/Projects/AT90USB/At90UsbMPLAB.X/src/usb_api.c:140
  {
    case 1: 
      e->bEndpointAddress = UsbInEndpointAdress(1);
    115c:	89 81       	ldd	r24, Y+1	; 0x01
    115e:	9a 81       	ldd	r25, Y+2	; 0x02
    1160:	21 e8       	ldi	r18, 0x81	; 129
    1162:	fc 01       	movw	r30, r24
    1164:	22 83       	std	Z+2, r18	; 0x02
D:/ALAIN/AT90USB/Projects/AT90USB/At90UsbMPLAB.X/src/usb_api.c:141
      e->wMaxPacketSize = EP1_FIFO_Size;
    1166:	89 81       	ldd	r24, Y+1	; 0x01
    1168:	9a 81       	ldd	r25, Y+2	; 0x02
    116a:	28 e0       	ldi	r18, 0x08	; 8
    116c:	30 e0       	ldi	r19, 0x00	; 0
    116e:	fc 01       	movw	r30, r24
    1170:	35 83       	std	Z+5, r19	; 0x05
    1172:	24 83       	std	Z+4, r18	; 0x04
D:/ALAIN/AT90USB/Projects/AT90USB/At90UsbMPLAB.X/src/usb_api.c:142
    break;
    1174:	1a c0       	rjmp	.+52     	; 0x11aa <UsbGetEndpointDescriptor+0x110>
D:/ALAIN/AT90USB/Projects/AT90USB/At90UsbMPLAB.X/src/usb_api.c:144
    case 2: 
      e->bEndpointAddress = UsbInEndpointAdress(2);
    1176:	89 81       	ldd	r24, Y+1	; 0x01
    1178:	9a 81       	ldd	r25, Y+2	; 0x02
    117a:	22 e8       	ldi	r18, 0x82	; 130
    117c:	fc 01       	movw	r30, r24
    117e:	22 83       	std	Z+2, r18	; 0x02
D:/ALAIN/AT90USB/Projects/AT90USB/At90UsbMPLAB.X/src/usb_api.c:145
      e->wMaxPacketSize = EP2_FIFO_Size;
    1180:	89 81       	ldd	r24, Y+1	; 0x01
    1182:	9a 81       	ldd	r25, Y+2	; 0x02
    1184:	20 e4       	ldi	r18, 0x40	; 64
    1186:	30 e0       	ldi	r19, 0x00	; 0
    1188:	fc 01       	movw	r30, r24
    118a:	35 83       	std	Z+5, r19	; 0x05
    118c:	24 83       	std	Z+4, r18	; 0x04
D:/ALAIN/AT90USB/Projects/AT90USB/At90UsbMPLAB.X/src/usb_api.c:146
    break;
    118e:	0d c0       	rjmp	.+26     	; 0x11aa <UsbGetEndpointDescriptor+0x110>
D:/ALAIN/AT90USB/Projects/AT90USB/At90UsbMPLAB.X/src/usb_api.c:148
    case 3: 
      e->bEndpointAddress = UsbOutEndpointAdress(3);
    1190:	89 81       	ldd	r24, Y+1	; 0x01
    1192:	9a 81       	ldd	r25, Y+2	; 0x02
    1194:	23 e0       	ldi	r18, 0x03	; 3
    1196:	fc 01       	movw	r30, r24
    1198:	22 83       	std	Z+2, r18	; 0x02
D:/ALAIN/AT90USB/Projects/AT90USB/At90UsbMPLAB.X/src/usb_api.c:149
      e->wMaxPacketSize = EP3_FIFO_Size;
    119a:	89 81       	ldd	r24, Y+1	; 0x01
    119c:	9a 81       	ldd	r25, Y+2	; 0x02
    119e:	28 e0       	ldi	r18, 0x08	; 8
    11a0:	30 e0       	ldi	r19, 0x00	; 0
    11a2:	fc 01       	movw	r30, r24
    11a4:	35 83       	std	Z+5, r19	; 0x05
    11a6:	24 83       	std	Z+4, r18	; 0x04
D:/ALAIN/AT90USB/Projects/AT90USB/At90UsbMPLAB.X/src/usb_api.c:150
    break;
    11a8:	00 00       	nop
D:/ALAIN/AT90USB/Projects/AT90USB/At90UsbMPLAB.X/src/usb_api.c:152
  }
  return true;
    11aa:	81 e0       	ldi	r24, 0x01	; 1
D:/ALAIN/AT90USB/Projects/AT90USB/At90UsbMPLAB.X/src/usb_api.c:153
}
    11ac:	26 96       	adiw	r28, 0x06	; 6
    11ae:	0f b6       	in	r0, 0x3f	; 63
    11b0:	f8 94       	cli
    11b2:	de bf       	out	0x3e, r29	; 62
    11b4:	0f be       	out	0x3f, r0	; 63
    11b6:	cd bf       	out	0x3d, r28	; 61
    11b8:	df 91       	pop	r29
    11ba:	cf 91       	pop	r28
    11bc:	0f 91       	pop	r16
    11be:	08 95       	ret

000011c0 <UsbGetStringDescriptor>:
UsbGetStringDescriptor():
D:/ALAIN/AT90USB/Projects/AT90USB/At90UsbMPLAB.X/src/usb_api.c:157

void
UsbGetStringDescriptor(char s[], uint8_t index)
{
    11c0:	cf 93       	push	r28
    11c2:	df 93       	push	r29
    11c4:	00 d0       	rcall	.+0      	; 0x11c6 <UsbGetStringDescriptor+0x6>
    11c6:	00 d0       	rcall	.+0      	; 0x11c8 <UsbGetStringDescriptor+0x8>
    11c8:	cd b7       	in	r28, 0x3d	; 61
    11ca:	de b7       	in	r29, 0x3e	; 62
    11cc:	9b 83       	std	Y+3, r25	; 0x03
    11ce:	8a 83       	std	Y+2, r24	; 0x02
    11d0:	6c 83       	std	Y+4, r22	; 0x04
D:/ALAIN/AT90USB/Projects/AT90USB/At90UsbMPLAB.X/src/usb_api.c:162
  uint8_t i;
#if (USB_MaxStringDescriptorLength < 18)
#error USB_MaxStringDescriptorLength too small!
#endif
  i = USB_MaxStringDescriptorLength;
    11d2:	86 e1       	ldi	r24, 0x16	; 22
    11d4:	89 83       	std	Y+1, r24	; 0x01
D:/ALAIN/AT90USB/Projects/AT90USB/At90UsbMPLAB.X/src/usb_api.c:163
  while (i--) *s++ = '\0';
    11d6:	09 c0       	rjmp	.+18     	; 0x11ea <UsbGetStringDescriptor+0x2a>
D:/ALAIN/AT90USB/Projects/AT90USB/At90UsbMPLAB.X/src/usb_api.c:163 (discriminator 2)
    11d8:	8a 81       	ldd	r24, Y+2	; 0x02
    11da:	9b 81       	ldd	r25, Y+3	; 0x03
    11dc:	9c 01       	movw	r18, r24
    11de:	2f 5f       	subi	r18, 0xFF	; 255
    11e0:	3f 4f       	sbci	r19, 0xFF	; 255
    11e2:	3b 83       	std	Y+3, r19	; 0x03
    11e4:	2a 83       	std	Y+2, r18	; 0x02
    11e6:	fc 01       	movw	r30, r24
    11e8:	10 82       	st	Z, r1
D:/ALAIN/AT90USB/Projects/AT90USB/At90UsbMPLAB.X/src/usb_api.c:163 (discriminator 1)
    11ea:	89 81       	ldd	r24, Y+1	; 0x01
    11ec:	9f ef       	ldi	r25, 0xFF	; 255
    11ee:	98 0f       	add	r25, r24
    11f0:	99 83       	std	Y+1, r25	; 0x01
    11f2:	88 23       	and	r24, r24
    11f4:	89 f7       	brne	.-30     	; 0x11d8 <UsbGetStringDescriptor+0x18>
D:/ALAIN/AT90USB/Projects/AT90USB/At90UsbMPLAB.X/src/usb_api.c:164
  s -= USB_MaxStringDescriptorLength;
    11f6:	8a 81       	ldd	r24, Y+2	; 0x02
    11f8:	9b 81       	ldd	r25, Y+3	; 0x03
    11fa:	46 97       	sbiw	r24, 0x16	; 22
    11fc:	9b 83       	std	Y+3, r25	; 0x03
    11fe:	8a 83       	std	Y+2, r24	; 0x02
D:/ALAIN/AT90USB/Projects/AT90USB/At90UsbMPLAB.X/src/usb_api.c:165
  s[1] = USB_StringDescriptorType;
    1200:	8a 81       	ldd	r24, Y+2	; 0x02
    1202:	9b 81       	ldd	r25, Y+3	; 0x03
    1204:	01 96       	adiw	r24, 0x01	; 1
    1206:	23 e0       	ldi	r18, 0x03	; 3
    1208:	fc 01       	movw	r30, r24
    120a:	20 83       	st	Z, r18
D:/ALAIN/AT90USB/Projects/AT90USB/At90UsbMPLAB.X/src/usb_api.c:166
  switch (index)
    120c:	8c 81       	ldd	r24, Y+4	; 0x04
    120e:	88 2f       	mov	r24, r24
    1210:	90 e0       	ldi	r25, 0x00	; 0
    1212:	81 30       	cpi	r24, 0x01	; 1
    1214:	91 05       	cpc	r25, r1
    1216:	01 f1       	breq	.+64     	; 0x1258 <UsbGetStringDescriptor+0x98>
    1218:	82 30       	cpi	r24, 0x02	; 2
    121a:	91 05       	cpc	r25, r1
    121c:	1c f4       	brge	.+6      	; 0x1224 <UsbGetStringDescriptor+0x64>
    121e:	89 2b       	or	r24, r25
    1220:	49 f0       	breq	.+18     	; 0x1234 <UsbGetStringDescriptor+0x74>
    1222:	9e c0       	rjmp	.+316    	; 0x1360 <UsbGetStringDescriptor+0x1a0>
    1224:	82 30       	cpi	r24, 0x02	; 2
    1226:	91 05       	cpc	r25, r1
    1228:	09 f4       	brne	.+2      	; 0x122c <UsbGetStringDescriptor+0x6c>
    122a:	4c c0       	rjmp	.+152    	; 0x12c4 <UsbGetStringDescriptor+0x104>
    122c:	03 97       	sbiw	r24, 0x03	; 3
    122e:	09 f4       	brne	.+2      	; 0x1232 <UsbGetStringDescriptor+0x72>
    1230:	79 c0       	rjmp	.+242    	; 0x1324 <UsbGetStringDescriptor+0x164>
    1232:	96 c0       	rjmp	.+300    	; 0x1360 <UsbGetStringDescriptor+0x1a0>
D:/ALAIN/AT90USB/Projects/AT90USB/At90UsbMPLAB.X/src/usb_api.c:169
  {
    case USB_LanguageDescriptorIndex: // == 0
      s[0] = 4;
    1234:	8a 81       	ldd	r24, Y+2	; 0x02
    1236:	9b 81       	ldd	r25, Y+3	; 0x03
    1238:	24 e0       	ldi	r18, 0x04	; 4
    123a:	fc 01       	movw	r30, r24
    123c:	20 83       	st	Z, r18
D:/ALAIN/AT90USB/Projects/AT90USB/At90UsbMPLAB.X/src/usb_api.c:170
      s[2] = 9; // two byte language code, only support for English
    123e:	8a 81       	ldd	r24, Y+2	; 0x02
    1240:	9b 81       	ldd	r25, Y+3	; 0x03
    1242:	02 96       	adiw	r24, 0x02	; 2
    1244:	29 e0       	ldi	r18, 0x09	; 9
    1246:	fc 01       	movw	r30, r24
    1248:	20 83       	st	Z, r18
D:/ALAIN/AT90USB/Projects/AT90USB/At90UsbMPLAB.X/src/usb_api.c:171
      s[3] = 4;
    124a:	8a 81       	ldd	r24, Y+2	; 0x02
    124c:	9b 81       	ldd	r25, Y+3	; 0x03
    124e:	03 96       	adiw	r24, 0x03	; 3
    1250:	24 e0       	ldi	r18, 0x04	; 4
    1252:	fc 01       	movw	r30, r24
    1254:	20 83       	st	Z, r18
D:/ALAIN/AT90USB/Projects/AT90USB/At90UsbMPLAB.X/src/usb_api.c:172
      break;
    1256:	8f c0       	rjmp	.+286    	; 0x1376 <UsbGetStringDescriptor+0x1b6>
D:/ALAIN/AT90USB/Projects/AT90USB/At90UsbMPLAB.X/src/usb_api.c:174
    case USB_ManufacturerStringIndex:
      s[2] = 'S';
    1258:	8a 81       	ldd	r24, Y+2	; 0x02
    125a:	9b 81       	ldd	r25, Y+3	; 0x03
    125c:	02 96       	adiw	r24, 0x02	; 2
    125e:	23 e5       	ldi	r18, 0x53	; 83
    1260:	fc 01       	movw	r30, r24
    1262:	20 83       	st	Z, r18
D:/ALAIN/AT90USB/Projects/AT90USB/At90UsbMPLAB.X/src/usb_api.c:175
      s[4] = 'A';
    1264:	8a 81       	ldd	r24, Y+2	; 0x02
    1266:	9b 81       	ldd	r25, Y+3	; 0x03
    1268:	04 96       	adiw	r24, 0x04	; 4
    126a:	21 e4       	ldi	r18, 0x41	; 65
    126c:	fc 01       	movw	r30, r24
    126e:	20 83       	st	Z, r18
D:/ALAIN/AT90USB/Projects/AT90USB/At90UsbMPLAB.X/src/usb_api.c:176
      s[6] = 'L';
    1270:	8a 81       	ldd	r24, Y+2	; 0x02
    1272:	9b 81       	ldd	r25, Y+3	; 0x03
    1274:	06 96       	adiw	r24, 0x06	; 6
    1276:	2c e4       	ldi	r18, 0x4C	; 76
    1278:	fc 01       	movw	r30, r24
    127a:	20 83       	st	Z, r18
D:/ALAIN/AT90USB/Projects/AT90USB/At90UsbMPLAB.X/src/usb_api.c:177
      s[8] = 'E';
    127c:	8a 81       	ldd	r24, Y+2	; 0x02
    127e:	9b 81       	ldd	r25, Y+3	; 0x03
    1280:	08 96       	adiw	r24, 0x08	; 8
    1282:	25 e4       	ldi	r18, 0x45	; 69
    1284:	fc 01       	movw	r30, r24
    1286:	20 83       	st	Z, r18
D:/ALAIN/AT90USB/Projects/AT90USB/At90UsbMPLAB.X/src/usb_api.c:178
      s[10] = 'W';
    1288:	8a 81       	ldd	r24, Y+2	; 0x02
    128a:	9b 81       	ldd	r25, Y+3	; 0x03
    128c:	0a 96       	adiw	r24, 0x0a	; 10
    128e:	27 e5       	ldi	r18, 0x57	; 87
    1290:	fc 01       	movw	r30, r24
    1292:	20 83       	st	Z, r18
D:/ALAIN/AT90USB/Projects/AT90USB/At90UsbMPLAB.X/src/usb_api.c:179
      s[12] = 'S';
    1294:	8a 81       	ldd	r24, Y+2	; 0x02
    1296:	9b 81       	ldd	r25, Y+3	; 0x03
    1298:	0c 96       	adiw	r24, 0x0c	; 12
    129a:	23 e5       	ldi	r18, 0x53	; 83
    129c:	fc 01       	movw	r30, r24
    129e:	20 83       	st	Z, r18
D:/ALAIN/AT90USB/Projects/AT90USB/At90UsbMPLAB.X/src/usb_api.c:180
      s[14] = 'K';
    12a0:	8a 81       	ldd	r24, Y+2	; 0x02
    12a2:	9b 81       	ldd	r25, Y+3	; 0x03
    12a4:	0e 96       	adiw	r24, 0x0e	; 14
    12a6:	2b e4       	ldi	r18, 0x4B	; 75
    12a8:	fc 01       	movw	r30, r24
    12aa:	20 83       	st	Z, r18
D:/ALAIN/AT90USB/Projects/AT90USB/At90UsbMPLAB.X/src/usb_api.c:181
      s[16] = 'I';
    12ac:	8a 81       	ldd	r24, Y+2	; 0x02
    12ae:	9b 81       	ldd	r25, Y+3	; 0x03
    12b0:	40 96       	adiw	r24, 0x10	; 16
    12b2:	29 e4       	ldi	r18, 0x49	; 73
    12b4:	fc 01       	movw	r30, r24
    12b6:	20 83       	st	Z, r18
D:/ALAIN/AT90USB/Projects/AT90USB/At90UsbMPLAB.X/src/usb_api.c:182
      s[0] = 18; // length of descriptor
    12b8:	8a 81       	ldd	r24, Y+2	; 0x02
    12ba:	9b 81       	ldd	r25, Y+3	; 0x03
    12bc:	22 e1       	ldi	r18, 0x12	; 18
    12be:	fc 01       	movw	r30, r24
    12c0:	20 83       	st	Z, r18
D:/ALAIN/AT90USB/Projects/AT90USB/At90UsbMPLAB.X/src/usb_api.c:183
      break;
    12c2:	59 c0       	rjmp	.+178    	; 0x1376 <UsbGetStringDescriptor+0x1b6>
D:/ALAIN/AT90USB/Projects/AT90USB/At90UsbMPLAB.X/src/usb_api.c:185
    case USB_ProductStringIndex:
      s[2] = 'A';
    12c4:	8a 81       	ldd	r24, Y+2	; 0x02
    12c6:	9b 81       	ldd	r25, Y+3	; 0x03
    12c8:	02 96       	adiw	r24, 0x02	; 2
    12ca:	21 e4       	ldi	r18, 0x41	; 65
    12cc:	fc 01       	movw	r30, r24
    12ce:	20 83       	st	Z, r18
D:/ALAIN/AT90USB/Projects/AT90USB/At90UsbMPLAB.X/src/usb_api.c:186
      s[4] = 'T';
    12d0:	8a 81       	ldd	r24, Y+2	; 0x02
    12d2:	9b 81       	ldd	r25, Y+3	; 0x03
    12d4:	04 96       	adiw	r24, 0x04	; 4
    12d6:	24 e5       	ldi	r18, 0x54	; 84
    12d8:	fc 01       	movw	r30, r24
    12da:	20 83       	st	Z, r18
D:/ALAIN/AT90USB/Projects/AT90USB/At90UsbMPLAB.X/src/usb_api.c:187
      s[6] = '9';
    12dc:	8a 81       	ldd	r24, Y+2	; 0x02
    12de:	9b 81       	ldd	r25, Y+3	; 0x03
    12e0:	06 96       	adiw	r24, 0x06	; 6
    12e2:	29 e3       	ldi	r18, 0x39	; 57
    12e4:	fc 01       	movw	r30, r24
    12e6:	20 83       	st	Z, r18
D:/ALAIN/AT90USB/Projects/AT90USB/At90UsbMPLAB.X/src/usb_api.c:188
      s[8] = '0';
    12e8:	8a 81       	ldd	r24, Y+2	; 0x02
    12ea:	9b 81       	ldd	r25, Y+3	; 0x03
    12ec:	08 96       	adiw	r24, 0x08	; 8
    12ee:	20 e3       	ldi	r18, 0x30	; 48
    12f0:	fc 01       	movw	r30, r24
    12f2:	20 83       	st	Z, r18
D:/ALAIN/AT90USB/Projects/AT90USB/At90UsbMPLAB.X/src/usb_api.c:189
      s[10] = 'U';
    12f4:	8a 81       	ldd	r24, Y+2	; 0x02
    12f6:	9b 81       	ldd	r25, Y+3	; 0x03
    12f8:	0a 96       	adiw	r24, 0x0a	; 10
    12fa:	25 e5       	ldi	r18, 0x55	; 85
    12fc:	fc 01       	movw	r30, r24
    12fe:	20 83       	st	Z, r18
D:/ALAIN/AT90USB/Projects/AT90USB/At90UsbMPLAB.X/src/usb_api.c:190
      s[12] = 'S';
    1300:	8a 81       	ldd	r24, Y+2	; 0x02
    1302:	9b 81       	ldd	r25, Y+3	; 0x03
    1304:	0c 96       	adiw	r24, 0x0c	; 12
    1306:	23 e5       	ldi	r18, 0x53	; 83
    1308:	fc 01       	movw	r30, r24
    130a:	20 83       	st	Z, r18
D:/ALAIN/AT90USB/Projects/AT90USB/At90UsbMPLAB.X/src/usb_api.c:191
      s[14] = 'B';
    130c:	8a 81       	ldd	r24, Y+2	; 0x02
    130e:	9b 81       	ldd	r25, Y+3	; 0x03
    1310:	0e 96       	adiw	r24, 0x0e	; 14
    1312:	22 e4       	ldi	r18, 0x42	; 66
    1314:	fc 01       	movw	r30, r24
    1316:	20 83       	st	Z, r18
D:/ALAIN/AT90USB/Projects/AT90USB/At90UsbMPLAB.X/src/usb_api.c:192
      s[0] = 16;
    1318:	8a 81       	ldd	r24, Y+2	; 0x02
    131a:	9b 81       	ldd	r25, Y+3	; 0x03
    131c:	20 e1       	ldi	r18, 0x10	; 16
    131e:	fc 01       	movw	r30, r24
    1320:	20 83       	st	Z, r18
D:/ALAIN/AT90USB/Projects/AT90USB/At90UsbMPLAB.X/src/usb_api.c:193
      break;
    1322:	29 c0       	rjmp	.+82     	; 0x1376 <UsbGetStringDescriptor+0x1b6>
D:/ALAIN/AT90USB/Projects/AT90USB/At90UsbMPLAB.X/src/usb_api.c:195
    case USB_SerialNumberStringIndex:
      s[2] = '0';
    1324:	8a 81       	ldd	r24, Y+2	; 0x02
    1326:	9b 81       	ldd	r25, Y+3	; 0x03
    1328:	02 96       	adiw	r24, 0x02	; 2
    132a:	20 e3       	ldi	r18, 0x30	; 48
    132c:	fc 01       	movw	r30, r24
    132e:	20 83       	st	Z, r18
D:/ALAIN/AT90USB/Projects/AT90USB/At90UsbMPLAB.X/src/usb_api.c:196
      s[4] = '0';
    1330:	8a 81       	ldd	r24, Y+2	; 0x02
    1332:	9b 81       	ldd	r25, Y+3	; 0x03
    1334:	04 96       	adiw	r24, 0x04	; 4
    1336:	20 e3       	ldi	r18, 0x30	; 48
    1338:	fc 01       	movw	r30, r24
    133a:	20 83       	st	Z, r18
D:/ALAIN/AT90USB/Projects/AT90USB/At90UsbMPLAB.X/src/usb_api.c:197
      s[6] = '1';
    133c:	8a 81       	ldd	r24, Y+2	; 0x02
    133e:	9b 81       	ldd	r25, Y+3	; 0x03
    1340:	06 96       	adiw	r24, 0x06	; 6
    1342:	21 e3       	ldi	r18, 0x31	; 49
    1344:	fc 01       	movw	r30, r24
    1346:	20 83       	st	Z, r18
D:/ALAIN/AT90USB/Projects/AT90USB/At90UsbMPLAB.X/src/usb_api.c:198
      s[8] = '1';
    1348:	8a 81       	ldd	r24, Y+2	; 0x02
    134a:	9b 81       	ldd	r25, Y+3	; 0x03
    134c:	08 96       	adiw	r24, 0x08	; 8
    134e:	21 e3       	ldi	r18, 0x31	; 49
    1350:	fc 01       	movw	r30, r24
    1352:	20 83       	st	Z, r18
D:/ALAIN/AT90USB/Projects/AT90USB/At90UsbMPLAB.X/src/usb_api.c:199
      s[0] = 10;
    1354:	8a 81       	ldd	r24, Y+2	; 0x02
    1356:	9b 81       	ldd	r25, Y+3	; 0x03
    1358:	2a e0       	ldi	r18, 0x0A	; 10
    135a:	fc 01       	movw	r30, r24
    135c:	20 83       	st	Z, r18
D:/ALAIN/AT90USB/Projects/AT90USB/At90UsbMPLAB.X/src/usb_api.c:200
      break;
    135e:	0b c0       	rjmp	.+22     	; 0x1376 <UsbGetStringDescriptor+0x1b6>
D:/ALAIN/AT90USB/Projects/AT90USB/At90UsbMPLAB.X/src/usb_api.c:202
    default:
      s[2] = '?';
    1360:	8a 81       	ldd	r24, Y+2	; 0x02
    1362:	9b 81       	ldd	r25, Y+3	; 0x03
    1364:	02 96       	adiw	r24, 0x02	; 2
    1366:	2f e3       	ldi	r18, 0x3F	; 63
    1368:	fc 01       	movw	r30, r24
    136a:	20 83       	st	Z, r18
D:/ALAIN/AT90USB/Projects/AT90USB/At90UsbMPLAB.X/src/usb_api.c:203
      s[0] = 4;
    136c:	8a 81       	ldd	r24, Y+2	; 0x02
    136e:	9b 81       	ldd	r25, Y+3	; 0x03
    1370:	24 e0       	ldi	r18, 0x04	; 4
    1372:	fc 01       	movw	r30, r24
    1374:	20 83       	st	Z, r18
D:/ALAIN/AT90USB/Projects/AT90USB/At90UsbMPLAB.X/src/usb_api.c:205
  }
}
    1376:	00 00       	nop
    1378:	0f 90       	pop	r0
    137a:	0f 90       	pop	r0
    137c:	0f 90       	pop	r0
    137e:	0f 90       	pop	r0
    1380:	df 91       	pop	r29
    1382:	cf 91       	pop	r28
    1384:	08 95       	ret

00001386 <UsbDevDisableAndFreeEndpoint>:
UsbDevDisableAndFreeEndpoint():
D:/ALAIN/AT90USB/Projects/AT90USB/At90UsbMPLAB.X/src/usb_api.c:209

static void
UsbDevDisableAndFreeEndpoint(uint8_t i)
{
    1386:	cf 93       	push	r28
    1388:	df 93       	push	r29
    138a:	1f 92       	push	r1
    138c:	cd b7       	in	r28, 0x3d	; 61
    138e:	de b7       	in	r29, 0x3e	; 62
    1390:	89 83       	std	Y+1, r24	; 0x01
D:/ALAIN/AT90USB/Projects/AT90USB/At90UsbMPLAB.X/src/usb_api.c:210
  UsbDevSelectEndpoint(i);
    1392:	89 ee       	ldi	r24, 0xE9	; 233
    1394:	90 e0       	ldi	r25, 0x00	; 0
    1396:	29 81       	ldd	r18, Y+1	; 0x01
    1398:	27 70       	andi	r18, 0x07	; 7
    139a:	fc 01       	movw	r30, r24
    139c:	20 83       	st	Z, r18
D:/ALAIN/AT90USB/Projects/AT90USB/At90UsbMPLAB.X/src/usb_api.c:211
  UsbDevDisableEndpoint();
    139e:	8b ee       	ldi	r24, 0xEB	; 235
    13a0:	90 e0       	ldi	r25, 0x00	; 0
    13a2:	fc 01       	movw	r30, r24
    13a4:	20 81       	ld	r18, Z
    13a6:	8b ee       	ldi	r24, 0xEB	; 235
    13a8:	90 e0       	ldi	r25, 0x00	; 0
    13aa:	2e 7f       	andi	r18, 0xFE	; 254
    13ac:	fc 01       	movw	r30, r24
    13ae:	20 83       	st	Z, r18
D:/ALAIN/AT90USB/Projects/AT90USB/At90UsbMPLAB.X/src/usb_api.c:212
  UsbDevClearEndpointAllocBit();
    13b0:	8d ee       	ldi	r24, 0xED	; 237
    13b2:	90 e0       	ldi	r25, 0x00	; 0
    13b4:	fc 01       	movw	r30, r24
    13b6:	20 81       	ld	r18, Z
    13b8:	8d ee       	ldi	r24, 0xED	; 237
    13ba:	90 e0       	ldi	r25, 0x00	; 0
    13bc:	2d 7f       	andi	r18, 0xFD	; 253
    13be:	fc 01       	movw	r30, r24
    13c0:	20 83       	st	Z, r18
D:/ALAIN/AT90USB/Projects/AT90USB/At90UsbMPLAB.X/src/usb_api.c:213
}
    13c2:	00 00       	nop
    13c4:	0f 90       	pop	r0
    13c6:	df 91       	pop	r29
    13c8:	cf 91       	pop	r28
    13ca:	08 95       	ret

000013cc <UsbDevSetUnconfiguredState>:
UsbDevSetUnconfiguredState():
D:/ALAIN/AT90USB/Projects/AT90USB/At90UsbMPLAB.X/src/usb_api.c:217

static void
UsbDevSetUnconfiguredState(void)
{
    13cc:	cf 93       	push	r28
    13ce:	df 93       	push	r29
    13d0:	1f 92       	push	r1
    13d2:	cd b7       	in	r28, 0x3d	; 61
    13d4:	de b7       	in	r29, 0x3e	; 62
D:/ALAIN/AT90USB/Projects/AT90USB/At90UsbMPLAB.X/src/usb_api.c:219
  uint8_t i;
  UsbDevConfValue = UsbUnconfiguredState;
    13d6:	10 92 2f 1d 	sts	0x1D2F, r1	; 0x801d2f <UsbDevConfValue>
D:/ALAIN/AT90USB/Projects/AT90USB/At90UsbMPLAB.X/src/usb_api.c:220
  i =  UsbNumEndpointsAT90USB;
    13da:	87 e0       	ldi	r24, 0x07	; 7
    13dc:	89 83       	std	Y+1, r24	; 0x01
D:/ALAIN/AT90USB/Projects/AT90USB/At90UsbMPLAB.X/src/usb_api.c:221
  while (--i > 0) // free all endpoints but EP0
    13de:	03 c0       	rjmp	.+6      	; 0x13e6 <UsbDevSetUnconfiguredState+0x1a>
D:/ALAIN/AT90USB/Projects/AT90USB/At90UsbMPLAB.X/src/usb_api.c:222
    UsbDevDisableAndFreeEndpoint(i);
    13e0:	89 81       	ldd	r24, Y+1	; 0x01
    13e2:	0e 94 c3 09 	call	0x1386	; 0x1386 <UsbDevDisableAndFreeEndpoint>
D:/ALAIN/AT90USB/Projects/AT90USB/At90UsbMPLAB.X/src/usb_api.c:221
UsbDevSetUnconfiguredState(void)
{
  uint8_t i;
  UsbDevConfValue = UsbUnconfiguredState;
  i =  UsbNumEndpointsAT90USB;
  while (--i > 0) // free all endpoints but EP0
    13e6:	89 81       	ldd	r24, Y+1	; 0x01
    13e8:	81 50       	subi	r24, 0x01	; 1
    13ea:	89 83       	std	Y+1, r24	; 0x01
    13ec:	89 81       	ldd	r24, Y+1	; 0x01
    13ee:	88 23       	and	r24, r24
    13f0:	b9 f7       	brne	.-18     	; 0x13e0 <UsbDevSetUnconfiguredState+0x14>
D:/ALAIN/AT90USB/Projects/AT90USB/At90UsbMPLAB.X/src/usb_api.c:223
    UsbDevDisableAndFreeEndpoint(i);
  UsbAllocatedEPs = 1;
    13f2:	81 e0       	ldi	r24, 0x01	; 1
    13f4:	80 93 2c 1d 	sts	0x1D2C, r24	; 0x801d2c <UsbAllocatedEPs>
D:/ALAIN/AT90USB/Projects/AT90USB/At90UsbMPLAB.X/src/usb_api.c:224
}
    13f8:	00 00       	nop
    13fa:	0f 90       	pop	r0
    13fc:	df 91       	pop	r29
    13fe:	cf 91       	pop	r28
    1400:	08 95       	ret

00001402 <UsbDevSetConfiguration>:
UsbDevSetConfiguration():
D:/ALAIN/AT90USB/Projects/AT90USB/At90UsbMPLAB.X/src/usb_api.c:230

// A device can have multiple configurations. In the simplest case configurations may differ only in power consumption.
// But configurations can be totally different (differ in number of interfaces, endpoints, ...
bool
UsbDevSetConfiguration(uint8_t c)
{
    1402:	cf 93       	push	r28
    1404:	df 93       	push	r29
    1406:	00 d0       	rcall	.+0      	; 0x1408 <UsbDevSetConfiguration+0x6>
    1408:	cd b7       	in	r28, 0x3d	; 61
    140a:	de b7       	in	r29, 0x3e	; 62
    140c:	8a 83       	std	Y+2, r24	; 0x02
D:/ALAIN/AT90USB/Projects/AT90USB/At90UsbMPLAB.X/src/usb_api.c:232
  uint8_t i;
  switch (c)
    140e:	8a 81       	ldd	r24, Y+2	; 0x02
    1410:	88 2f       	mov	r24, r24
    1412:	90 e0       	ldi	r25, 0x00	; 0
    1414:	00 97       	sbiw	r24, 0x00	; 0
    1416:	19 f0       	breq	.+6      	; 0x141e <UsbDevSetConfiguration+0x1c>
    1418:	01 97       	sbiw	r24, 0x01	; 1
    141a:	29 f0       	breq	.+10     	; 0x1426 <UsbDevSetConfiguration+0x24>
    141c:	3d c0       	rjmp	.+122    	; 0x1498 <UsbDevSetConfiguration+0x96>
D:/ALAIN/AT90USB/Projects/AT90USB/At90UsbMPLAB.X/src/usb_api.c:235
  {
    case 0: // go back to unconfigured (addressed) state
      UsbDevSetUnconfiguredState();
    141e:	0e 94 e6 09 	call	0x13cc	; 0x13cc <UsbDevSetUnconfiguredState>
D:/ALAIN/AT90USB/Projects/AT90USB/At90UsbMPLAB.X/src/usb_api.c:236
      return true;
    1422:	81 e0       	ldi	r24, 0x01	; 1
    1424:	3e c0       	rjmp	.+124    	; 0x14a2 <UsbDevSetConfiguration+0xa0>
D:/ALAIN/AT90USB/Projects/AT90USB/At90UsbMPLAB.X/src/usb_api.c:239
      break;
    case 1: // set configuration 1
      if (UsbDevConfValue != c)
    1426:	80 91 2f 1d 	lds	r24, 0x1D2F	; 0x801d2f <UsbDevConfValue>
    142a:	9a 81       	ldd	r25, Y+2	; 0x02
    142c:	98 17       	cp	r25, r24
    142e:	89 f0       	breq	.+34     	; 0x1452 <UsbDevSetConfiguration+0x50>
D:/ALAIN/AT90USB/Projects/AT90USB/At90UsbMPLAB.X/src/usb_api.c:241
      {
        i = USB_MaxInterfaces;
    1430:	84 e0       	ldi	r24, 0x04	; 4
    1432:	89 83       	std	Y+1, r24	; 0x01
D:/ALAIN/AT90USB/Projects/AT90USB/At90UsbMPLAB.X/src/usb_api.c:242
        while (i-- > 0) AltSettingOfInterface[i] = UsbInterfaceUnconfigured;
    1434:	08 c0       	rjmp	.+16     	; 0x1446 <UsbDevSetConfiguration+0x44>
D:/ALAIN/AT90USB/Projects/AT90USB/At90UsbMPLAB.X/src/usb_api.c:242 (discriminator 2)
    1436:	89 81       	ldd	r24, Y+1	; 0x01
    1438:	88 2f       	mov	r24, r24
    143a:	90 e0       	ldi	r25, 0x00	; 0
    143c:	80 50       	subi	r24, 0x00	; 0
    143e:	9f 4f       	sbci	r25, 0xFF	; 255
    1440:	2f ef       	ldi	r18, 0xFF	; 255
    1442:	fc 01       	movw	r30, r24
    1444:	20 83       	st	Z, r18
D:/ALAIN/AT90USB/Projects/AT90USB/At90UsbMPLAB.X/src/usb_api.c:242 (discriminator 1)
    1446:	89 81       	ldd	r24, Y+1	; 0x01
    1448:	9f ef       	ldi	r25, 0xFF	; 255
    144a:	98 0f       	add	r25, r24
    144c:	99 83       	std	Y+1, r25	; 0x01
    144e:	88 23       	and	r24, r24
    1450:	91 f7       	brne	.-28     	; 0x1436 <UsbDevSetConfiguration+0x34>
D:/ALAIN/AT90USB/Projects/AT90USB/At90UsbMPLAB.X/src/usb_api.c:244
      }
      for (i = 0; i < USB_Interfaces[c-1]; i++)
    1452:	19 82       	std	Y+1, r1	; 0x01
    1454:	11 c0       	rjmp	.+34     	; 0x1478 <UsbDevSetConfiguration+0x76>
D:/ALAIN/AT90USB/Projects/AT90USB/At90UsbMPLAB.X/src/usb_api.c:246
      {
        if (!UsbDevSetInterface(c, i , 0))
    1456:	40 e0       	ldi	r20, 0x00	; 0
    1458:	69 81       	ldd	r22, Y+1	; 0x01
    145a:	8a 81       	ldd	r24, Y+2	; 0x02
    145c:	0e 94 56 0a 	call	0x14ac	; 0x14ac <UsbDevSetInterface>
    1460:	98 2f       	mov	r25, r24
    1462:	81 e0       	ldi	r24, 0x01	; 1
    1464:	89 27       	eor	r24, r25
    1466:	88 23       	and	r24, r24
    1468:	21 f0       	breq	.+8      	; 0x1472 <UsbDevSetConfiguration+0x70>
D:/ALAIN/AT90USB/Projects/AT90USB/At90UsbMPLAB.X/src/usb_api.c:248
        {
          UsbDevSetUnconfiguredState();
    146a:	0e 94 e6 09 	call	0x13cc	; 0x13cc <UsbDevSetUnconfiguredState>
D:/ALAIN/AT90USB/Projects/AT90USB/At90UsbMPLAB.X/src/usb_api.c:249
          return false;
    146e:	80 e0       	ldi	r24, 0x00	; 0
    1470:	18 c0       	rjmp	.+48     	; 0x14a2 <UsbDevSetConfiguration+0xa0>
D:/ALAIN/AT90USB/Projects/AT90USB/At90UsbMPLAB.X/src/usb_api.c:244 (discriminator 2)
      if (UsbDevConfValue != c)
      {
        i = USB_MaxInterfaces;
        while (i-- > 0) AltSettingOfInterface[i] = UsbInterfaceUnconfigured;
      }
      for (i = 0; i < USB_Interfaces[c-1]; i++)
    1472:	89 81       	ldd	r24, Y+1	; 0x01
    1474:	8f 5f       	subi	r24, 0xFF	; 255
    1476:	89 83       	std	Y+1, r24	; 0x01
D:/ALAIN/AT90USB/Projects/AT90USB/At90UsbMPLAB.X/src/usb_api.c:244 (discriminator 1)
    1478:	8a 81       	ldd	r24, Y+2	; 0x02
    147a:	88 2f       	mov	r24, r24
    147c:	90 e0       	ldi	r25, 0x00	; 0
    147e:	01 97       	sbiw	r24, 0x01	; 1
    1480:	8e 5f       	subi	r24, 0xFE	; 254
    1482:	9a 4e       	sbci	r25, 0xEA	; 234
    1484:	fc 01       	movw	r30, r24
    1486:	80 81       	ld	r24, Z
    1488:	99 81       	ldd	r25, Y+1	; 0x01
    148a:	98 17       	cp	r25, r24
    148c:	20 f3       	brcs	.-56     	; 0x1456 <UsbDevSetConfiguration+0x54>
D:/ALAIN/AT90USB/Projects/AT90USB/At90UsbMPLAB.X/src/usb_api.c:252
        {
          UsbDevSetUnconfiguredState();
          return false;
        }
      }
      UsbDevConfValue = c;
    148e:	8a 81       	ldd	r24, Y+2	; 0x02
    1490:	80 93 2f 1d 	sts	0x1D2F, r24	; 0x801d2f <UsbDevConfValue>
D:/ALAIN/AT90USB/Projects/AT90USB/At90UsbMPLAB.X/src/usb_api.c:253
      return true;
    1494:	81 e0       	ldi	r24, 0x01	; 1
    1496:	05 c0       	rjmp	.+10     	; 0x14a2 <UsbDevSetConfiguration+0xa0>
D:/ALAIN/AT90USB/Projects/AT90USB/At90UsbMPLAB.X/src/usb_api.c:256
      break;
    default:
      Debug("UsbDevSetConfiguration(): configuration does not exist!\r\n");
    1498:	8a ee       	ldi	r24, 0xEA	; 234
    149a:	95 e0       	ldi	r25, 0x05	; 5
    149c:	0e 94 9d 06 	call	0xd3a	; 0xd3a <USART_WriteString>
D:/ALAIN/AT90USB/Projects/AT90USB/At90UsbMPLAB.X/src/usb_api.c:257
      return false;
    14a0:	80 e0       	ldi	r24, 0x00	; 0
D:/ALAIN/AT90USB/Projects/AT90USB/At90UsbMPLAB.X/src/usb_api.c:259
  }
}
    14a2:	0f 90       	pop	r0
    14a4:	0f 90       	pop	r0
    14a6:	df 91       	pop	r29
    14a8:	cf 91       	pop	r28
    14aa:	08 95       	ret

000014ac <UsbDevSetInterface>:
UsbDevSetInterface():
D:/ALAIN/AT90USB/Projects/AT90USB/At90UsbMPLAB.X/src/usb_api.c:276
// with new FIFO sizes can not disturb other interfaces.
// If you really need more than one interface with different alternate settings (endpoint FIFO sizes) you may try to
// insert unused dummy endpoints to prevent memory slides or overlaps. Or use different configurations or force reallocation of all endpoints.
// Our application uses only interface 0 with endpoints ep1, ep2, ep3. But the code is designed to support more interfaces.
bool UsbDevSetInterface(uint8_t conf, uint8_t inf, uint8_t as)
{
    14ac:	0f 93       	push	r16
    14ae:	cf 93       	push	r28
    14b0:	df 93       	push	r29
    14b2:	00 d0       	rcall	.+0      	; 0x14b4 <UsbDevSetInterface+0x8>
    14b4:	00 d0       	rcall	.+0      	; 0x14b6 <UsbDevSetInterface+0xa>
    14b6:	cd b7       	in	r28, 0x3d	; 61
    14b8:	de b7       	in	r29, 0x3e	; 62
    14ba:	8a 83       	std	Y+2, r24	; 0x02
    14bc:	6b 83       	std	Y+3, r22	; 0x03
    14be:	4c 83       	std	Y+4, r20	; 0x04
D:/ALAIN/AT90USB/Projects/AT90USB/At90UsbMPLAB.X/src/usb_api.c:278
  uint8_t i;
  if (conf-- == UsbUnconfiguredState) // each interface should be bound to a configuration
    14c0:	8a 81       	ldd	r24, Y+2	; 0x02
    14c2:	9f ef       	ldi	r25, 0xFF	; 255
    14c4:	98 0f       	add	r25, r24
    14c6:	9a 83       	std	Y+2, r25	; 0x02
    14c8:	88 23       	and	r24, r24
    14ca:	31 f4       	brne	.+12     	; 0x14d8 <UsbDevSetInterface+0x2c>
D:/ALAIN/AT90USB/Projects/AT90USB/At90UsbMPLAB.X/src/usb_api.c:280
  {
    Debug("UsbDevSetInterface(): called from unconfigured (addressed) state!\r\n");
    14cc:	84 e2       	ldi	r24, 0x24	; 36
    14ce:	96 e0       	ldi	r25, 0x06	; 6
    14d0:	0e 94 9d 06 	call	0xd3a	; 0xd3a <USART_WriteString>
D:/ALAIN/AT90USB/Projects/AT90USB/At90UsbMPLAB.X/src/usb_api.c:281
    return false;
    14d4:	80 e0       	ldi	r24, 0x00	; 0
    14d6:	f4 c0       	rjmp	.+488    	; 0x16c0 <UsbDevSetInterface+0x214>
D:/ALAIN/AT90USB/Projects/AT90USB/At90UsbMPLAB.X/src/usb_api.c:283
  }
  if ((inf >= USB_Interfaces[conf]) || (as >= USB_AltSettings[conf][inf]))
    14d8:	8a 81       	ldd	r24, Y+2	; 0x02
    14da:	88 2f       	mov	r24, r24
    14dc:	90 e0       	ldi	r25, 0x00	; 0
    14de:	8e 5f       	subi	r24, 0xFE	; 254
    14e0:	9a 4e       	sbci	r25, 0xEA	; 234
    14e2:	fc 01       	movw	r30, r24
    14e4:	80 81       	ld	r24, Z
    14e6:	9b 81       	ldd	r25, Y+3	; 0x03
    14e8:	98 17       	cp	r25, r24
    14ea:	98 f4       	brcc	.+38     	; 0x1512 <UsbDevSetInterface+0x66>
D:/ALAIN/AT90USB/Projects/AT90USB/At90UsbMPLAB.X/src/usb_api.c:283 (discriminator 1)
    14ec:	8a 81       	ldd	r24, Y+2	; 0x02
    14ee:	28 2f       	mov	r18, r24
    14f0:	30 e0       	ldi	r19, 0x00	; 0
    14f2:	8b 81       	ldd	r24, Y+3	; 0x03
    14f4:	88 2f       	mov	r24, r24
    14f6:	90 e0       	ldi	r25, 0x00	; 0
    14f8:	22 0f       	add	r18, r18
    14fa:	33 1f       	adc	r19, r19
    14fc:	22 0f       	add	r18, r18
    14fe:	33 1f       	adc	r19, r19
    1500:	82 0f       	add	r24, r18
    1502:	93 1f       	adc	r25, r19
    1504:	86 5f       	subi	r24, 0xF6	; 246
    1506:	9a 4e       	sbci	r25, 0xEA	; 234
    1508:	fc 01       	movw	r30, r24
    150a:	80 81       	ld	r24, Z
    150c:	9c 81       	ldd	r25, Y+4	; 0x04
    150e:	98 17       	cp	r25, r24
    1510:	30 f0       	brcs	.+12     	; 0x151e <UsbDevSetInterface+0x72>
D:/ALAIN/AT90USB/Projects/AT90USB/At90UsbMPLAB.X/src/usb_api.c:285
  {
    Debug("UsbDevSetInterface(): interface not supported!\r\n"); 
    1512:	88 e6       	ldi	r24, 0x68	; 104
    1514:	96 e0       	ldi	r25, 0x06	; 6
    1516:	0e 94 9d 06 	call	0xd3a	; 0xd3a <USART_WriteString>
D:/ALAIN/AT90USB/Projects/AT90USB/At90UsbMPLAB.X/src/usb_api.c:286
    return false;
    151a:	80 e0       	ldi	r24, 0x00	; 0
    151c:	d1 c0       	rjmp	.+418    	; 0x16c0 <UsbDevSetInterface+0x214>
D:/ALAIN/AT90USB/Projects/AT90USB/At90UsbMPLAB.X/src/usb_api.c:288
  }
  if ((as > 0) && (inf != (USB_Interfaces[conf]-1)))
    151e:	8c 81       	ldd	r24, Y+4	; 0x04
    1520:	88 23       	and	r24, r24
    1522:	b1 f0       	breq	.+44     	; 0x1550 <UsbDevSetInterface+0xa4>
D:/ALAIN/AT90USB/Projects/AT90USB/At90UsbMPLAB.X/src/usb_api.c:288 (discriminator 1)
    1524:	8b 81       	ldd	r24, Y+3	; 0x03
    1526:	28 2f       	mov	r18, r24
    1528:	30 e0       	ldi	r19, 0x00	; 0
    152a:	8a 81       	ldd	r24, Y+2	; 0x02
    152c:	88 2f       	mov	r24, r24
    152e:	90 e0       	ldi	r25, 0x00	; 0
    1530:	8e 5f       	subi	r24, 0xFE	; 254
    1532:	9a 4e       	sbci	r25, 0xEA	; 234
    1534:	fc 01       	movw	r30, r24
    1536:	80 81       	ld	r24, Z
    1538:	88 2f       	mov	r24, r24
    153a:	90 e0       	ldi	r25, 0x00	; 0
    153c:	01 97       	sbiw	r24, 0x01	; 1
    153e:	28 17       	cp	r18, r24
    1540:	39 07       	cpc	r19, r25
    1542:	31 f0       	breq	.+12     	; 0x1550 <UsbDevSetInterface+0xa4>
D:/ALAIN/AT90USB/Projects/AT90USB/At90UsbMPLAB.X/src/usb_api.c:290
  {
    Debug("UsbDevSetInterface(): Multiple interfaces with more than one alternate setting => FIFO memory conflicts may occur!\r\n"); 
    1544:	89 e9       	ldi	r24, 0x99	; 153
    1546:	96 e0       	ldi	r25, 0x06	; 6
    1548:	0e 94 9d 06 	call	0xd3a	; 0xd3a <USART_WriteString>
D:/ALAIN/AT90USB/Projects/AT90USB/At90UsbMPLAB.X/src/usb_api.c:291
    return false;
    154c:	80 e0       	ldi	r24, 0x00	; 0
    154e:	b8 c0       	rjmp	.+368    	; 0x16c0 <UsbDevSetInterface+0x214>
D:/ALAIN/AT90USB/Projects/AT90USB/At90UsbMPLAB.X/src/usb_api.c:293
  }
  if (AltSettingOfInterface[inf] == as) // no changes, reset toggle bits of endpoints of this interface
    1550:	8b 81       	ldd	r24, Y+3	; 0x03
    1552:	88 2f       	mov	r24, r24
    1554:	90 e0       	ldi	r25, 0x00	; 0
    1556:	80 50       	subi	r24, 0x00	; 0
    1558:	9f 4f       	sbci	r25, 0xFF	; 255
    155a:	fc 01       	movw	r30, r24
    155c:	80 81       	ld	r24, Z
    155e:	9c 81       	ldd	r25, Y+4	; 0x04
    1560:	98 17       	cp	r25, r24
    1562:	c9 f5       	brne	.+114    	; 0x15d6 <UsbDevSetInterface+0x12a>
D:/ALAIN/AT90USB/Projects/AT90USB/At90UsbMPLAB.X/src/usb_api.c:295
  {
    if (conf == 0)
    1564:	8a 81       	ldd	r24, Y+2	; 0x02
    1566:	88 23       	and	r24, r24
    1568:	a1 f5       	brne	.+104    	; 0x15d2 <UsbDevSetInterface+0x126>
D:/ALAIN/AT90USB/Projects/AT90USB/At90UsbMPLAB.X/src/usb_api.c:297
    {
      if (inf == 0) // first interface of first configuration 
    156a:	8b 81       	ldd	r24, Y+3	; 0x03
    156c:	88 23       	and	r24, r24
    156e:	89 f5       	brne	.+98     	; 0x15d2 <UsbDevSetInterface+0x126>
D:/ALAIN/AT90USB/Projects/AT90USB/At90UsbMPLAB.X/src/usb_api.c:299
      {
        for (i = 1; i < 4; i++) // reset toggle bit of all endpoints of this interface; an endpoint reset may be necessary too
    1570:	81 e0       	ldi	r24, 0x01	; 1
    1572:	89 83       	std	Y+1, r24	; 0x01
    1574:	2b c0       	rjmp	.+86     	; 0x15cc <UsbDevSetInterface+0x120>
D:/ALAIN/AT90USB/Projects/AT90USB/At90UsbMPLAB.X/src/usb_api.c:301 (discriminator 3)
        {
          UsbDevSelectEndpoint(i);
    1576:	89 ee       	ldi	r24, 0xE9	; 233
    1578:	90 e0       	ldi	r25, 0x00	; 0
    157a:	29 81       	ldd	r18, Y+1	; 0x01
    157c:	27 70       	andi	r18, 0x07	; 7
    157e:	fc 01       	movw	r30, r24
    1580:	20 83       	st	Z, r18
D:/ALAIN/AT90USB/Projects/AT90USB/At90UsbMPLAB.X/src/usb_api.c:302 (discriminator 3)
          UsbDevResetEndpoint(i);
    1582:	8a ee       	ldi	r24, 0xEA	; 234
    1584:	90 e0       	ldi	r25, 0x00	; 0
    1586:	fc 01       	movw	r30, r24
    1588:	80 81       	ld	r24, Z
    158a:	48 2f       	mov	r20, r24
    158c:	89 81       	ldd	r24, Y+1	; 0x01
    158e:	28 2f       	mov	r18, r24
    1590:	30 e0       	ldi	r19, 0x00	; 0
    1592:	81 e0       	ldi	r24, 0x01	; 1
    1594:	90 e0       	ldi	r25, 0x00	; 0
    1596:	02 c0       	rjmp	.+4      	; 0x159c <UsbDevSetInterface+0xf0>
    1598:	88 0f       	add	r24, r24
    159a:	99 1f       	adc	r25, r25
    159c:	2a 95       	dec	r18
    159e:	e2 f7       	brpl	.-8      	; 0x1598 <UsbDevSetInterface+0xec>
    15a0:	24 2f       	mov	r18, r20
    15a2:	28 2b       	or	r18, r24
    15a4:	8a ee       	ldi	r24, 0xEA	; 234
    15a6:	90 e0       	ldi	r25, 0x00	; 0
    15a8:	fc 01       	movw	r30, r24
    15aa:	20 83       	st	Z, r18
    15ac:	8a ee       	ldi	r24, 0xEA	; 234
    15ae:	90 e0       	ldi	r25, 0x00	; 0
    15b0:	fc 01       	movw	r30, r24
    15b2:	10 82       	st	Z, r1
D:/ALAIN/AT90USB/Projects/AT90USB/At90UsbMPLAB.X/src/usb_api.c:303 (discriminator 3)
          UsbDevResetDataToggleBit();
    15b4:	8b ee       	ldi	r24, 0xEB	; 235
    15b6:	90 e0       	ldi	r25, 0x00	; 0
    15b8:	fc 01       	movw	r30, r24
    15ba:	20 81       	ld	r18, Z
    15bc:	8b ee       	ldi	r24, 0xEB	; 235
    15be:	90 e0       	ldi	r25, 0x00	; 0
    15c0:	28 60       	ori	r18, 0x08	; 8
    15c2:	fc 01       	movw	r30, r24
    15c4:	20 83       	st	Z, r18
D:/ALAIN/AT90USB/Projects/AT90USB/At90UsbMPLAB.X/src/usb_api.c:299 (discriminator 3)
  {
    if (conf == 0)
    {
      if (inf == 0) // first interface of first configuration 
      {
        for (i = 1; i < 4; i++) // reset toggle bit of all endpoints of this interface; an endpoint reset may be necessary too
    15c6:	89 81       	ldd	r24, Y+1	; 0x01
    15c8:	8f 5f       	subi	r24, 0xFF	; 255
    15ca:	89 83       	std	Y+1, r24	; 0x01
D:/ALAIN/AT90USB/Projects/AT90USB/At90UsbMPLAB.X/src/usb_api.c:299 (discriminator 1)
    15cc:	89 81       	ldd	r24, Y+1	; 0x01
    15ce:	84 30       	cpi	r24, 0x04	; 4
    15d0:	90 f2       	brcs	.-92     	; 0x1576 <UsbDevSetInterface+0xca>
D:/ALAIN/AT90USB/Projects/AT90USB/At90UsbMPLAB.X/src/usb_api.c:314
      }
    }
    else if (conf == 2) // similar operations 
    {
    }
    return true;
    15d2:	81 e0       	ldi	r24, 0x01	; 1
    15d4:	75 c0       	rjmp	.+234    	; 0x16c0 <UsbDevSetInterface+0x214>
D:/ALAIN/AT90USB/Projects/AT90USB/At90UsbMPLAB.X/src/usb_api.c:316
  }
  if (conf == 0)
    15d6:	8a 81       	ldd	r24, Y+2	; 0x02
    15d8:	88 23       	and	r24, r24
    15da:	09 f0       	breq	.+2      	; 0x15de <UsbDevSetInterface+0x132>
    15dc:	70 c0       	rjmp	.+224    	; 0x16be <UsbDevSetInterface+0x212>
D:/ALAIN/AT90USB/Projects/AT90USB/At90UsbMPLAB.X/src/usb_api.c:318
  {
    if (inf == 0) // first allocation or reallocation with new alternate setting
    15de:	8b 81       	ldd	r24, Y+3	; 0x03
    15e0:	88 23       	and	r24, r24
    15e2:	09 f0       	breq	.+2      	; 0x15e6 <UsbDevSetInterface+0x13a>
    15e4:	6c c0       	rjmp	.+216    	; 0x16be <UsbDevSetInterface+0x212>
D:/ALAIN/AT90USB/Projects/AT90USB/At90UsbMPLAB.X/src/usb_api.c:320
    {
      UsbDevDisableAndFreeEndpoint(3);
    15e6:	83 e0       	ldi	r24, 0x03	; 3
    15e8:	0e 94 c3 09 	call	0x1386	; 0x1386 <UsbDevDisableAndFreeEndpoint>
D:/ALAIN/AT90USB/Projects/AT90USB/At90UsbMPLAB.X/src/usb_api.c:321
      UsbDevDisableAndFreeEndpoint(2);
    15ec:	82 e0       	ldi	r24, 0x02	; 2
    15ee:	0e 94 c3 09 	call	0x1386	; 0x1386 <UsbDevDisableAndFreeEndpoint>
D:/ALAIN/AT90USB/Projects/AT90USB/At90UsbMPLAB.X/src/usb_api.c:322
      UsbDevDisableAndFreeEndpoint(1);
    15f2:	81 e0       	ldi	r24, 0x01	; 1
    15f4:	0e 94 c3 09 	call	0x1386	; 0x1386 <UsbDevDisableAndFreeEndpoint>
D:/ALAIN/AT90USB/Projects/AT90USB/At90UsbMPLAB.X/src/usb_api.c:323
      UsbAllocatedEPs = 1;
    15f8:	81 e0       	ldi	r24, 0x01	; 1
    15fa:	80 93 2c 1d 	sts	0x1D2C, r24	; 0x801d2c <UsbAllocatedEPs>
D:/ALAIN/AT90USB/Projects/AT90USB/At90UsbMPLAB.X/src/usb_api.c:324
      AltSettingOfInterface[0] = UsbInterfaceUnconfigured;
    15fe:	8f ef       	ldi	r24, 0xFF	; 255
    1600:	80 93 00 01 	sts	0x0100, r24	; 0x800100 <__DATA_REGION_ORIGIN__>
D:/ALAIN/AT90USB/Projects/AT90USB/At90UsbMPLAB.X/src/usb_api.c:325
      if (as == 0) // use alternate setting 0 
    1604:	8c 81       	ldd	r24, Y+4	; 0x04
    1606:	88 23       	and	r24, r24
    1608:	09 f0       	breq	.+2      	; 0x160c <UsbDevSetInterface+0x160>
    160a:	51 c0       	rjmp	.+162    	; 0x16ae <UsbDevSetInterface+0x202>
D:/ALAIN/AT90USB/Projects/AT90USB/At90UsbMPLAB.X/src/usb_api.c:327
      {
        if (UsbDevEP_Setup(1, UsbEP_TypeBulk, EP1_FIFO_Size, 1, UsbEP_DirIn))
    160c:	01 e0       	ldi	r16, 0x01	; 1
    160e:	21 e0       	ldi	r18, 0x01	; 1
    1610:	48 e0       	ldi	r20, 0x08	; 8
    1612:	50 e0       	ldi	r21, 0x00	; 0
    1614:	62 e0       	ldi	r22, 0x02	; 2
    1616:	81 e0       	ldi	r24, 0x01	; 1
    1618:	0e 94 4f 0c 	call	0x189e	; 0x189e <UsbDevEP_Setup>
    161c:	88 23       	and	r24, r24
    161e:	c1 f0       	breq	.+48     	; 0x1650 <UsbDevSetInterface+0x1a4>
D:/ALAIN/AT90USB/Projects/AT90USB/At90UsbMPLAB.X/src/usb_api.c:329
        {
          Debug("!!! Successful set up EP1!\r\n");
    1620:	8e e0       	ldi	r24, 0x0E	; 14
    1622:	97 e0       	ldi	r25, 0x07	; 7
    1624:	0e 94 9d 06 	call	0xd3a	; 0xd3a <USART_WriteString>
D:/ALAIN/AT90USB/Projects/AT90USB/At90UsbMPLAB.X/src/usb_api.c:331
          //UsbDevSelectEndpoint(1); this ep is already selected by UsbDevEP_Setup()
          UsbDevEnableNAK_IN_Int(); // trigger interrupt when host got a NAK as a result of a read request
    1628:	80 ef       	ldi	r24, 0xF0	; 240
    162a:	90 e0       	ldi	r25, 0x00	; 0
    162c:	fc 01       	movw	r30, r24
    162e:	20 81       	ld	r18, Z
    1630:	80 ef       	ldi	r24, 0xF0	; 240
    1632:	90 e0       	ldi	r25, 0x00	; 0
    1634:	20 64       	ori	r18, 0x40	; 64
    1636:	fc 01       	movw	r30, r24
    1638:	20 83       	st	Z, r18
D:/ALAIN/AT90USB/Projects/AT90USB/At90UsbMPLAB.X/src/usb_api.c:338
        else
        {
          Debug("!!!  Setup of EP1 failed!\r\n"); // should not occur ;-)
          return false;
        }
        if (UsbDevEP_Setup(2, UsbEP_TypeBulk, EP2_FIFO_Size, 2, UsbEP_DirIn))
    163a:	01 e0       	ldi	r16, 0x01	; 1
    163c:	22 e0       	ldi	r18, 0x02	; 2
    163e:	40 e4       	ldi	r20, 0x40	; 64
    1640:	50 e0       	ldi	r21, 0x00	; 0
    1642:	62 e0       	ldi	r22, 0x02	; 2
    1644:	82 e0       	ldi	r24, 0x02	; 2
    1646:	0e 94 4f 0c 	call	0x189e	; 0x189e <UsbDevEP_Setup>
    164a:	88 23       	and	r24, r24
    164c:	b1 f0       	breq	.+44     	; 0x167a <UsbDevSetInterface+0x1ce>
    164e:	06 c0       	rjmp	.+12     	; 0x165c <UsbDevSetInterface+0x1b0>
D:/ALAIN/AT90USB/Projects/AT90USB/At90UsbMPLAB.X/src/usb_api.c:335
          //UsbDevSelectEndpoint(1); this ep is already selected by UsbDevEP_Setup()
          UsbDevEnableNAK_IN_Int(); // trigger interrupt when host got a NAK as a result of a read request
        }
        else
        {
          Debug("!!!  Setup of EP1 failed!\r\n"); // should not occur ;-)
    1650:	8b e2       	ldi	r24, 0x2B	; 43
    1652:	97 e0       	ldi	r25, 0x07	; 7
    1654:	0e 94 9d 06 	call	0xd3a	; 0xd3a <USART_WriteString>
D:/ALAIN/AT90USB/Projects/AT90USB/At90UsbMPLAB.X/src/usb_api.c:336
          return false;
    1658:	80 e0       	ldi	r24, 0x00	; 0
    165a:	32 c0       	rjmp	.+100    	; 0x16c0 <UsbDevSetInterface+0x214>
D:/ALAIN/AT90USB/Projects/AT90USB/At90UsbMPLAB.X/src/usb_api.c:340
        }
        if (UsbDevEP_Setup(2, UsbEP_TypeBulk, EP2_FIFO_Size, 2, UsbEP_DirIn))
        {
          Debug("!!! Successful set up EP2!\r\n");
    165c:	87 e4       	ldi	r24, 0x47	; 71
    165e:	97 e0       	ldi	r25, 0x07	; 7
    1660:	0e 94 9d 06 	call	0xd3a	; 0xd3a <USART_WriteString>
D:/ALAIN/AT90USB/Projects/AT90USB/At90UsbMPLAB.X/src/usb_api.c:347
        else
        {
          Debug("!!!  Setup of EP2 failed!\r\n");
          return false;
        }
        if (UsbDevEP_Setup(3, UsbEP_TypeBulk, EP3_FIFO_Size, 1, UsbEP_DirOut))
    1664:	00 e0       	ldi	r16, 0x00	; 0
    1666:	21 e0       	ldi	r18, 0x01	; 1
    1668:	48 e0       	ldi	r20, 0x08	; 8
    166a:	50 e0       	ldi	r21, 0x00	; 0
    166c:	62 e0       	ldi	r22, 0x02	; 2
    166e:	83 e0       	ldi	r24, 0x03	; 3
    1670:	0e 94 4f 0c 	call	0x189e	; 0x189e <UsbDevEP_Setup>
    1674:	88 23       	and	r24, r24
    1676:	a9 f0       	breq	.+42     	; 0x16a2 <UsbDevSetInterface+0x1f6>
    1678:	06 c0       	rjmp	.+12     	; 0x1686 <UsbDevSetInterface+0x1da>
D:/ALAIN/AT90USB/Projects/AT90USB/At90UsbMPLAB.X/src/usb_api.c:344
        {
          Debug("!!! Successful set up EP2!\r\n");
        }
        else
        {
          Debug("!!!  Setup of EP2 failed!\r\n");
    167a:	84 e6       	ldi	r24, 0x64	; 100
    167c:	97 e0       	ldi	r25, 0x07	; 7
    167e:	0e 94 9d 06 	call	0xd3a	; 0xd3a <USART_WriteString>
D:/ALAIN/AT90USB/Projects/AT90USB/At90UsbMPLAB.X/src/usb_api.c:345
          return false;
    1682:	80 e0       	ldi	r24, 0x00	; 0
    1684:	1d c0       	rjmp	.+58     	; 0x16c0 <UsbDevSetInterface+0x214>
D:/ALAIN/AT90USB/Projects/AT90USB/At90UsbMPLAB.X/src/usb_api.c:349
        }
        if (UsbDevEP_Setup(3, UsbEP_TypeBulk, EP3_FIFO_Size, 1, UsbEP_DirOut))
        {
          Debug("!!! Successful set up EP3!\r\n");
    1686:	80 e8       	ldi	r24, 0x80	; 128
    1688:	97 e0       	ldi	r25, 0x07	; 7
    168a:	0e 94 9d 06 	call	0xd3a	; 0xd3a <USART_WriteString>
D:/ALAIN/AT90USB/Projects/AT90USB/At90UsbMPLAB.X/src/usb_api.c:350
          UsbDevEnableReceivedOUT_DATA_Int(); // trigger interrupt when out data is available
    168e:	80 ef       	ldi	r24, 0xF0	; 240
    1690:	90 e0       	ldi	r25, 0x00	; 0
    1692:	fc 01       	movw	r30, r24
    1694:	20 81       	ld	r18, Z
    1696:	80 ef       	ldi	r24, 0xF0	; 240
    1698:	90 e0       	ldi	r25, 0x00	; 0
    169a:	24 60       	ori	r18, 0x04	; 4
    169c:	fc 01       	movw	r30, r24
    169e:	20 83       	st	Z, r18
    16a0:	06 c0       	rjmp	.+12     	; 0x16ae <UsbDevSetInterface+0x202>
D:/ALAIN/AT90USB/Projects/AT90USB/At90UsbMPLAB.X/src/usb_api.c:354
        }
        else
        {
          Debug("!!!  Setup of EP3 failed!\r\n");
    16a2:	8d e9       	ldi	r24, 0x9D	; 157
    16a4:	97 e0       	ldi	r25, 0x07	; 7
    16a6:	0e 94 9d 06 	call	0xd3a	; 0xd3a <USART_WriteString>
D:/ALAIN/AT90USB/Projects/AT90USB/At90UsbMPLAB.X/src/usb_api.c:355
          return false;
    16aa:	80 e0       	ldi	r24, 0x00	; 0
    16ac:	09 c0       	rjmp	.+18     	; 0x16c0 <UsbDevSetInterface+0x214>
D:/ALAIN/AT90USB/Projects/AT90USB/At90UsbMPLAB.X/src/usb_api.c:362
      }
      else if (as == 1) // alternate setting 1
      {
        // set up same endpoints with different parameters (FIFO-size)
      }
      AltSettingOfInterface[0] = as;
    16ae:	8c 81       	ldd	r24, Y+4	; 0x04
    16b0:	80 93 00 01 	sts	0x0100, r24	; 0x800100 <__DATA_REGION_ORIGIN__>
D:/ALAIN/AT90USB/Projects/AT90USB/At90UsbMPLAB.X/src/usb_api.c:363
      UsbStartupFinished = 1;
    16b4:	81 e0       	ldi	r24, 0x01	; 1
    16b6:	80 93 2d 1d 	sts	0x1D2D, r24	; 0x801d2d <UsbStartupFinished>
D:/ALAIN/AT90USB/Projects/AT90USB/At90UsbMPLAB.X/src/usb_api.c:364
      return true;
    16ba:	81 e0       	ldi	r24, 0x01	; 1
    16bc:	01 c0       	rjmp	.+2      	; 0x16c0 <UsbDevSetInterface+0x214>
D:/ALAIN/AT90USB/Projects/AT90USB/At90UsbMPLAB.X/src/usb_api.c:373
    }
  }
  else if (conf == 1) // similar setup if configuration 2 with other interfaces is selected
  {
  }
  return false; // dummy to suppress compiler warning 
    16be:	80 e0       	ldi	r24, 0x00	; 0
D:/ALAIN/AT90USB/Projects/AT90USB/At90UsbMPLAB.X/src/usb_api.c:374
}
    16c0:	0f 90       	pop	r0
    16c2:	0f 90       	pop	r0
    16c4:	0f 90       	pop	r0
    16c6:	0f 90       	pop	r0
    16c8:	df 91       	pop	r29
    16ca:	cf 91       	pop	r28
    16cc:	0f 91       	pop	r16
    16ce:	08 95       	ret

000016d0 <UsbDevProcessVendorRequest>:
UsbDevProcessVendorRequest():
D:/ALAIN/AT90USB/Projects/AT90USB/At90UsbMPLAB.X/src/usb_api.c:378

void
UsbDevProcessVendorRequest(USB_DeviceRequest *req)
{
    16d0:	cf 93       	push	r28
    16d2:	df 93       	push	r29
    16d4:	00 d0       	rcall	.+0      	; 0x16d6 <UsbDevProcessVendorRequest+0x6>
    16d6:	cd b7       	in	r28, 0x3d	; 61
    16d8:	de b7       	in	r29, 0x3e	; 62
    16da:	9a 83       	std	Y+2, r25	; 0x02
    16dc:	89 83       	std	Y+1, r24	; 0x01
D:/ALAIN/AT90USB/Projects/AT90USB/At90UsbMPLAB.X/src/usb_api.c:379
  ProcessUserCommand(req->bRequest, req->wValue, req->wIndex);
    16de:	89 81       	ldd	r24, Y+1	; 0x01
    16e0:	9a 81       	ldd	r25, Y+2	; 0x02
    16e2:	fc 01       	movw	r30, r24
    16e4:	44 81       	ldd	r20, Z+4	; 0x04
    16e6:	55 81       	ldd	r21, Z+5	; 0x05
    16e8:	89 81       	ldd	r24, Y+1	; 0x01
    16ea:	9a 81       	ldd	r25, Y+2	; 0x02
    16ec:	fc 01       	movw	r30, r24
    16ee:	22 81       	ldd	r18, Z+2	; 0x02
    16f0:	33 81       	ldd	r19, Z+3	; 0x03
    16f2:	89 81       	ldd	r24, Y+1	; 0x01
    16f4:	9a 81       	ldd	r25, Y+2	; 0x02
    16f6:	fc 01       	movw	r30, r24
    16f8:	81 81       	ldd	r24, Z+1	; 0x01
    16fa:	b9 01       	movw	r22, r18
    16fc:	0e 94 d7 02 	call	0x5ae	; 0x5ae <ProcessUserCommand>
D:/ALAIN/AT90USB/Projects/AT90USB/At90UsbMPLAB.X/src/usb_api.c:380
}
    1700:	00 00       	nop
    1702:	0f 90       	pop	r0
    1704:	0f 90       	pop	r0
    1706:	df 91       	pop	r29
    1708:	cf 91       	pop	r28
    170a:	08 95       	ret

0000170c <UsbInitialReset>:
UsbInitialReset():
D:/ALAIN/AT90USB/Projects/AT90USB/At90UsbMPLAB.X/src/usb_drv.c:22
// Reason: Atmels bootloader activates some interrupts.
// This function deactivates it, so we have clean start
// conditions if our program is started from bootloader.
void
UsbInitialReset(void)
{
    170c:	cf 93       	push	r28
    170e:	df 93       	push	r29
    1710:	cd b7       	in	r28, 0x3d	; 61
    1712:	de b7       	in	r29, 0x3e	; 62
D:/ALAIN/AT90USB/Projects/AT90USB/At90UsbMPLAB.X/src/usb_drv.c:23
  USBCON	= (1<<FRZCLK);
    1714:	88 ed       	ldi	r24, 0xD8	; 216
    1716:	90 e0       	ldi	r25, 0x00	; 0
    1718:	20 e2       	ldi	r18, 0x20	; 32
    171a:	fc 01       	movw	r30, r24
    171c:	20 83       	st	Z, r18
D:/ALAIN/AT90USB/Projects/AT90USB/At90UsbMPLAB.X/src/usb_drv.c:24
  OTGIEN	= 0;
    171e:	8e ed       	ldi	r24, 0xDE	; 222
    1720:	90 e0       	ldi	r25, 0x00	; 0
    1722:	fc 01       	movw	r30, r24
    1724:	10 82       	st	Z, r1
D:/ALAIN/AT90USB/Projects/AT90USB/At90UsbMPLAB.X/src/usb_drv.c:25
  UDIEN		= 0;
    1726:	82 ee       	ldi	r24, 0xE2	; 226
    1728:	90 e0       	ldi	r25, 0x00	; 0
    172a:	fc 01       	movw	r30, r24
    172c:	10 82       	st	Z, r1
D:/ALAIN/AT90USB/Projects/AT90USB/At90UsbMPLAB.X/src/usb_drv.c:26
  UHIEN		= 0;
    172e:	80 ea       	ldi	r24, 0xA0	; 160
    1730:	90 e0       	ldi	r25, 0x00	; 0
    1732:	fc 01       	movw	r30, r24
    1734:	10 82       	st	Z, r1
D:/ALAIN/AT90USB/Projects/AT90USB/At90UsbMPLAB.X/src/usb_drv.c:27
  UEIENX	= 0;
    1736:	80 ef       	ldi	r24, 0xF0	; 240
    1738:	90 e0       	ldi	r25, 0x00	; 0
    173a:	fc 01       	movw	r30, r24
    173c:	10 82       	st	Z, r1
D:/ALAIN/AT90USB/Projects/AT90USB/At90UsbMPLAB.X/src/usb_drv.c:28
  UPIENX	= 0;
    173e:	8e ea       	ldi	r24, 0xAE	; 174
    1740:	90 e0       	ldi	r25, 0x00	; 0
    1742:	fc 01       	movw	r30, r24
    1744:	10 82       	st	Z, r1
D:/ALAIN/AT90USB/Projects/AT90USB/At90UsbMPLAB.X/src/usb_drv.c:29
  UHWCON	= (1<<UIMOD);
    1746:	87 ed       	ldi	r24, 0xD7	; 215
    1748:	90 e0       	ldi	r25, 0x00	; 0
    174a:	20 e8       	ldi	r18, 0x80	; 128
    174c:	fc 01       	movw	r30, r24
    174e:	20 83       	st	Z, r18
D:/ALAIN/AT90USB/Projects/AT90USB/At90UsbMPLAB.X/src/usb_drv.c:30
}
    1750:	00 00       	nop
    1752:	df 91       	pop	r29
    1754:	cf 91       	pop	r28
    1756:	08 95       	ret

00001758 <UsbStartPLL>:
UsbStartPLL():
D:/ALAIN/AT90USB/Projects/AT90USB/At90UsbMPLAB.X/src/usb_drv.c:35

// Start PLL and enable clock
void
UsbStartPLL(void)
{
    1758:	cf 93       	push	r28
    175a:	df 93       	push	r29
    175c:	cd b7       	in	r28, 0x3d	; 61
    175e:	de b7       	in	r29, 0x3e	; 62
D:/ALAIN/AT90USB/Projects/AT90USB/At90UsbMPLAB.X/src/usb_drv.c:36
  UsbSetPLL_XTAL_Frequency();
    1760:	89 e4       	ldi	r24, 0x49	; 73
    1762:	90 e0       	ldi	r25, 0x00	; 0
    1764:	24 e1       	ldi	r18, 0x14	; 20
    1766:	fc 01       	movw	r30, r24
    1768:	20 83       	st	Z, r18
D:/ALAIN/AT90USB/Projects/AT90USB/At90UsbMPLAB.X/src/usb_drv.c:37
  UsbEnablePLL();
    176a:	89 e4       	ldi	r24, 0x49	; 73
    176c:	90 e0       	ldi	r25, 0x00	; 0
    176e:	fc 01       	movw	r30, r24
    1770:	20 81       	ld	r18, Z
    1772:	89 e4       	ldi	r24, 0x49	; 73
    1774:	90 e0       	ldi	r25, 0x00	; 0
    1776:	22 60       	ori	r18, 0x02	; 2
    1778:	fc 01       	movw	r30, r24
    177a:	20 83       	st	Z, r18
D:/ALAIN/AT90USB/Projects/AT90USB/At90UsbMPLAB.X/src/usb_drv.c:38
  UsbWaitPLL_Locked();
    177c:	00 00       	nop
D:/ALAIN/AT90USB/Projects/AT90USB/At90UsbMPLAB.X/src/usb_drv.c:38 (discriminator 1)
    177e:	89 e4       	ldi	r24, 0x49	; 73
    1780:	90 e0       	ldi	r25, 0x00	; 0
    1782:	fc 01       	movw	r30, r24
    1784:	80 81       	ld	r24, Z
    1786:	88 2f       	mov	r24, r24
    1788:	90 e0       	ldi	r25, 0x00	; 0
    178a:	81 70       	andi	r24, 0x01	; 1
    178c:	99 27       	eor	r25, r25
    178e:	89 2b       	or	r24, r25
    1790:	b1 f3       	breq	.-20     	; 0x177e <UsbStartPLL+0x26>
D:/ALAIN/AT90USB/Projects/AT90USB/At90UsbMPLAB.X/src/usb_drv.c:39
  UsbEnableClock();
    1792:	88 ed       	ldi	r24, 0xD8	; 216
    1794:	90 e0       	ldi	r25, 0x00	; 0
    1796:	fc 01       	movw	r30, r24
    1798:	20 81       	ld	r18, Z
    179a:	88 ed       	ldi	r24, 0xD8	; 216
    179c:	90 e0       	ldi	r25, 0x00	; 0
    179e:	2f 7d       	andi	r18, 0xDF	; 223
    17a0:	fc 01       	movw	r30, r24
    17a2:	20 83       	st	Z, r18
D:/ALAIN/AT90USB/Projects/AT90USB/At90UsbMPLAB.X/src/usb_drv.c:40
}
    17a4:	00 00       	nop
    17a6:	df 91       	pop	r29
    17a8:	cf 91       	pop	r28
    17aa:	08 95       	ret

000017ac <UsbDevLaunchDevice>:
UsbDevLaunchDevice():
D:/ALAIN/AT90USB/Projects/AT90USB/At90UsbMPLAB.X/src/usb_drv.c:46

// Basic USB activation necessary to trigger a wakeup interrupt
// Wakeup ISR will start PLL clock, then USB-END-OF-RESET interrupts are recognized
void
UsbDevLaunchDevice(bool lowspeed)
{
    17ac:	cf 93       	push	r28
    17ae:	df 93       	push	r29
    17b0:	1f 92       	push	r1
    17b2:	cd b7       	in	r28, 0x3d	; 61
    17b4:	de b7       	in	r29, 0x3e	; 62
    17b6:	89 83       	std	Y+1, r24	; 0x01
D:/ALAIN/AT90USB/Projects/AT90USB/At90UsbMPLAB.X/src/usb_drv.c:47
  UsbInitialReset();
    17b8:	0e 94 86 0b 	call	0x170c	; 0x170c <UsbInitialReset>
D:/ALAIN/AT90USB/Projects/AT90USB/At90UsbMPLAB.X/src/usb_drv.c:50
  if (1) // set it to (1) if you need very small code size (i.e. bootloader, saves 78 bytes)
  {
    UHWCON = ((1<<UIMOD) | (1<<UVREGE));
    17bc:	87 ed       	ldi	r24, 0xD7	; 215
    17be:	90 e0       	ldi	r25, 0x00	; 0
    17c0:	21 e8       	ldi	r18, 0x81	; 129
    17c2:	fc 01       	movw	r30, r24
    17c4:	20 83       	st	Z, r18
D:/ALAIN/AT90USB/Projects/AT90USB/At90UsbMPLAB.X/src/usb_drv.c:51
    USBCON = ((1<<USBE) | (1<<OTGPADE) | (1<<FRZCLK));
    17c6:	88 ed       	ldi	r24, 0xD8	; 216
    17c8:	90 e0       	ldi	r25, 0x00	; 0
    17ca:	20 eb       	ldi	r18, 0xB0	; 176
    17cc:	fc 01       	movw	r30, r24
    17ce:	20 83       	st	Z, r18
D:/ALAIN/AT90USB/Projects/AT90USB/At90UsbMPLAB.X/src/usb_drv.c:52
    asm volatile ("nop"); // nop may be are necessary if mpu is clocked with 16 MHz (deactivated prescaler)
    17d0:	00 00       	nop
D:/ALAIN/AT90USB/Projects/AT90USB/At90UsbMPLAB.X/src/usb_drv.c:54
    // asm volatile ("nop");
    if (lowspeed) UDCON = (1<<LSM);
    17d2:	89 81       	ldd	r24, Y+1	; 0x01
    17d4:	88 23       	and	r24, r24
    17d6:	29 f0       	breq	.+10     	; 0x17e2 <UsbDevLaunchDevice+0x36>
D:/ALAIN/AT90USB/Projects/AT90USB/At90UsbMPLAB.X/src/usb_drv.c:54 (discriminator 1)
    17d8:	80 ee       	ldi	r24, 0xE0	; 224
    17da:	90 e0       	ldi	r25, 0x00	; 0
    17dc:	24 e0       	ldi	r18, 0x04	; 4
    17de:	fc 01       	movw	r30, r24
    17e0:	20 83       	st	Z, r18
D:/ALAIN/AT90USB/Projects/AT90USB/At90UsbMPLAB.X/src/usb_drv.c:55
    USBCON = ((1<<USBE) | (1<<OTGPADE));
    17e2:	88 ed       	ldi	r24, 0xD8	; 216
    17e4:	90 e0       	ldi	r25, 0x00	; 0
    17e6:	20 e9       	ldi	r18, 0x90	; 144
    17e8:	fc 01       	movw	r30, r24
    17ea:	20 83       	st	Z, r18
D:/ALAIN/AT90USB/Projects/AT90USB/At90UsbMPLAB.X/src/usb_drv.c:56
    USBCON = ((1<<USBE) | (1<<OTGPADE) | (1<<FRZCLK)); // setting FRZCLK again in not necessary (see below)
    17ec:	88 ed       	ldi	r24, 0xD8	; 216
    17ee:	90 e0       	ldi	r25, 0x00	; 0
    17f0:	20 eb       	ldi	r18, 0xB0	; 176
    17f2:	fc 01       	movw	r30, r24
    17f4:	20 83       	st	Z, r18
D:/ALAIN/AT90USB/Projects/AT90USB/At90UsbMPLAB.X/src/usb_drv.c:57
    UDIEN = ((1<<WAKEUPE) | (1<<EORSTE));
    17f6:	82 ee       	ldi	r24, 0xE2	; 226
    17f8:	90 e0       	ldi	r25, 0x00	; 0
    17fa:	28 e1       	ldi	r18, 0x18	; 24
    17fc:	fc 01       	movw	r30, r24
    17fe:	20 83       	st	Z, r18
D:/ALAIN/AT90USB/Projects/AT90USB/At90UsbMPLAB.X/src/usb_drv.c:73
    UsbEnableClock(); // without this no (wakeup) interrupt is triggered!!!
    UsbFreezeClock(); // FreezeClock() is not really necessary, but we may feel better because PLL in not running yet
    UsbDevEnableWakeupCPU_Int();
    UsbDevEnableEndOfResetInt(); // call this AFTER (UsbEnableController(); UsbEnableOTG_Pad();)
  }
  UsbStartPLL();
    1800:	0e 94 ac 0b 	call	0x1758	; 0x1758 <UsbStartPLL>
D:/ALAIN/AT90USB/Projects/AT90USB/At90UsbMPLAB.X/src/usb_drv.c:74
  UsbDevAttach();
    1804:	80 ee       	ldi	r24, 0xE0	; 224
    1806:	90 e0       	ldi	r25, 0x00	; 0
    1808:	fc 01       	movw	r30, r24
    180a:	20 81       	ld	r18, Z
    180c:	80 ee       	ldi	r24, 0xE0	; 224
    180e:	90 e0       	ldi	r25, 0x00	; 0
    1810:	2e 7f       	andi	r18, 0xFE	; 254
    1812:	fc 01       	movw	r30, r24
    1814:	20 83       	st	Z, r18
D:/ALAIN/AT90USB/Projects/AT90USB/At90UsbMPLAB.X/src/usb_drv.c:75
  sei();
    1816:	78 94       	sei
D:/ALAIN/AT90USB/Projects/AT90USB/At90UsbMPLAB.X/src/usb_drv.c:76
}
    1818:	00 00       	nop
    181a:	0f 90       	pop	r0
    181c:	df 91       	pop	r29
    181e:	cf 91       	pop	r28
    1820:	08 95       	ret

00001822 <UsbDevStartDeviceEP0>:
UsbDevStartDeviceEP0():
D:/ALAIN/AT90USB/Projects/AT90USB/At90UsbMPLAB.X/src/usb_drv.c:82

// Called by USB-END-OF-RESET interrupt
// USB reset resets EP0! (see section 22.5)
void
UsbDevStartDeviceEP0(void)
{
    1822:	0f 93       	push	r16
    1824:	cf 93       	push	r28
    1826:	df 93       	push	r29
    1828:	cd b7       	in	r28, 0x3d	; 61
    182a:	de b7       	in	r29, 0x3e	; 62
D:/ALAIN/AT90USB/Projects/AT90USB/At90UsbMPLAB.X/src/usb_drv.c:83
    UsbDevSelectEndpoint(0);
    182c:	89 ee       	ldi	r24, 0xE9	; 233
    182e:	90 e0       	ldi	r25, 0x00	; 0
    1830:	fc 01       	movw	r30, r24
    1832:	10 82       	st	Z, r1
D:/ALAIN/AT90USB/Projects/AT90USB/At90UsbMPLAB.X/src/usb_drv.c:84
    if UsbDevIsEndpointEnabled() 
    1834:	8b ee       	ldi	r24, 0xEB	; 235
    1836:	90 e0       	ldi	r25, 0x00	; 0
    1838:	fc 01       	movw	r30, r24
    183a:	80 81       	ld	r24, Z
    183c:	88 2f       	mov	r24, r24
    183e:	90 e0       	ldi	r25, 0x00	; 0
    1840:	81 70       	andi	r24, 0x01	; 1
    1842:	99 27       	eor	r25, r25
    1844:	89 2b       	or	r24, r25
    1846:	29 f0       	breq	.+10     	; 0x1852 <UsbDevStartDeviceEP0+0x30>
D:/ALAIN/AT90USB/Projects/AT90USB/At90UsbMPLAB.X/src/usb_drv.c:86
    {
        Debug("~~~ EP0 already enabled!\r\n");      
    1848:	89 eb       	ldi	r24, 0xB9	; 185
    184a:	97 e0       	ldi	r25, 0x07	; 7
    184c:	0e 94 9d 06 	call	0xd3a	; 0xd3a <USART_WriteString>
D:/ALAIN/AT90USB/Projects/AT90USB/At90UsbMPLAB.X/src/usb_drv.c:87
        return;
    1850:	22 c0       	rjmp	.+68     	; 0x1896 <UsbDevStartDeviceEP0+0x74>
D:/ALAIN/AT90USB/Projects/AT90USB/At90UsbMPLAB.X/src/usb_drv.c:90
    }
  
    Debug("~~~ Setting up EP0...\r\n");
    1852:	84 ed       	ldi	r24, 0xD4	; 212
    1854:	97 e0       	ldi	r25, 0x07	; 7
    1856:	0e 94 9d 06 	call	0xd3a	; 0xd3a <USART_WriteString>
D:/ALAIN/AT90USB/Projects/AT90USB/At90UsbMPLAB.X/src/usb_drv.c:91
    UsbAllocatedEPs = 0;
    185a:	10 92 2c 1d 	sts	0x1D2C, r1	; 0x801d2c <UsbAllocatedEPs>
D:/ALAIN/AT90USB/Projects/AT90USB/At90UsbMPLAB.X/src/usb_drv.c:92
    if (UsbDevEP_Setup(0, UsbEP_TypeControl, EP0_FIFO_Size, 1, UsbEP_DirControl)) 
    185e:	00 e0       	ldi	r16, 0x00	; 0
    1860:	21 e0       	ldi	r18, 0x01	; 1
    1862:	48 e0       	ldi	r20, 0x08	; 8
    1864:	50 e0       	ldi	r21, 0x00	; 0
    1866:	60 e0       	ldi	r22, 0x00	; 0
    1868:	80 e0       	ldi	r24, 0x00	; 0
    186a:	0e 94 4f 0c 	call	0x189e	; 0x189e <UsbDevEP_Setup>
    186e:	88 23       	and	r24, r24
    1870:	29 f0       	breq	.+10     	; 0x187c <UsbDevStartDeviceEP0+0x5a>
D:/ALAIN/AT90USB/Projects/AT90USB/At90UsbMPLAB.X/src/usb_drv.c:93
      Debug("~~~ Successful set up EP0!\r\n");
    1872:	8c ee       	ldi	r24, 0xEC	; 236
    1874:	97 e0       	ldi	r25, 0x07	; 7
    1876:	0e 94 9d 06 	call	0xd3a	; 0xd3a <USART_WriteString>
    187a:	04 c0       	rjmp	.+8      	; 0x1884 <UsbDevStartDeviceEP0+0x62>
D:/ALAIN/AT90USB/Projects/AT90USB/At90UsbMPLAB.X/src/usb_drv.c:95
    else
      Debug("~~~  Setup of EP0 failed!\r\n");
    187c:	89 e0       	ldi	r24, 0x09	; 9
    187e:	98 e0       	ldi	r25, 0x08	; 8
    1880:	0e 94 9d 06 	call	0xd3a	; 0xd3a <USART_WriteString>
D:/ALAIN/AT90USB/Projects/AT90USB/At90UsbMPLAB.X/src/usb_drv.c:97
    
    UsbDevEnableReceivedSETUP_Int();
    1884:	80 ef       	ldi	r24, 0xF0	; 240
    1886:	90 e0       	ldi	r25, 0x00	; 0
    1888:	fc 01       	movw	r30, r24
    188a:	20 81       	ld	r18, Z
    188c:	80 ef       	ldi	r24, 0xF0	; 240
    188e:	90 e0       	ldi	r25, 0x00	; 0
    1890:	28 60       	ori	r18, 0x08	; 8
    1892:	fc 01       	movw	r30, r24
    1894:	20 83       	st	Z, r18
D:/ALAIN/AT90USB/Projects/AT90USB/At90UsbMPLAB.X/src/usb_drv.c:98
}
    1896:	df 91       	pop	r29
    1898:	cf 91       	pop	r28
    189a:	0f 91       	pop	r16
    189c:	08 95       	ret

0000189e <UsbDevEP_Setup>:
UsbDevEP_Setup():
D:/ALAIN/AT90USB/Projects/AT90USB/At90UsbMPLAB.X/src/usb_drv.c:109
// banks: 1 or 2
// dir: UsbEP_DirOut, UsbEP_DirControl, UsbEP_DirIn
// more than one control ep or more than one bank for control ep0 may work, but is not recommended
bool
UsbDevEP_Setup(uint8_t num, uint8_t type, uint16_t size, uint8_t banks, uint8_t dir)
{ 
    189e:	0f 93       	push	r16
    18a0:	cf 93       	push	r28
    18a2:	df 93       	push	r29
    18a4:	cd b7       	in	r28, 0x3d	; 61
    18a6:	de b7       	in	r29, 0x3e	; 62
    18a8:	28 97       	sbiw	r28, 0x08	; 8
    18aa:	0f b6       	in	r0, 0x3f	; 63
    18ac:	f8 94       	cli
    18ae:	de bf       	out	0x3e, r29	; 62
    18b0:	0f be       	out	0x3f, r0	; 63
    18b2:	cd bf       	out	0x3d, r28	; 61
    18b4:	8b 83       	std	Y+3, r24	; 0x03
    18b6:	6c 83       	std	Y+4, r22	; 0x04
    18b8:	5e 83       	std	Y+6, r21	; 0x06
    18ba:	4d 83       	std	Y+5, r20	; 0x05
    18bc:	2f 83       	std	Y+7, r18	; 0x07
    18be:	08 87       	std	Y+8, r16	; 0x08
D:/ALAIN/AT90USB/Projects/AT90USB/At90UsbMPLAB.X/src/usb_drv.c:111
  uint8_t i, j;
  banks--;
    18c0:	8f 81       	ldd	r24, Y+7	; 0x07
    18c2:	81 50       	subi	r24, 0x01	; 1
    18c4:	8f 83       	std	Y+7, r24	; 0x07
D:/ALAIN/AT90USB/Projects/AT90USB/At90UsbMPLAB.X/src/usb_drv.c:112
  if ((num > 6) || (dir > 1) || (banks > 1) || (type > 3) || (size & 0xFC07)) return false;
    18c6:	8b 81       	ldd	r24, Y+3	; 0x03
    18c8:	87 30       	cpi	r24, 0x07	; 7
    18ca:	78 f4       	brcc	.+30     	; 0x18ea <UsbDevEP_Setup+0x4c>
D:/ALAIN/AT90USB/Projects/AT90USB/At90UsbMPLAB.X/src/usb_drv.c:112 (discriminator 2)
    18cc:	88 85       	ldd	r24, Y+8	; 0x08
    18ce:	82 30       	cpi	r24, 0x02	; 2
    18d0:	60 f4       	brcc	.+24     	; 0x18ea <UsbDevEP_Setup+0x4c>
D:/ALAIN/AT90USB/Projects/AT90USB/At90UsbMPLAB.X/src/usb_drv.c:112 (discriminator 4)
    18d2:	8f 81       	ldd	r24, Y+7	; 0x07
    18d4:	82 30       	cpi	r24, 0x02	; 2
    18d6:	48 f4       	brcc	.+18     	; 0x18ea <UsbDevEP_Setup+0x4c>
D:/ALAIN/AT90USB/Projects/AT90USB/At90UsbMPLAB.X/src/usb_drv.c:112 (discriminator 6)
    18d8:	8c 81       	ldd	r24, Y+4	; 0x04
    18da:	84 30       	cpi	r24, 0x04	; 4
    18dc:	30 f4       	brcc	.+12     	; 0x18ea <UsbDevEP_Setup+0x4c>
D:/ALAIN/AT90USB/Projects/AT90USB/At90UsbMPLAB.X/src/usb_drv.c:112 (discriminator 8)
    18de:	8d 81       	ldd	r24, Y+5	; 0x05
    18e0:	9e 81       	ldd	r25, Y+6	; 0x06
    18e2:	87 70       	andi	r24, 0x07	; 7
    18e4:	9c 7f       	andi	r25, 0xFC	; 252
    18e6:	89 2b       	or	r24, r25
    18e8:	11 f0       	breq	.+4      	; 0x18ee <UsbDevEP_Setup+0x50>
D:/ALAIN/AT90USB/Projects/AT90USB/At90UsbMPLAB.X/src/usb_drv.c:112 (discriminator 9)
    18ea:	80 e0       	ldi	r24, 0x00	; 0
    18ec:	bb c0       	rjmp	.+374    	; 0x1a64 <UsbDevEP_Setup+0x1c6>
D:/ALAIN/AT90USB/Projects/AT90USB/At90UsbMPLAB.X/src/usb_drv.c:113
  i = (uint8_t) (size / 8);
    18ee:	8d 81       	ldd	r24, Y+5	; 0x05
    18f0:	9e 81       	ldd	r25, Y+6	; 0x06
    18f2:	96 95       	lsr	r25
    18f4:	87 95       	ror	r24
    18f6:	96 95       	lsr	r25
    18f8:	87 95       	ror	r24
    18fa:	96 95       	lsr	r25
    18fc:	87 95       	ror	r24
    18fe:	89 83       	std	Y+1, r24	; 0x01
D:/ALAIN/AT90USB/Projects/AT90USB/At90UsbMPLAB.X/src/usb_drv.c:114
  if ((UsbDevIsLowSpeedSelected()) && ((type == UsbEP_TypeBulk) || (type == UsbEP_TypeIso) || (i > 1))) return false;
    1900:	80 ee       	ldi	r24, 0xE0	; 224
    1902:	90 e0       	ldi	r25, 0x00	; 0
    1904:	dc 01       	movw	r26, r24
    1906:	8c 91       	ld	r24, X
    1908:	88 2f       	mov	r24, r24
    190a:	90 e0       	ldi	r25, 0x00	; 0
    190c:	84 70       	andi	r24, 0x04	; 4
    190e:	99 27       	eor	r25, r25
    1910:	89 2b       	or	r24, r25
    1912:	59 f0       	breq	.+22     	; 0x192a <UsbDevEP_Setup+0x8c>
D:/ALAIN/AT90USB/Projects/AT90USB/At90UsbMPLAB.X/src/usb_drv.c:114 (discriminator 1)
    1914:	8c 81       	ldd	r24, Y+4	; 0x04
    1916:	82 30       	cpi	r24, 0x02	; 2
    1918:	31 f0       	breq	.+12     	; 0x1926 <UsbDevEP_Setup+0x88>
D:/ALAIN/AT90USB/Projects/AT90USB/At90UsbMPLAB.X/src/usb_drv.c:114 (discriminator 3)
    191a:	8c 81       	ldd	r24, Y+4	; 0x04
    191c:	81 30       	cpi	r24, 0x01	; 1
    191e:	19 f0       	breq	.+6      	; 0x1926 <UsbDevEP_Setup+0x88>
D:/ALAIN/AT90USB/Projects/AT90USB/At90UsbMPLAB.X/src/usb_drv.c:114 (discriminator 5)
    1920:	89 81       	ldd	r24, Y+1	; 0x01
    1922:	82 30       	cpi	r24, 0x02	; 2
    1924:	10 f0       	brcs	.+4      	; 0x192a <UsbDevEP_Setup+0x8c>
D:/ALAIN/AT90USB/Projects/AT90USB/At90UsbMPLAB.X/src/usb_drv.c:114 (discriminator 6)
    1926:	80 e0       	ldi	r24, 0x00	; 0
    1928:	9d c0       	rjmp	.+314    	; 0x1a64 <UsbDevEP_Setup+0x1c6>
D:/ALAIN/AT90USB/Projects/AT90USB/At90UsbMPLAB.X/src/usb_drv.c:115
  if (!((i == 1) || (i == 2) || (i == 4) || (i == 8)))
    192a:	89 81       	ldd	r24, Y+1	; 0x01
    192c:	81 30       	cpi	r24, 0x01	; 1
    192e:	b9 f0       	breq	.+46     	; 0x195e <UsbDevEP_Setup+0xc0>
D:/ALAIN/AT90USB/Projects/AT90USB/At90UsbMPLAB.X/src/usb_drv.c:115 (discriminator 1)
    1930:	89 81       	ldd	r24, Y+1	; 0x01
    1932:	82 30       	cpi	r24, 0x02	; 2
    1934:	a1 f0       	breq	.+40     	; 0x195e <UsbDevEP_Setup+0xc0>
D:/ALAIN/AT90USB/Projects/AT90USB/At90UsbMPLAB.X/src/usb_drv.c:115 (discriminator 2)
    1936:	89 81       	ldd	r24, Y+1	; 0x01
    1938:	84 30       	cpi	r24, 0x04	; 4
    193a:	89 f0       	breq	.+34     	; 0x195e <UsbDevEP_Setup+0xc0>
D:/ALAIN/AT90USB/Projects/AT90USB/At90UsbMPLAB.X/src/usb_drv.c:115 (discriminator 3)
    193c:	89 81       	ldd	r24, Y+1	; 0x01
    193e:	88 30       	cpi	r24, 0x08	; 8
    1940:	71 f0       	breq	.+28     	; 0x195e <UsbDevEP_Setup+0xc0>
D:/ALAIN/AT90USB/Projects/AT90USB/At90UsbMPLAB.X/src/usb_drv.c:116
    if (!(((i == 16) || (i == 32) || (i == 64)) && (type == UsbEP_TypeIso))) return false;
    1942:	89 81       	ldd	r24, Y+1	; 0x01
    1944:	80 31       	cpi	r24, 0x10	; 16
    1946:	31 f0       	breq	.+12     	; 0x1954 <UsbDevEP_Setup+0xb6>
D:/ALAIN/AT90USB/Projects/AT90USB/At90UsbMPLAB.X/src/usb_drv.c:116 (discriminator 1)
    1948:	89 81       	ldd	r24, Y+1	; 0x01
    194a:	80 32       	cpi	r24, 0x20	; 32
    194c:	19 f0       	breq	.+6      	; 0x1954 <UsbDevEP_Setup+0xb6>
D:/ALAIN/AT90USB/Projects/AT90USB/At90UsbMPLAB.X/src/usb_drv.c:116 (discriminator 3)
    194e:	89 81       	ldd	r24, Y+1	; 0x01
    1950:	80 34       	cpi	r24, 0x40	; 64
    1952:	19 f4       	brne	.+6      	; 0x195a <UsbDevEP_Setup+0xbc>
D:/ALAIN/AT90USB/Projects/AT90USB/At90UsbMPLAB.X/src/usb_drv.c:116 (discriminator 6)
    1954:	8c 81       	ldd	r24, Y+4	; 0x04
    1956:	81 30       	cpi	r24, 0x01	; 1
    1958:	11 f0       	breq	.+4      	; 0x195e <UsbDevEP_Setup+0xc0>
D:/ALAIN/AT90USB/Projects/AT90USB/At90UsbMPLAB.X/src/usb_drv.c:116 (discriminator 7)
    195a:	80 e0       	ldi	r24, 0x00	; 0
    195c:	83 c0       	rjmp	.+262    	; 0x1a64 <UsbDevEP_Setup+0x1c6>
D:/ALAIN/AT90USB/Projects/AT90USB/At90UsbMPLAB.X/src/usb_drv.c:117
  if ((type == UsbEP_TypeControl) && ((dir != UsbEP_DirControl) || (banks > 0))) return false;
    195e:	8c 81       	ldd	r24, Y+4	; 0x04
    1960:	88 23       	and	r24, r24
    1962:	41 f4       	brne	.+16     	; 0x1974 <UsbDevEP_Setup+0xd6>
D:/ALAIN/AT90USB/Projects/AT90USB/At90UsbMPLAB.X/src/usb_drv.c:117 (discriminator 1)
    1964:	88 85       	ldd	r24, Y+8	; 0x08
    1966:	88 23       	and	r24, r24
    1968:	19 f4       	brne	.+6      	; 0x1970 <UsbDevEP_Setup+0xd2>
D:/ALAIN/AT90USB/Projects/AT90USB/At90UsbMPLAB.X/src/usb_drv.c:117 (discriminator 3)
    196a:	8f 81       	ldd	r24, Y+7	; 0x07
    196c:	88 23       	and	r24, r24
    196e:	11 f0       	breq	.+4      	; 0x1974 <UsbDevEP_Setup+0xd6>
D:/ALAIN/AT90USB/Projects/AT90USB/At90UsbMPLAB.X/src/usb_drv.c:117 (discriminator 4)
    1970:	80 e0       	ldi	r24, 0x00	; 0
    1972:	78 c0       	rjmp	.+240    	; 0x1a64 <UsbDevEP_Setup+0x1c6>
D:/ALAIN/AT90USB/Projects/AT90USB/At90UsbMPLAB.X/src/usb_drv.c:118
  if (num == 0)
    1974:	8b 81       	ldd	r24, Y+3	; 0x03
    1976:	88 23       	and	r24, r24
    1978:	41 f4       	brne	.+16     	; 0x198a <UsbDevEP_Setup+0xec>
D:/ALAIN/AT90USB/Projects/AT90USB/At90UsbMPLAB.X/src/usb_drv.c:120
  {
    if ((dir != UsbEP_DirControl) || (type != UsbEP_TypeControl)) return false; // EP0 is always control ep
    197a:	88 85       	ldd	r24, Y+8	; 0x08
    197c:	88 23       	and	r24, r24
    197e:	19 f4       	brne	.+6      	; 0x1986 <UsbDevEP_Setup+0xe8>
D:/ALAIN/AT90USB/Projects/AT90USB/At90UsbMPLAB.X/src/usb_drv.c:120 (discriminator 2)
    1980:	8c 81       	ldd	r24, Y+4	; 0x04
    1982:	88 23       	and	r24, r24
    1984:	61 f0       	breq	.+24     	; 0x199e <UsbDevEP_Setup+0x100>
D:/ALAIN/AT90USB/Projects/AT90USB/At90UsbMPLAB.X/src/usb_drv.c:120 (discriminator 3)
    1986:	80 e0       	ldi	r24, 0x00	; 0
    1988:	6d c0       	rjmp	.+218    	; 0x1a64 <UsbDevEP_Setup+0x1c6>
D:/ALAIN/AT90USB/Projects/AT90USB/At90UsbMPLAB.X/src/usb_drv.c:124
  }
  else
  {
    if ((num != UsbAllocatedEPs) || // allocate eps in growing order, see section 21.7
    198a:	80 91 2c 1d 	lds	r24, 0x1D2C	; 0x801d2c <UsbAllocatedEPs>
    198e:	9b 81       	ldd	r25, Y+3	; 0x03
    1990:	98 17       	cp	r25, r24
    1992:	19 f4       	brne	.+6      	; 0x199a <UsbDevEP_Setup+0xfc>
D:/ALAIN/AT90USB/Projects/AT90USB/At90UsbMPLAB.X/src/usb_drv.c:124 (discriminator 1)
    1994:	8c 81       	ldd	r24, Y+4	; 0x04
    1996:	88 23       	and	r24, r24
    1998:	11 f4       	brne	.+4      	; 0x199e <UsbDevEP_Setup+0x100>
D:/ALAIN/AT90USB/Projects/AT90USB/At90UsbMPLAB.X/src/usb_drv.c:125
        (type == UsbEP_TypeControl)) return false; // more than one control ep may be ok?
    199a:	80 e0       	ldi	r24, 0x00	; 0
    199c:	63 c0       	rjmp	.+198    	; 0x1a64 <UsbDevEP_Setup+0x1c6>
D:/ALAIN/AT90USB/Projects/AT90USB/At90UsbMPLAB.X/src/usb_drv.c:127
  }
  UsbDevSelectEndpoint(num);
    199e:	89 ee       	ldi	r24, 0xE9	; 233
    19a0:	90 e0       	ldi	r25, 0x00	; 0
    19a2:	2b 81       	ldd	r18, Y+3	; 0x03
    19a4:	27 70       	andi	r18, 0x07	; 7
    19a6:	dc 01       	movw	r26, r24
    19a8:	2c 93       	st	X, r18
D:/ALAIN/AT90USB/Projects/AT90USB/At90UsbMPLAB.X/src/usb_drv.c:128
  UsbDevEnableEndpoint(); // enable ep before memory is allocated? Yes, see figure 22-2
    19aa:	8b ee       	ldi	r24, 0xEB	; 235
    19ac:	90 e0       	ldi	r25, 0x00	; 0
    19ae:	dc 01       	movw	r26, r24
    19b0:	2c 91       	ld	r18, X
    19b2:	8b ee       	ldi	r24, 0xEB	; 235
    19b4:	90 e0       	ldi	r25, 0x00	; 0
    19b6:	21 60       	ori	r18, 0x01	; 1
    19b8:	dc 01       	movw	r26, r24
    19ba:	2c 93       	st	X, r18
D:/ALAIN/AT90USB/Projects/AT90USB/At90UsbMPLAB.X/src/usb_drv.c:129
  j = 0;
    19bc:	1a 82       	std	Y+2, r1	; 0x02
D:/ALAIN/AT90USB/Projects/AT90USB/At90UsbMPLAB.X/src/usb_drv.c:130
  while ((i = (i >> 1))) j++;
    19be:	03 c0       	rjmp	.+6      	; 0x19c6 <UsbDevEP_Setup+0x128>
D:/ALAIN/AT90USB/Projects/AT90USB/At90UsbMPLAB.X/src/usb_drv.c:130 (discriminator 2)
    19c0:	8a 81       	ldd	r24, Y+2	; 0x02
    19c2:	8f 5f       	subi	r24, 0xFF	; 255
    19c4:	8a 83       	std	Y+2, r24	; 0x02
D:/ALAIN/AT90USB/Projects/AT90USB/At90UsbMPLAB.X/src/usb_drv.c:130 (discriminator 1)
    19c6:	89 81       	ldd	r24, Y+1	; 0x01
    19c8:	86 95       	lsr	r24
    19ca:	89 83       	std	Y+1, r24	; 0x01
    19cc:	89 81       	ldd	r24, Y+1	; 0x01
    19ce:	88 23       	and	r24, r24
    19d0:	b9 f7       	brne	.-18     	; 0x19c0 <UsbDevEP_Setup+0x122>
D:/ALAIN/AT90USB/Projects/AT90USB/At90UsbMPLAB.X/src/usb_drv.c:131
  UECFG0X = ((type << 6) | (dir));
    19d2:	8c 81       	ldd	r24, Y+4	; 0x04
    19d4:	88 2f       	mov	r24, r24
    19d6:	90 e0       	ldi	r25, 0x00	; 0
    19d8:	f8 2f       	mov	r31, r24
    19da:	f6 95       	lsr	r31
    19dc:	f6 95       	lsr	r31
    19de:	e8 2f       	mov	r30, r24
    19e0:	e2 95       	swap	r30
    19e2:	ee 0f       	add	r30, r30
    19e4:	ee 0f       	add	r30, r30
    19e6:	e0 7c       	andi	r30, 0xC0	; 192
    19e8:	9e 2f       	mov	r25, r30
    19ea:	88 85       	ldd	r24, Y+8	; 0x08
    19ec:	29 2f       	mov	r18, r25
    19ee:	28 2b       	or	r18, r24
    19f0:	8c ee       	ldi	r24, 0xEC	; 236
    19f2:	90 e0       	ldi	r25, 0x00	; 0
    19f4:	fc 01       	movw	r30, r24
    19f6:	20 83       	st	Z, r18
D:/ALAIN/AT90USB/Projects/AT90USB/At90UsbMPLAB.X/src/usb_drv.c:132
  UECFG1X = ((j << 4) | (banks << 2));
    19f8:	8a 81       	ldd	r24, Y+2	; 0x02
    19fa:	88 2f       	mov	r24, r24
    19fc:	90 e0       	ldi	r25, 0x00	; 0
    19fe:	82 95       	swap	r24
    1a00:	92 95       	swap	r25
    1a02:	90 7f       	andi	r25, 0xF0	; 240
    1a04:	98 27       	eor	r25, r24
    1a06:	80 7f       	andi	r24, 0xF0	; 240
    1a08:	98 27       	eor	r25, r24
    1a0a:	28 2f       	mov	r18, r24
    1a0c:	8f 81       	ldd	r24, Y+7	; 0x07
    1a0e:	88 2f       	mov	r24, r24
    1a10:	90 e0       	ldi	r25, 0x00	; 0
    1a12:	88 0f       	add	r24, r24
    1a14:	99 1f       	adc	r25, r25
    1a16:	88 0f       	add	r24, r24
    1a18:	99 1f       	adc	r25, r25
    1a1a:	28 2b       	or	r18, r24
    1a1c:	8d ee       	ldi	r24, 0xED	; 237
    1a1e:	90 e0       	ldi	r25, 0x00	; 0
    1a20:	dc 01       	movw	r26, r24
    1a22:	2c 93       	st	X, r18
D:/ALAIN/AT90USB/Projects/AT90USB/At90UsbMPLAB.X/src/usb_drv.c:133
  UECFG1X |= (1 << ALLOC);
    1a24:	8d ee       	ldi	r24, 0xED	; 237
    1a26:	90 e0       	ldi	r25, 0x00	; 0
    1a28:	fc 01       	movw	r30, r24
    1a2a:	20 81       	ld	r18, Z
    1a2c:	8d ee       	ldi	r24, 0xED	; 237
    1a2e:	90 e0       	ldi	r25, 0x00	; 0
    1a30:	22 60       	ori	r18, 0x02	; 2
    1a32:	dc 01       	movw	r26, r24
    1a34:	2c 93       	st	X, r18
D:/ALAIN/AT90USB/Projects/AT90USB/At90UsbMPLAB.X/src/usb_drv.c:134
  if (UESTA0X & (1 << CFGOK))
    1a36:	8e ee       	ldi	r24, 0xEE	; 238
    1a38:	90 e0       	ldi	r25, 0x00	; 0
    1a3a:	fc 01       	movw	r30, r24
    1a3c:	80 81       	ld	r24, Z
    1a3e:	88 23       	and	r24, r24
    1a40:	3c f4       	brge	.+14     	; 0x1a50 <UsbDevEP_Setup+0x1b2>
D:/ALAIN/AT90USB/Projects/AT90USB/At90UsbMPLAB.X/src/usb_drv.c:136
  {
    UsbAllocatedEPs++;
    1a42:	80 91 2c 1d 	lds	r24, 0x1D2C	; 0x801d2c <UsbAllocatedEPs>
    1a46:	8f 5f       	subi	r24, 0xFF	; 255
    1a48:	80 93 2c 1d 	sts	0x1D2C, r24	; 0x801d2c <UsbAllocatedEPs>
D:/ALAIN/AT90USB/Projects/AT90USB/At90UsbMPLAB.X/src/usb_drv.c:137
    return true;
    1a4c:	81 e0       	ldi	r24, 0x01	; 1
    1a4e:	0a c0       	rjmp	.+20     	; 0x1a64 <UsbDevEP_Setup+0x1c6>
D:/ALAIN/AT90USB/Projects/AT90USB/At90UsbMPLAB.X/src/usb_drv.c:141
  } 
  else
  {
    UsbDevDisableEndpoint();
    1a50:	8b ee       	ldi	r24, 0xEB	; 235
    1a52:	90 e0       	ldi	r25, 0x00	; 0
    1a54:	dc 01       	movw	r26, r24
    1a56:	2c 91       	ld	r18, X
    1a58:	8b ee       	ldi	r24, 0xEB	; 235
    1a5a:	90 e0       	ldi	r25, 0x00	; 0
    1a5c:	2e 7f       	andi	r18, 0xFE	; 254
    1a5e:	fc 01       	movw	r30, r24
    1a60:	20 83       	st	Z, r18
D:/ALAIN/AT90USB/Projects/AT90USB/At90UsbMPLAB.X/src/usb_drv.c:142
    return false;
    1a62:	80 e0       	ldi	r24, 0x00	; 0
D:/ALAIN/AT90USB/Projects/AT90USB/At90UsbMPLAB.X/src/usb_drv.c:144
  }
}
    1a64:	28 96       	adiw	r28, 0x08	; 8
    1a66:	0f b6       	in	r0, 0x3f	; 63
    1a68:	f8 94       	cli
    1a6a:	de bf       	out	0x3e, r29	; 62
    1a6c:	0f be       	out	0x3f, r0	; 63
    1a6e:	cd bf       	out	0x3d, r28	; 61
    1a70:	df 91       	pop	r29
    1a72:	cf 91       	pop	r28
    1a74:	0f 91       	pop	r16
    1a76:	08 95       	ret

00001a78 <__vector_10>:
__vector_10():
D:/ALAIN/AT90USB/Projects/AT90USB/At90UsbMPLAB.X/src/usb_isr.c:20
volatile uint8_t ResetCnt = 0;

// USB General Interrupt Handler (Figure 21.11)
// USB Registers: USBINT.0, USBINT.1, UDINT
ISR(USB_GEN_vect)
{
    1a78:	1f 92       	push	r1
    1a7a:	0f 92       	push	r0
    1a7c:	0f b6       	in	r0, 0x3f	; 63
    1a7e:	0f 92       	push	r0
    1a80:	11 24       	eor	r1, r1
    1a82:	0b b6       	in	r0, 0x3b	; 59
    1a84:	0f 92       	push	r0
    1a86:	2f 93       	push	r18
    1a88:	3f 93       	push	r19
    1a8a:	4f 93       	push	r20
    1a8c:	5f 93       	push	r21
    1a8e:	6f 93       	push	r22
    1a90:	7f 93       	push	r23
    1a92:	8f 93       	push	r24
    1a94:	9f 93       	push	r25
    1a96:	af 93       	push	r26
    1a98:	bf 93       	push	r27
    1a9a:	ef 93       	push	r30
    1a9c:	ff 93       	push	r31
    1a9e:	cf 93       	push	r28
    1aa0:	df 93       	push	r29
    1aa2:	cd b7       	in	r28, 0x3d	; 61
    1aa4:	de b7       	in	r29, 0x3e	; 62
D:/ALAIN/AT90USB/Projects/AT90USB/At90UsbMPLAB.X/src/usb_isr.c:21
  Debug("ISR(USB_GEN_vect)\r\n");
    1aa6:	85 e2       	ldi	r24, 0x25	; 37
    1aa8:	98 e0       	ldi	r25, 0x08	; 8
    1aaa:	0e 94 9d 06 	call	0xd3a	; 0xd3a <USART_WriteString>
D:/ALAIN/AT90USB/Projects/AT90USB/At90UsbMPLAB.X/src/usb_isr.c:22
  if UsbIsIDTI_FlagSet()
    1aae:	8a ed       	ldi	r24, 0xDA	; 218
    1ab0:	90 e0       	ldi	r25, 0x00	; 0
    1ab2:	fc 01       	movw	r30, r24
    1ab4:	80 81       	ld	r24, Z
    1ab6:	88 2f       	mov	r24, r24
    1ab8:	90 e0       	ldi	r25, 0x00	; 0
    1aba:	82 70       	andi	r24, 0x02	; 2
    1abc:	99 27       	eor	r25, r25
    1abe:	89 2b       	or	r24, r25
    1ac0:	69 f0       	breq	.+26     	; 0x1adc <__vector_10+0x64>
D:/ALAIN/AT90USB/Projects/AT90USB/At90UsbMPLAB.X/src/usb_isr.c:24
  {
    UsbClearIDTI_Flag();
    1ac2:	8a ed       	ldi	r24, 0xDA	; 218
    1ac4:	90 e0       	ldi	r25, 0x00	; 0
    1ac6:	fc 01       	movw	r30, r24
    1ac8:	20 81       	ld	r18, Z
    1aca:	8a ed       	ldi	r24, 0xDA	; 218
    1acc:	90 e0       	ldi	r25, 0x00	; 0
    1ace:	2d 7f       	andi	r18, 0xFD	; 253
    1ad0:	fc 01       	movw	r30, r24
    1ad2:	20 83       	st	Z, r18
D:/ALAIN/AT90USB/Projects/AT90USB/At90UsbMPLAB.X/src/usb_isr.c:25
    Debug("=== IDTI_FlagSet\r\n");
    1ad4:	89 e3       	ldi	r24, 0x39	; 57
    1ad6:	98 e0       	ldi	r25, 0x08	; 8
    1ad8:	0e 94 9d 06 	call	0xd3a	; 0xd3a <USART_WriteString>
D:/ALAIN/AT90USB/Projects/AT90USB/At90UsbMPLAB.X/src/usb_isr.c:27
  }
  if UsbIsVBUSTI_FlagSet()
    1adc:	8a ed       	ldi	r24, 0xDA	; 218
    1ade:	90 e0       	ldi	r25, 0x00	; 0
    1ae0:	fc 01       	movw	r30, r24
    1ae2:	80 81       	ld	r24, Z
    1ae4:	88 2f       	mov	r24, r24
    1ae6:	90 e0       	ldi	r25, 0x00	; 0
    1ae8:	81 70       	andi	r24, 0x01	; 1
    1aea:	99 27       	eor	r25, r25
    1aec:	89 2b       	or	r24, r25
    1aee:	69 f0       	breq	.+26     	; 0x1b0a <__vector_10+0x92>
D:/ALAIN/AT90USB/Projects/AT90USB/At90UsbMPLAB.X/src/usb_isr.c:29
  {
    UsbClearVBUSTI_Flag();
    1af0:	8a ed       	ldi	r24, 0xDA	; 218
    1af2:	90 e0       	ldi	r25, 0x00	; 0
    1af4:	fc 01       	movw	r30, r24
    1af6:	20 81       	ld	r18, Z
    1af8:	8a ed       	ldi	r24, 0xDA	; 218
    1afa:	90 e0       	ldi	r25, 0x00	; 0
    1afc:	2e 7f       	andi	r18, 0xFE	; 254
    1afe:	fc 01       	movw	r30, r24
    1b00:	20 83       	st	Z, r18
D:/ALAIN/AT90USB/Projects/AT90USB/At90UsbMPLAB.X/src/usb_isr.c:30
    Debug("=== VBUSTI_FlagSet\r\n");
    1b02:	8c e4       	ldi	r24, 0x4C	; 76
    1b04:	98 e0       	ldi	r25, 0x08	; 8
    1b06:	0e 94 9d 06 	call	0xd3a	; 0xd3a <USART_WriteString>
D:/ALAIN/AT90USB/Projects/AT90USB/At90UsbMPLAB.X/src/usb_isr.c:32
  }
  if UsbDevIsEndOfResetFlagSet()
    1b0a:	81 ee       	ldi	r24, 0xE1	; 225
    1b0c:	90 e0       	ldi	r25, 0x00	; 0
    1b0e:	fc 01       	movw	r30, r24
    1b10:	80 81       	ld	r24, Z
    1b12:	88 2f       	mov	r24, r24
    1b14:	90 e0       	ldi	r25, 0x00	; 0
    1b16:	88 70       	andi	r24, 0x08	; 8
    1b18:	99 27       	eor	r25, r25
    1b1a:	89 2b       	or	r24, r25
    1b1c:	89 f1       	breq	.+98     	; 0x1b80 <__vector_10+0x108>
D:/ALAIN/AT90USB/Projects/AT90USB/At90UsbMPLAB.X/src/usb_isr.c:34
  {
    ResetCnt++;
    1b1e:	80 91 2e 1d 	lds	r24, 0x1D2E	; 0x801d2e <ResetCnt>
    1b22:	8f 5f       	subi	r24, 0xFF	; 255
    1b24:	80 93 2e 1d 	sts	0x1D2E, r24	; 0x801d2e <ResetCnt>
D:/ALAIN/AT90USB/Projects/AT90USB/At90UsbMPLAB.X/src/usb_isr.c:35
    FatalError = false;
    1b28:	10 92 3b 1d 	sts	0x1D3B, r1	; 0x801d3b <FatalError>
D:/ALAIN/AT90USB/Projects/AT90USB/At90UsbMPLAB.X/src/usb_isr.c:36
    SetBit(DDRB, DDB4);
    1b2c:	84 e2       	ldi	r24, 0x24	; 36
    1b2e:	90 e0       	ldi	r25, 0x00	; 0
    1b30:	fc 01       	movw	r30, r24
    1b32:	20 81       	ld	r18, Z
    1b34:	84 e2       	ldi	r24, 0x24	; 36
    1b36:	90 e0       	ldi	r25, 0x00	; 0
    1b38:	20 61       	ori	r18, 0x10	; 16
    1b3a:	fc 01       	movw	r30, r24
    1b3c:	20 83       	st	Z, r18
D:/ALAIN/AT90USB/Projects/AT90USB/At90UsbMPLAB.X/src/usb_isr.c:37
    SetBit(DDRB, DDB5);      
    1b3e:	84 e2       	ldi	r24, 0x24	; 36
    1b40:	90 e0       	ldi	r25, 0x00	; 0
    1b42:	fc 01       	movw	r30, r24
    1b44:	20 81       	ld	r18, Z
    1b46:	84 e2       	ldi	r24, 0x24	; 36
    1b48:	90 e0       	ldi	r25, 0x00	; 0
    1b4a:	20 62       	ori	r18, 0x20	; 32
    1b4c:	fc 01       	movw	r30, r24
    1b4e:	20 83       	st	Z, r18
D:/ALAIN/AT90USB/Projects/AT90USB/At90UsbMPLAB.X/src/usb_isr.c:38
    BoardPortDLedsOff();
    1b50:	8b e2       	ldi	r24, 0x2B	; 43
    1b52:	90 e0       	ldi	r25, 0x00	; 0
    1b54:	fc 01       	movw	r30, r24
    1b56:	20 81       	ld	r18, Z
    1b58:	8b e2       	ldi	r24, 0x2B	; 43
    1b5a:	90 e0       	ldi	r25, 0x00	; 0
    1b5c:	2f 7e       	andi	r18, 0xEF	; 239
    1b5e:	fc 01       	movw	r30, r24
    1b60:	20 83       	st	Z, r18
D:/ALAIN/AT90USB/Projects/AT90USB/At90UsbMPLAB.X/src/usb_isr.c:39
    UsbDevClearEndOfResetFlag();
    1b62:	81 ee       	ldi	r24, 0xE1	; 225
    1b64:	90 e0       	ldi	r25, 0x00	; 0
    1b66:	fc 01       	movw	r30, r24
    1b68:	20 81       	ld	r18, Z
    1b6a:	81 ee       	ldi	r24, 0xE1	; 225
    1b6c:	90 e0       	ldi	r25, 0x00	; 0
    1b6e:	27 7f       	andi	r18, 0xF7	; 247
    1b70:	fc 01       	movw	r30, r24
    1b72:	20 83       	st	Z, r18
D:/ALAIN/AT90USB/Projects/AT90USB/At90UsbMPLAB.X/src/usb_isr.c:40
    UsbDevStartDeviceEP0();
    1b74:	0e 94 11 0c 	call	0x1822	; 0x1822 <UsbDevStartDeviceEP0>
D:/ALAIN/AT90USB/Projects/AT90USB/At90UsbMPLAB.X/src/usb_isr.c:41
    Debug("=== EndOfResetFlagSet\r\n");
    1b78:	81 e6       	ldi	r24, 0x61	; 97
    1b7a:	98 e0       	ldi	r25, 0x08	; 8
    1b7c:	0e 94 9d 06 	call	0xd3a	; 0xd3a <USART_WriteString>
D:/ALAIN/AT90USB/Projects/AT90USB/At90UsbMPLAB.X/src/usb_isr.c:43
  }
  if UsbDevIsWakeupCPU_FlagSet()
    1b80:	81 ee       	ldi	r24, 0xE1	; 225
    1b82:	90 e0       	ldi	r25, 0x00	; 0
    1b84:	fc 01       	movw	r30, r24
    1b86:	80 81       	ld	r24, Z
    1b88:	88 2f       	mov	r24, r24
    1b8a:	90 e0       	ldi	r25, 0x00	; 0
    1b8c:	80 71       	andi	r24, 0x10	; 16
    1b8e:	99 27       	eor	r25, r25
    1b90:	89 2b       	or	r24, r25
    1b92:	b1 f0       	breq	.+44     	; 0x1bc0 <__vector_10+0x148>
D:/ALAIN/AT90USB/Projects/AT90USB/At90UsbMPLAB.X/src/usb_isr.c:45
  {
    UsbDevDisableWakeupCPU_Int();
    1b94:	82 ee       	ldi	r24, 0xE2	; 226
    1b96:	90 e0       	ldi	r25, 0x00	; 0
    1b98:	fc 01       	movw	r30, r24
    1b9a:	20 81       	ld	r18, Z
    1b9c:	82 ee       	ldi	r24, 0xE2	; 226
    1b9e:	90 e0       	ldi	r25, 0x00	; 0
    1ba0:	2f 7e       	andi	r18, 0xEF	; 239
    1ba2:	fc 01       	movw	r30, r24
    1ba4:	20 83       	st	Z, r18
D:/ALAIN/AT90USB/Projects/AT90USB/At90UsbMPLAB.X/src/usb_isr.c:46
    UsbDevClearWakeupCPU_Flag();
    1ba6:	81 ee       	ldi	r24, 0xE1	; 225
    1ba8:	90 e0       	ldi	r25, 0x00	; 0
    1baa:	fc 01       	movw	r30, r24
    1bac:	20 81       	ld	r18, Z
    1bae:	81 ee       	ldi	r24, 0xE1	; 225
    1bb0:	90 e0       	ldi	r25, 0x00	; 0
    1bb2:	2f 7e       	andi	r18, 0xEF	; 239
    1bb4:	fc 01       	movw	r30, r24
    1bb6:	20 83       	st	Z, r18
D:/ALAIN/AT90USB/Projects/AT90USB/At90UsbMPLAB.X/src/usb_isr.c:48
   // UsbStartPLL();
    Debug("=== WakeupCPU_FlagSet\r\n");
    1bb8:	89 e7       	ldi	r24, 0x79	; 121
    1bba:	98 e0       	ldi	r25, 0x08	; 8
    1bbc:	0e 94 9d 06 	call	0xd3a	; 0xd3a <USART_WriteString>
D:/ALAIN/AT90USB/Projects/AT90USB/At90UsbMPLAB.X/src/usb_isr.c:50
  }
}
    1bc0:	00 00       	nop
    1bc2:	df 91       	pop	r29
    1bc4:	cf 91       	pop	r28
    1bc6:	ff 91       	pop	r31
    1bc8:	ef 91       	pop	r30
    1bca:	bf 91       	pop	r27
    1bcc:	af 91       	pop	r26
    1bce:	9f 91       	pop	r25
    1bd0:	8f 91       	pop	r24
    1bd2:	7f 91       	pop	r23
    1bd4:	6f 91       	pop	r22
    1bd6:	5f 91       	pop	r21
    1bd8:	4f 91       	pop	r20
    1bda:	3f 91       	pop	r19
    1bdc:	2f 91       	pop	r18
    1bde:	0f 90       	pop	r0
    1be0:	0b be       	out	0x3b, r0	; 59
    1be2:	0f 90       	pop	r0
    1be4:	0f be       	out	0x3f, r0	; 63
    1be6:	0f 90       	pop	r0
    1be8:	1f 90       	pop	r1
    1bea:	18 95       	reti

00001bec <__vector_11>:
__vector_11():
D:/ALAIN/AT90USB/Projects/AT90USB/At90UsbMPLAB.X/src/usb_isr.c:57
// USB Endpoint/Pipe Interrupt Handler (Figure 21.12)
// Endpoint Registers: UEINTX, UESTAX.6 and UESTAX.5
// Setup-Request may reset endpoints, so we process data endpoints first!
// User defined actions have to acknowledge the interrupt!
ISR(USB_COM_vect)
{
    1bec:	1f 92       	push	r1
    1bee:	0f 92       	push	r0
    1bf0:	0f b6       	in	r0, 0x3f	; 63
    1bf2:	0f 92       	push	r0
    1bf4:	11 24       	eor	r1, r1
    1bf6:	0b b6       	in	r0, 0x3b	; 59
    1bf8:	0f 92       	push	r0
    1bfa:	2f 93       	push	r18
    1bfc:	3f 93       	push	r19
    1bfe:	4f 93       	push	r20
    1c00:	5f 93       	push	r21
    1c02:	6f 93       	push	r22
    1c04:	7f 93       	push	r23
    1c06:	8f 93       	push	r24
    1c08:	9f 93       	push	r25
    1c0a:	af 93       	push	r26
    1c0c:	bf 93       	push	r27
    1c0e:	ef 93       	push	r30
    1c10:	ff 93       	push	r31
    1c12:	cf 93       	push	r28
    1c14:	df 93       	push	r29
    1c16:	00 d0       	rcall	.+0      	; 0x1c18 <__vector_11+0x2c>
    1c18:	cd b7       	in	r28, 0x3d	; 61
    1c1a:	de b7       	in	r29, 0x3e	; 62
D:/ALAIN/AT90USB/Projects/AT90USB/At90UsbMPLAB.X/src/usb_isr.c:60
  uint8_t mask;
  uint8_t ep;
  Debug("ISR(USB_COM_vect)\r\n");
    1c1c:	81 e9       	ldi	r24, 0x91	; 145
    1c1e:	98 e0       	ldi	r25, 0x08	; 8
    1c20:	0e 94 9d 06 	call	0xd3a	; 0xd3a <USART_WriteString>
D:/ALAIN/AT90USB/Projects/AT90USB/At90UsbMPLAB.X/src/usb_isr.c:61
  USB_COM_mask = UsbDevGetEndpointIntBits();  
    1c24:	84 ef       	ldi	r24, 0xF4	; 244
    1c26:	90 e0       	ldi	r25, 0x00	; 0
    1c28:	fc 01       	movw	r30, r24
    1c2a:	80 81       	ld	r24, Z
    1c2c:	80 93 3a 1d 	sts	0x1D3A, r24	; 0x801d3a <USB_COM_mask>
D:/ALAIN/AT90USB/Projects/AT90USB/At90UsbMPLAB.X/src/usb_isr.c:62
  mask = UsbDevGetEndpointIntBits();
    1c30:	84 ef       	ldi	r24, 0xF4	; 244
    1c32:	90 e0       	ldi	r25, 0x00	; 0
    1c34:	fc 01       	movw	r30, r24
    1c36:	80 81       	ld	r24, Z
    1c38:	8a 83       	std	Y+2, r24	; 0x02
D:/ALAIN/AT90USB/Projects/AT90USB/At90UsbMPLAB.X/src/usb_isr.c:63
  ep = UsbNumEndpointsAT90USB;
    1c3a:	87 e0       	ldi	r24, 0x07	; 7
    1c3c:	89 83       	std	Y+1, r24	; 0x01
D:/ALAIN/AT90USB/Projects/AT90USB/At90UsbMPLAB.X/src/usb_isr.c:64
  while (ep-- > 0)
    1c3e:	19 c0       	rjmp	.+50     	; 0x1c72 <__vector_11+0x86>
D:/ALAIN/AT90USB/Projects/AT90USB/At90UsbMPLAB.X/src/usb_isr.c:67
  {
      
    if (mask & (1<<ep))
    1c40:	8a 81       	ldd	r24, Y+2	; 0x02
    1c42:	88 2f       	mov	r24, r24
    1c44:	90 e0       	ldi	r25, 0x00	; 0
    1c46:	29 81       	ldd	r18, Y+1	; 0x01
    1c48:	22 2f       	mov	r18, r18
    1c4a:	30 e0       	ldi	r19, 0x00	; 0
    1c4c:	02 c0       	rjmp	.+4      	; 0x1c52 <__vector_11+0x66>
    1c4e:	95 95       	asr	r25
    1c50:	87 95       	ror	r24
    1c52:	2a 95       	dec	r18
    1c54:	e2 f7       	brpl	.-8      	; 0x1c4e <__vector_11+0x62>
    1c56:	81 70       	andi	r24, 0x01	; 1
    1c58:	99 27       	eor	r25, r25
    1c5a:	89 2b       	or	r24, r25
    1c5c:	51 f0       	breq	.+20     	; 0x1c72 <__vector_11+0x86>
D:/ALAIN/AT90USB/Projects/AT90USB/At90UsbMPLAB.X/src/usb_isr.c:69
    {
      UsbDevSelectEndpoint(ep);
    1c5e:	89 ee       	ldi	r24, 0xE9	; 233
    1c60:	90 e0       	ldi	r25, 0x00	; 0
    1c62:	29 81       	ldd	r18, Y+1	; 0x01
    1c64:	27 70       	andi	r18, 0x07	; 7
    1c66:	fc 01       	movw	r30, r24
    1c68:	20 83       	st	Z, r18
D:/ALAIN/AT90USB/Projects/AT90USB/At90UsbMPLAB.X/src/usb_isr.c:70
      UEIENX = 0;
    1c6a:	80 ef       	ldi	r24, 0xF0	; 240
    1c6c:	90 e0       	ldi	r25, 0x00	; 0
    1c6e:	fc 01       	movw	r30, r24
    1c70:	10 82       	st	Z, r1
D:/ALAIN/AT90USB/Projects/AT90USB/At90UsbMPLAB.X/src/usb_isr.c:64
  uint8_t ep;
  Debug("ISR(USB_COM_vect)\r\n");
  USB_COM_mask = UsbDevGetEndpointIntBits();  
  mask = UsbDevGetEndpointIntBits();
  ep = UsbNumEndpointsAT90USB;
  while (ep-- > 0)
    1c72:	89 81       	ldd	r24, Y+1	; 0x01
    1c74:	9f ef       	ldi	r25, 0xFF	; 255
    1c76:	98 0f       	add	r25, r24
    1c78:	99 83       	std	Y+1, r25	; 0x01
    1c7a:	88 23       	and	r24, r24
    1c7c:	09 f7       	brne	.-62     	; 0x1c40 <__vector_11+0x54>
D:/ALAIN/AT90USB/Projects/AT90USB/At90UsbMPLAB.X/src/usb_isr.c:108
          Debug("Error in ISR(USB_COM_vect)\r\n");
      }
#endif    
    }
  }
}
    1c7e:	00 00       	nop
    1c80:	0f 90       	pop	r0
    1c82:	0f 90       	pop	r0
    1c84:	df 91       	pop	r29
    1c86:	cf 91       	pop	r28
    1c88:	ff 91       	pop	r31
    1c8a:	ef 91       	pop	r30
    1c8c:	bf 91       	pop	r27
    1c8e:	af 91       	pop	r26
    1c90:	9f 91       	pop	r25
    1c92:	8f 91       	pop	r24
    1c94:	7f 91       	pop	r23
    1c96:	6f 91       	pop	r22
    1c98:	5f 91       	pop	r21
    1c9a:	4f 91       	pop	r20
    1c9c:	3f 91       	pop	r19
    1c9e:	2f 91       	pop	r18
    1ca0:	0f 90       	pop	r0
    1ca2:	0b be       	out	0x3b, r0	; 59
    1ca4:	0f 90       	pop	r0
    1ca6:	0f be       	out	0x3f, r0	; 63
    1ca8:	0f 90       	pop	r0
    1caa:	1f 90       	pop	r1
    1cac:	18 95       	reti

00001cae <SendInFifo>:
SendInFifo():
D:/ALAIN/AT90USB/Projects/AT90USB/At90UsbMPLAB.X/src/usb_requests.c:355 (discriminator 1)
  }
  else
  {
    return false;
  }
}
    1cae:	cf 93       	push	r28
    1cb0:	df 93       	push	r29
    1cb2:	cd b7       	in	r28, 0x3d	; 61
    1cb4:	de b7       	in	r29, 0x3e	; 62
    1cb6:	88 ee       	ldi	r24, 0xE8	; 232
    1cb8:	90 e0       	ldi	r25, 0x00	; 0
    1cba:	fc 01       	movw	r30, r24
    1cbc:	20 81       	ld	r18, Z
    1cbe:	88 ee       	ldi	r24, 0xE8	; 232
    1cc0:	90 e0       	ldi	r25, 0x00	; 0
    1cc2:	2e 7f       	andi	r18, 0xFE	; 254
    1cc4:	fc 01       	movw	r30, r24
    1cc6:	20 83       	st	Z, r18
    1cc8:	81 e0       	ldi	r24, 0x01	; 1
    1cca:	90 e0       	ldi	r25, 0x00	; 0
    1ccc:	90 93 35 1d 	sts	0x1D35, r25	; 0x801d35 <InRetryCnt+0x1>
    1cd0:	80 93 34 1d 	sts	0x1D34, r24	; 0x801d34 <InRetryCnt>
    1cd4:	31 c0       	rjmp	.+98     	; 0x1d38 <SendInFifo+0x8a>
    1cd6:	88 ee       	ldi	r24, 0xE8	; 232
    1cd8:	90 e0       	ldi	r25, 0x00	; 0
    1cda:	fc 01       	movw	r30, r24
    1cdc:	80 81       	ld	r24, Z
    1cde:	88 2f       	mov	r24, r24
    1ce0:	90 e0       	ldi	r25, 0x00	; 0
    1ce2:	81 70       	andi	r24, 0x01	; 1
    1ce4:	99 27       	eor	r25, r25
    1ce6:	89 2b       	or	r24, r25
    1ce8:	49 f0       	breq	.+18     	; 0x1cfc <SendInFifo+0x4e>
    1cea:	90 91 32 1d 	lds	r25, 0x1D32	; 0x801d32 <TxOut>
    1cee:	80 91 33 1d 	lds	r24, 0x1D33	; 0x801d33 <InFifoCnt>
    1cf2:	89 0f       	add	r24, r25
    1cf4:	80 93 32 1d 	sts	0x1D32, r24	; 0x801d32 <TxOut>
    1cf8:	81 e0       	ldi	r24, 0x01	; 1
    1cfa:	25 c0       	rjmp	.+74     	; 0x1d46 <SendInFifo+0x98>
    1cfc:	88 ee       	ldi	r24, 0xE8	; 232
    1cfe:	90 e0       	ldi	r25, 0x00	; 0
    1d00:	fc 01       	movw	r30, r24
    1d02:	80 81       	ld	r24, Z
    1d04:	88 2f       	mov	r24, r24
    1d06:	90 e0       	ldi	r25, 0x00	; 0
    1d08:	84 70       	andi	r24, 0x04	; 4
    1d0a:	99 27       	eor	r25, r25
    1d0c:	89 2b       	or	r24, r25
    1d0e:	59 f0       	breq	.+22     	; 0x1d26 <SendInFifo+0x78>
    1d10:	88 ee       	ldi	r24, 0xE8	; 232
    1d12:	90 e0       	ldi	r25, 0x00	; 0
    1d14:	fc 01       	movw	r30, r24
    1d16:	20 81       	ld	r18, Z
    1d18:	88 ee       	ldi	r24, 0xE8	; 232
    1d1a:	90 e0       	ldi	r25, 0x00	; 0
    1d1c:	2b 7f       	andi	r18, 0xFB	; 251
    1d1e:	fc 01       	movw	r30, r24
    1d20:	20 83       	st	Z, r18
    1d22:	80 e0       	ldi	r24, 0x00	; 0
    1d24:	10 c0       	rjmp	.+32     	; 0x1d46 <SendInFifo+0x98>
    1d26:	80 91 34 1d 	lds	r24, 0x1D34	; 0x801d34 <InRetryCnt>
    1d2a:	90 91 35 1d 	lds	r25, 0x1D35	; 0x801d35 <InRetryCnt+0x1>
    1d2e:	01 96       	adiw	r24, 0x01	; 1
    1d30:	90 93 35 1d 	sts	0x1D35, r25	; 0x801d35 <InRetryCnt+0x1>
    1d34:	80 93 34 1d 	sts	0x1D34, r24	; 0x801d34 <InRetryCnt>
    1d38:	80 91 34 1d 	lds	r24, 0x1D34	; 0x801d34 <InRetryCnt>
    1d3c:	90 91 35 1d 	lds	r25, 0x1D35	; 0x801d35 <InRetryCnt+0x1>
    1d40:	89 2b       	or	r24, r25
    1d42:	49 f6       	brne	.-110    	; 0x1cd6 <SendInFifo+0x28>
    1d44:	80 e0       	ldi	r24, 0x00	; 0
    1d46:	df 91       	pop	r29
    1d48:	cf 91       	pop	r28
    1d4a:	08 95       	ret

00001d4c <UsbDevFlushInFifo>:
UsbDevFlushInFifo():
    1d4c:	cf 93       	push	r28
    1d4e:	df 93       	push	r29
    1d50:	cd b7       	in	r28, 0x3d	; 61
    1d52:	de b7       	in	r29, 0x3e	; 62
    1d54:	80 91 33 1d 	lds	r24, 0x1D33	; 0x801d33 <InFifoCnt>
    1d58:	88 23       	and	r24, r24
    1d5a:	51 f0       	breq	.+20     	; 0x1d70 <UsbDevFlushInFifo+0x24>
    1d5c:	0e 94 57 0e 	call	0x1cae	; 0x1cae <SendInFifo>
    1d60:	88 23       	and	r24, r24
    1d62:	21 f0       	breq	.+8      	; 0x1d6c <UsbDevFlushInFifo+0x20>
    1d64:	10 92 33 1d 	sts	0x1D33, r1	; 0x801d33 <InFifoCnt>
    1d68:	81 e0       	ldi	r24, 0x01	; 1
    1d6a:	03 c0       	rjmp	.+6      	; 0x1d72 <UsbDevFlushInFifo+0x26>
    1d6c:	80 e0       	ldi	r24, 0x00	; 0
    1d6e:	01 c0       	rjmp	.+2      	; 0x1d72 <UsbDevFlushInFifo+0x26>
    1d70:	81 e0       	ldi	r24, 0x01	; 1
    1d72:	df 91       	pop	r29
    1d74:	cf 91       	pop	r28
    1d76:	08 95       	ret

00001d78 <UsbDevWriteIntoFifoAndFlush>:
UsbDevWriteIntoFifoAndFlush():
    1d78:	cf 93       	push	r28
    1d7a:	df 93       	push	r29
    1d7c:	cd b7       	in	r28, 0x3d	; 61
    1d7e:	de b7       	in	r29, 0x3e	; 62
    1d80:	2b 97       	sbiw	r28, 0x0b	; 11
    1d82:	0f b6       	in	r0, 0x3f	; 63
    1d84:	f8 94       	cli
    1d86:	de bf       	out	0x3e, r29	; 62
    1d88:	0f be       	out	0x3f, r0	; 63
    1d8a:	cd bf       	out	0x3d, r28	; 61
    1d8c:	9f 83       	std	Y+7, r25	; 0x07
    1d8e:	8e 83       	std	Y+6, r24	; 0x06
    1d90:	68 87       	std	Y+8, r22	; 0x08
    1d92:	5a 87       	std	Y+10, r21	; 0x0a
    1d94:	49 87       	std	Y+9, r20	; 0x09
    1d96:	2b 87       	std	Y+11, r18	; 0x0b
    1d98:	0e 94 24 01 	call	0x248	; 0x248 <GetTimerTick>
    1d9c:	dc 01       	movw	r26, r24
    1d9e:	cb 01       	movw	r24, r22
    1da0:	89 83       	std	Y+1, r24	; 0x01
    1da2:	9a 83       	std	Y+2, r25	; 0x02
    1da4:	ab 83       	std	Y+3, r26	; 0x03
    1da6:	bc 83       	std	Y+4, r27	; 0x04
    1da8:	8f ef       	ldi	r24, 0xFF	; 255
    1daa:	9f ef       	ldi	r25, 0xFF	; 255
    1dac:	dc 01       	movw	r26, r24
    1dae:	80 93 36 1d 	sts	0x1D36, r24	; 0x801d36 <ElapsedTime>
    1db2:	90 93 37 1d 	sts	0x1D37, r25	; 0x801d37 <ElapsedTime+0x1>
    1db6:	a0 93 38 1d 	sts	0x1D38, r26	; 0x801d38 <ElapsedTime+0x2>
    1dba:	b0 93 39 1d 	sts	0x1D39, r27	; 0x801d39 <ElapsedTime+0x3>
    1dbe:	81 e0       	ldi	r24, 0x01	; 1
    1dc0:	8d 83       	std	Y+5, r24	; 0x05
    1dc2:	85 e2       	ldi	r24, 0x25	; 37
    1dc4:	90 e0       	ldi	r25, 0x00	; 0
    1dc6:	fc 01       	movw	r30, r24
    1dc8:	20 81       	ld	r18, Z
    1dca:	85 e2       	ldi	r24, 0x25	; 37
    1dcc:	90 e0       	ldi	r25, 0x00	; 0
    1dce:	20 61       	ori	r18, 0x10	; 16
    1dd0:	fc 01       	movw	r30, r24
    1dd2:	20 83       	st	Z, r18
    1dd4:	49 85       	ldd	r20, Y+9	; 0x09
    1dd6:	5a 85       	ldd	r21, Y+10	; 0x0a
    1dd8:	8e 81       	ldd	r24, Y+6	; 0x06
    1dda:	9f 81       	ldd	r25, Y+7	; 0x07
    1ddc:	2b 85       	ldd	r18, Y+11	; 0x0b
    1dde:	68 85       	ldd	r22, Y+8	; 0x08
    1de0:	0e 94 35 0f 	call	0x1e6a	; 0x1e6a <UsbDevWriteIntoFifo>
    1de4:	88 23       	and	r24, r24
    1de6:	d9 f0       	breq	.+54     	; 0x1e1e <UsbDevWriteIntoFifoAndFlush+0xa6>
    1de8:	0e 94 a6 0e 	call	0x1d4c	; 0x1d4c <UsbDevFlushInFifo>
    1dec:	98 2f       	mov	r25, r24
    1dee:	81 e0       	ldi	r24, 0x01	; 1
    1df0:	89 27       	eor	r24, r25
    1df2:	88 23       	and	r24, r24
    1df4:	39 f1       	breq	.+78     	; 0x1e44 <UsbDevWriteIntoFifoAndFlush+0xcc>
    1df6:	89 81       	ldd	r24, Y+1	; 0x01
    1df8:	9a 81       	ldd	r25, Y+2	; 0x02
    1dfa:	ab 81       	ldd	r26, Y+3	; 0x03
    1dfc:	bc 81       	ldd	r27, Y+4	; 0x04
    1dfe:	bc 01       	movw	r22, r24
    1e00:	cd 01       	movw	r24, r26
    1e02:	0e 94 67 01 	call	0x2ce	; 0x2ce <GetElapseTime>
    1e06:	dc 01       	movw	r26, r24
    1e08:	cb 01       	movw	r24, r22
    1e0a:	80 93 36 1d 	sts	0x1D36, r24	; 0x801d36 <ElapsedTime>
    1e0e:	90 93 37 1d 	sts	0x1D37, r25	; 0x801d37 <ElapsedTime+0x1>
    1e12:	a0 93 38 1d 	sts	0x1D38, r26	; 0x801d38 <ElapsedTime+0x2>
    1e16:	b0 93 39 1d 	sts	0x1D39, r27	; 0x801d39 <ElapsedTime+0x3>
    1e1a:	1d 82       	std	Y+5, r1	; 0x05
    1e1c:	13 c0       	rjmp	.+38     	; 0x1e44 <UsbDevWriteIntoFifoAndFlush+0xcc>
    1e1e:	89 81       	ldd	r24, Y+1	; 0x01
    1e20:	9a 81       	ldd	r25, Y+2	; 0x02
    1e22:	ab 81       	ldd	r26, Y+3	; 0x03
    1e24:	bc 81       	ldd	r27, Y+4	; 0x04
    1e26:	bc 01       	movw	r22, r24
    1e28:	cd 01       	movw	r24, r26
    1e2a:	0e 94 67 01 	call	0x2ce	; 0x2ce <GetElapseTime>
    1e2e:	dc 01       	movw	r26, r24
    1e30:	cb 01       	movw	r24, r22
    1e32:	80 93 36 1d 	sts	0x1D36, r24	; 0x801d36 <ElapsedTime>
    1e36:	90 93 37 1d 	sts	0x1D37, r25	; 0x801d37 <ElapsedTime+0x1>
    1e3a:	a0 93 38 1d 	sts	0x1D38, r26	; 0x801d38 <ElapsedTime+0x2>
    1e3e:	b0 93 39 1d 	sts	0x1D39, r27	; 0x801d39 <ElapsedTime+0x3>
    1e42:	1d 82       	std	Y+5, r1	; 0x05
    1e44:	85 e2       	ldi	r24, 0x25	; 37
    1e46:	90 e0       	ldi	r25, 0x00	; 0
    1e48:	fc 01       	movw	r30, r24
    1e4a:	20 81       	ld	r18, Z
    1e4c:	85 e2       	ldi	r24, 0x25	; 37
    1e4e:	90 e0       	ldi	r25, 0x00	; 0
    1e50:	2f 7e       	andi	r18, 0xEF	; 239
    1e52:	fc 01       	movw	r30, r24
    1e54:	20 83       	st	Z, r18
    1e56:	8d 81       	ldd	r24, Y+5	; 0x05
    1e58:	2b 96       	adiw	r28, 0x0b	; 11
    1e5a:	0f b6       	in	r0, 0x3f	; 63
    1e5c:	f8 94       	cli
    1e5e:	de bf       	out	0x3e, r29	; 62
    1e60:	0f be       	out	0x3f, r0	; 63
    1e62:	cd bf       	out	0x3d, r28	; 61
    1e64:	df 91       	pop	r29
    1e66:	cf 91       	pop	r28
    1e68:	08 95       	ret

00001e6a <UsbDevWriteIntoFifo>:
UsbDevWriteIntoFifo():
    1e6a:	cf 93       	push	r28
    1e6c:	df 93       	push	r29
    1e6e:	cd b7       	in	r28, 0x3d	; 61
    1e70:	de b7       	in	r29, 0x3e	; 62
    1e72:	29 97       	sbiw	r28, 0x09	; 9
    1e74:	0f b6       	in	r0, 0x3f	; 63
    1e76:	f8 94       	cli
    1e78:	de bf       	out	0x3e, r29	; 62
    1e7a:	0f be       	out	0x3f, r0	; 63
    1e7c:	cd bf       	out	0x3d, r28	; 61
    1e7e:	9d 83       	std	Y+5, r25	; 0x05
    1e80:	8c 83       	std	Y+4, r24	; 0x04
    1e82:	6e 83       	std	Y+6, r22	; 0x06
    1e84:	58 87       	std	Y+8, r21	; 0x08
    1e86:	4f 83       	std	Y+7, r20	; 0x07
    1e88:	29 87       	std	Y+9, r18	; 0x09
    1e8a:	80 91 2e 1d 	lds	r24, 0x1D2E	; 0x801d2e <ResetCnt>
    1e8e:	82 30       	cpi	r24, 0x02	; 2
    1e90:	19 f4       	brne	.+6      	; 0x1e98 <UsbDevWriteIntoFifo+0x2e>
    1e92:	81 e0       	ldi	r24, 0x01	; 1
    1e94:	80 93 47 1e 	sts	0x1E47, r24	; 0x801e47 <BreakpointValue>
    1e98:	8f 81       	ldd	r24, Y+7	; 0x07
    1e9a:	98 85       	ldd	r25, Y+8	; 0x08
    1e9c:	fc 01       	movw	r30, r24
    1e9e:	80 81       	ld	r24, Z
    1ea0:	99 85       	ldd	r25, Y+9	; 0x09
    1ea2:	f9 2f       	mov	r31, r25
    1ea4:	f8 1b       	sub	r31, r24
    1ea6:	8f 2f       	mov	r24, r31
    1ea8:	89 83       	std	Y+1, r24	; 0x01
    1eaa:	8e 81       	ldd	r24, Y+6	; 0x06
    1eac:	8a 83       	std	Y+2, r24	; 0x02
    1eae:	99 81       	ldd	r25, Y+1	; 0x01
    1eb0:	8e 81       	ldd	r24, Y+6	; 0x06
    1eb2:	89 17       	cp	r24, r25
    1eb4:	18 f4       	brcc	.+6      	; 0x1ebc <UsbDevWriteIntoFifo+0x52>
    1eb6:	8e 81       	ldd	r24, Y+6	; 0x06
    1eb8:	89 83       	std	Y+1, r24	; 0x01
    1eba:	1b c0       	rjmp	.+54     	; 0x1ef2 <UsbDevWriteIntoFifo+0x88>
    1ebc:	89 81       	ldd	r24, Y+1	; 0x01
    1ebe:	88 23       	and	r24, r24
    1ec0:	c1 f4       	brne	.+48     	; 0x1ef2 <UsbDevWriteIntoFifo+0x88>
    1ec2:	80 91 33 1d 	lds	r24, 0x1D33	; 0x801d33 <InFifoCnt>
    1ec6:	88 23       	and	r24, r24
    1ec8:	a1 f0       	breq	.+40     	; 0x1ef2 <UsbDevWriteIntoFifo+0x88>
    1eca:	0e 94 57 0e 	call	0x1cae	; 0x1cae <SendInFifo>
    1ece:	88 23       	and	r24, r24
    1ed0:	21 f0       	breq	.+8      	; 0x1eda <UsbDevWriteIntoFifo+0x70>
    1ed2:	10 92 33 1d 	sts	0x1D33, r1	; 0x801d33 <InFifoCnt>
    1ed6:	81 e0       	ldi	r24, 0x01	; 1
    1ed8:	66 c0       	rjmp	.+204    	; 0x1fa6 <UsbDevWriteIntoFifo+0x13c>
    1eda:	10 92 33 1d 	sts	0x1D33, r1	; 0x801d33 <InFifoCnt>
    1ede:	8f 81       	ldd	r24, Y+7	; 0x07
    1ee0:	98 85       	ldd	r25, Y+8	; 0x08
    1ee2:	29 85       	ldd	r18, Y+9	; 0x09
    1ee4:	fc 01       	movw	r30, r24
    1ee6:	20 83       	st	Z, r18
    1ee8:	81 e0       	ldi	r24, 0x01	; 1
    1eea:	80 93 3b 1d 	sts	0x1D3B, r24	; 0x801d3b <FatalError>
    1eee:	80 e0       	ldi	r24, 0x00	; 0
    1ef0:	5a c0       	rjmp	.+180    	; 0x1fa6 <UsbDevWriteIntoFifo+0x13c>
    1ef2:	88 ee       	ldi	r24, 0xE8	; 232
    1ef4:	90 e0       	ldi	r25, 0x00	; 0
    1ef6:	fc 01       	movw	r30, r24
    1ef8:	80 81       	ld	r24, Z
    1efa:	88 2f       	mov	r24, r24
    1efc:	90 e0       	ldi	r25, 0x00	; 0
    1efe:	81 70       	andi	r24, 0x01	; 1
    1f00:	99 27       	eor	r25, r25
    1f02:	89 2b       	or	r24, r25
    1f04:	19 f0       	breq	.+6      	; 0x1f0c <UsbDevWriteIntoFifo+0xa2>
    1f06:	10 92 33 1d 	sts	0x1D33, r1	; 0x801d33 <InFifoCnt>
    1f0a:	3c c0       	rjmp	.+120    	; 0x1f84 <UsbDevWriteIntoFifo+0x11a>
    1f0c:	8f 81       	ldd	r24, Y+7	; 0x07
    1f0e:	98 85       	ldd	r25, Y+8	; 0x08
    1f10:	29 85       	ldd	r18, Y+9	; 0x09
    1f12:	fc 01       	movw	r30, r24
    1f14:	20 83       	st	Z, r18
    1f16:	81 e0       	ldi	r24, 0x01	; 1
    1f18:	80 93 3b 1d 	sts	0x1D3B, r24	; 0x801d3b <FatalError>
    1f1c:	80 e0       	ldi	r24, 0x00	; 0
    1f1e:	43 c0       	rjmp	.+134    	; 0x1fa6 <UsbDevWriteIntoFifo+0x13c>
    1f20:	8c 81       	ldd	r24, Y+4	; 0x04
    1f22:	9d 81       	ldd	r25, Y+5	; 0x05
    1f24:	9c 01       	movw	r18, r24
    1f26:	2f 5f       	subi	r18, 0xFF	; 255
    1f28:	3f 4f       	sbci	r19, 0xFF	; 255
    1f2a:	3d 83       	std	Y+5, r19	; 0x05
    1f2c:	2c 83       	std	Y+4, r18	; 0x04
    1f2e:	21 ef       	ldi	r18, 0xF1	; 241
    1f30:	30 e0       	ldi	r19, 0x00	; 0
    1f32:	fc 01       	movw	r30, r24
    1f34:	80 81       	ld	r24, Z
    1f36:	f9 01       	movw	r30, r18
    1f38:	80 83       	st	Z, r24
    1f3a:	80 91 31 1d 	lds	r24, 0x1D31	; 0x801d31 <TxIn>
    1f3e:	8f 5f       	subi	r24, 0xFF	; 255
    1f40:	80 93 31 1d 	sts	0x1D31, r24	; 0x801d31 <TxIn>
    1f44:	80 91 33 1d 	lds	r24, 0x1D33	; 0x801d33 <InFifoCnt>
    1f48:	8f 5f       	subi	r24, 0xFF	; 255
    1f4a:	80 93 33 1d 	sts	0x1D33, r24	; 0x801d33 <InFifoCnt>
    1f4e:	90 91 33 1d 	lds	r25, 0x1D33	; 0x801d33 <InFifoCnt>
    1f52:	81 e0       	ldi	r24, 0x01	; 1
    1f54:	98 30       	cpi	r25, 0x08	; 8
    1f56:	08 f4       	brcc	.+2      	; 0x1f5a <UsbDevWriteIntoFifo+0xf0>
    1f58:	80 e0       	ldi	r24, 0x00	; 0
    1f5a:	8b 83       	std	Y+3, r24	; 0x03
    1f5c:	8b 81       	ldd	r24, Y+3	; 0x03
    1f5e:	88 23       	and	r24, r24
    1f60:	89 f0       	breq	.+34     	; 0x1f84 <UsbDevWriteIntoFifo+0x11a>
    1f62:	0e 94 57 0e 	call	0x1cae	; 0x1cae <SendInFifo>
    1f66:	88 23       	and	r24, r24
    1f68:	19 f0       	breq	.+6      	; 0x1f70 <UsbDevWriteIntoFifo+0x106>
    1f6a:	10 92 33 1d 	sts	0x1D33, r1	; 0x801d33 <InFifoCnt>
    1f6e:	0a c0       	rjmp	.+20     	; 0x1f84 <UsbDevWriteIntoFifo+0x11a>
    1f70:	8f 81       	ldd	r24, Y+7	; 0x07
    1f72:	98 85       	ldd	r25, Y+8	; 0x08
    1f74:	29 85       	ldd	r18, Y+9	; 0x09
    1f76:	fc 01       	movw	r30, r24
    1f78:	20 83       	st	Z, r18
    1f7a:	81 e0       	ldi	r24, 0x01	; 1
    1f7c:	80 93 3b 1d 	sts	0x1D3B, r24	; 0x801d3b <FatalError>
    1f80:	80 e0       	ldi	r24, 0x00	; 0
    1f82:	11 c0       	rjmp	.+34     	; 0x1fa6 <UsbDevWriteIntoFifo+0x13c>
    1f84:	89 81       	ldd	r24, Y+1	; 0x01
    1f86:	9f ef       	ldi	r25, 0xFF	; 255
    1f88:	98 0f       	add	r25, r24
    1f8a:	99 83       	std	Y+1, r25	; 0x01
    1f8c:	88 23       	and	r24, r24
    1f8e:	41 f6       	brne	.-112    	; 0x1f20 <UsbDevWriteIntoFifo+0xb6>
    1f90:	2a 81       	ldd	r18, Y+2	; 0x02
    1f92:	8f 81       	ldd	r24, Y+7	; 0x07
    1f94:	98 85       	ldd	r25, Y+8	; 0x08
    1f96:	fc 01       	movw	r30, r24
    1f98:	80 81       	ld	r24, Z
    1f9a:	28 0f       	add	r18, r24
    1f9c:	8f 81       	ldd	r24, Y+7	; 0x07
    1f9e:	98 85       	ldd	r25, Y+8	; 0x08
    1fa0:	fc 01       	movw	r30, r24
    1fa2:	20 83       	st	Z, r18
    1fa4:	81 e0       	ldi	r24, 0x01	; 1
    1fa6:	29 96       	adiw	r28, 0x09	; 9
    1fa8:	0f b6       	in	r0, 0x3f	; 63
    1faa:	f8 94       	cli
    1fac:	de bf       	out	0x3e, r29	; 62
    1fae:	0f be       	out	0x3f, r0	; 63
    1fb0:	cd bf       	out	0x3d, r28	; 61
    1fb2:	df 91       	pop	r29
    1fb4:	cf 91       	pop	r28
    1fb6:	08 95       	ret

00001fb8 <UsbDevReadBytesN>:
UsbDevReadBytesN():
    1fb8:	cf 93       	push	r28
    1fba:	df 93       	push	r29
    1fbc:	00 d0       	rcall	.+0      	; 0x1fbe <UsbDevReadBytesN+0x6>
    1fbe:	1f 92       	push	r1
    1fc0:	cd b7       	in	r28, 0x3d	; 61
    1fc2:	de b7       	in	r29, 0x3e	; 62
    1fc4:	9a 83       	std	Y+2, r25	; 0x02
    1fc6:	89 83       	std	Y+1, r24	; 0x01
    1fc8:	6b 83       	std	Y+3, r22	; 0x03
    1fca:	82 ef       	ldi	r24, 0xF2	; 242
    1fcc:	90 e0       	ldi	r25, 0x00	; 0
    1fce:	fc 01       	movw	r30, r24
    1fd0:	80 81       	ld	r24, Z
    1fd2:	9b 81       	ldd	r25, Y+3	; 0x03
    1fd4:	98 17       	cp	r25, r24
    1fd6:	91 f0       	breq	.+36     	; 0x1ffc <UsbDevReadBytesN+0x44>
    1fd8:	85 ea       	ldi	r24, 0xA5	; 165
    1fda:	98 e0       	ldi	r25, 0x08	; 8
    1fdc:	0e 94 9d 06 	call	0xd3a	; 0xd3a <USART_WriteString>
    1fe0:	0d c0       	rjmp	.+26     	; 0x1ffc <UsbDevReadBytesN+0x44>
    1fe2:	21 ef       	ldi	r18, 0xF1	; 241
    1fe4:	30 e0       	ldi	r19, 0x00	; 0
    1fe6:	89 81       	ldd	r24, Y+1	; 0x01
    1fe8:	9a 81       	ldd	r25, Y+2	; 0x02
    1fea:	ac 01       	movw	r20, r24
    1fec:	4f 5f       	subi	r20, 0xFF	; 255
    1fee:	5f 4f       	sbci	r21, 0xFF	; 255
    1ff0:	5a 83       	std	Y+2, r21	; 0x02
    1ff2:	49 83       	std	Y+1, r20	; 0x01
    1ff4:	f9 01       	movw	r30, r18
    1ff6:	20 81       	ld	r18, Z
    1ff8:	fc 01       	movw	r30, r24
    1ffa:	20 83       	st	Z, r18
    1ffc:	8b 81       	ldd	r24, Y+3	; 0x03
    1ffe:	9f ef       	ldi	r25, 0xFF	; 255
    2000:	98 0f       	add	r25, r24
    2002:	9b 83       	std	Y+3, r25	; 0x03
    2004:	88 23       	and	r24, r24
    2006:	69 f7       	brne	.-38     	; 0x1fe2 <UsbDevReadBytesN+0x2a>
    2008:	00 00       	nop
    200a:	0f 90       	pop	r0
    200c:	0f 90       	pop	r0
    200e:	0f 90       	pop	r0
    2010:	df 91       	pop	r29
    2012:	cf 91       	pop	r28
    2014:	08 95       	ret

00002016 <UsbSendZLP>:
UsbSendZLP():
    2016:	cf 93       	push	r28
    2018:	df 93       	push	r29
    201a:	1f 92       	push	r1
    201c:	cd b7       	in	r28, 0x3d	; 61
    201e:	de b7       	in	r29, 0x3e	; 62
    2020:	89 83       	std	Y+1, r24	; 0x01
    2022:	88 ee       	ldi	r24, 0xE8	; 232
    2024:	90 e0       	ldi	r25, 0x00	; 0
    2026:	fc 01       	movw	r30, r24
    2028:	80 81       	ld	r24, Z
    202a:	88 2f       	mov	r24, r24
    202c:	90 e0       	ldi	r25, 0x00	; 0
    202e:	81 70       	andi	r24, 0x01	; 1
    2030:	99 27       	eor	r25, r25
    2032:	89 2b       	or	r24, r25
    2034:	91 f1       	breq	.+100    	; 0x209a <UsbSendZLP+0x84>
    2036:	88 ee       	ldi	r24, 0xE8	; 232
    2038:	90 e0       	ldi	r25, 0x00	; 0
    203a:	fc 01       	movw	r30, r24
    203c:	20 81       	ld	r18, Z
    203e:	88 ee       	ldi	r24, 0xE8	; 232
    2040:	90 e0       	ldi	r25, 0x00	; 0
    2042:	2e 7f       	andi	r18, 0xFE	; 254
    2044:	fc 01       	movw	r30, r24
    2046:	20 83       	st	Z, r18
    2048:	89 81       	ldd	r24, Y+1	; 0x01
    204a:	88 23       	and	r24, r24
    204c:	21 f1       	breq	.+72     	; 0x2096 <UsbSendZLP+0x80>
    204e:	81 e0       	ldi	r24, 0x01	; 1
    2050:	90 e0       	ldi	r25, 0x00	; 0
    2052:	90 93 35 1d 	sts	0x1D35, r25	; 0x801d35 <InRetryCnt+0x1>
    2056:	80 93 34 1d 	sts	0x1D34, r24	; 0x801d34 <InRetryCnt>
    205a:	15 c0       	rjmp	.+42     	; 0x2086 <UsbSendZLP+0x70>
    205c:	88 ee       	ldi	r24, 0xE8	; 232
    205e:	90 e0       	ldi	r25, 0x00	; 0
    2060:	fc 01       	movw	r30, r24
    2062:	80 81       	ld	r24, Z
    2064:	88 2f       	mov	r24, r24
    2066:	90 e0       	ldi	r25, 0x00	; 0
    2068:	81 70       	andi	r24, 0x01	; 1
    206a:	99 27       	eor	r25, r25
    206c:	89 2b       	or	r24, r25
    206e:	11 f0       	breq	.+4      	; 0x2074 <UsbSendZLP+0x5e>
    2070:	81 e0       	ldi	r24, 0x01	; 1
    2072:	17 c0       	rjmp	.+46     	; 0x20a2 <UsbSendZLP+0x8c>
    2074:	80 91 34 1d 	lds	r24, 0x1D34	; 0x801d34 <InRetryCnt>
    2078:	90 91 35 1d 	lds	r25, 0x1D35	; 0x801d35 <InRetryCnt+0x1>
    207c:	01 96       	adiw	r24, 0x01	; 1
    207e:	90 93 35 1d 	sts	0x1D35, r25	; 0x801d35 <InRetryCnt+0x1>
    2082:	80 93 34 1d 	sts	0x1D34, r24	; 0x801d34 <InRetryCnt>
    2086:	80 91 34 1d 	lds	r24, 0x1D34	; 0x801d34 <InRetryCnt>
    208a:	90 91 35 1d 	lds	r25, 0x1D35	; 0x801d35 <InRetryCnt+0x1>
    208e:	89 2b       	or	r24, r25
    2090:	29 f7       	brne	.-54     	; 0x205c <UsbSendZLP+0x46>
    2092:	80 e0       	ldi	r24, 0x00	; 0
    2094:	06 c0       	rjmp	.+12     	; 0x20a2 <UsbSendZLP+0x8c>
    2096:	81 e0       	ldi	r24, 0x01	; 1
    2098:	04 c0       	rjmp	.+8      	; 0x20a2 <UsbSendZLP+0x8c>
    209a:	81 e0       	ldi	r24, 0x01	; 1
    209c:	80 93 3b 1d 	sts	0x1D3B, r24	; 0x801d3b <FatalError>
    20a0:	80 e0       	ldi	r24, 0x00	; 0
    20a2:	0f 90       	pop	r0
    20a4:	df 91       	pop	r29
    20a6:	cf 91       	pop	r28
    20a8:	08 95       	ret

000020aa <WaitZLP_FromHost>:
WaitZLP_FromHost():
    20aa:	cf 93       	push	r28
    20ac:	df 93       	push	r29
    20ae:	1f 92       	push	r1
    20b0:	cd b7       	in	r28, 0x3d	; 61
    20b2:	de b7       	in	r29, 0x3e	; 62
    20b4:	19 82       	std	Y+1, r1	; 0x01
    20b6:	21 c0       	rjmp	.+66     	; 0x20fa <WaitZLP_FromHost+0x50>
    20b8:	88 ee       	ldi	r24, 0xE8	; 232
    20ba:	90 e0       	ldi	r25, 0x00	; 0
    20bc:	fc 01       	movw	r30, r24
    20be:	80 81       	ld	r24, Z
    20c0:	88 2f       	mov	r24, r24
    20c2:	90 e0       	ldi	r25, 0x00	; 0
    20c4:	88 70       	andi	r24, 0x08	; 8
    20c6:	99 27       	eor	r25, r25
    20c8:	89 2b       	or	r24, r25
    20ca:	11 f0       	breq	.+4      	; 0x20d0 <WaitZLP_FromHost+0x26>
    20cc:	81 e0       	ldi	r24, 0x01	; 1
    20ce:	89 83       	std	Y+1, r24	; 0x01
    20d0:	88 ee       	ldi	r24, 0xE8	; 232
    20d2:	90 e0       	ldi	r25, 0x00	; 0
    20d4:	fc 01       	movw	r30, r24
    20d6:	80 81       	ld	r24, Z
    20d8:	88 2f       	mov	r24, r24
    20da:	90 e0       	ldi	r25, 0x00	; 0
    20dc:	84 70       	andi	r24, 0x04	; 4
    20de:	99 27       	eor	r25, r25
    20e0:	89 2b       	or	r24, r25
    20e2:	59 f0       	breq	.+22     	; 0x20fa <WaitZLP_FromHost+0x50>
    20e4:	88 ee       	ldi	r24, 0xE8	; 232
    20e6:	90 e0       	ldi	r25, 0x00	; 0
    20e8:	fc 01       	movw	r30, r24
    20ea:	20 81       	ld	r18, Z
    20ec:	88 ee       	ldi	r24, 0xE8	; 232
    20ee:	90 e0       	ldi	r25, 0x00	; 0
    20f0:	2b 7f       	andi	r18, 0xFB	; 251
    20f2:	fc 01       	movw	r30, r24
    20f4:	20 83       	st	Z, r18
    20f6:	81 e0       	ldi	r24, 0x01	; 1
    20f8:	89 83       	std	Y+1, r24	; 0x01
    20fa:	99 81       	ldd	r25, Y+1	; 0x01
    20fc:	81 e0       	ldi	r24, 0x01	; 1
    20fe:	89 27       	eor	r24, r25
    2100:	88 23       	and	r24, r24
    2102:	d1 f6       	brne	.-76     	; 0x20b8 <WaitZLP_FromHost+0xe>
    2104:	00 00       	nop
    2106:	0f 90       	pop	r0
    2108:	df 91       	pop	r29
    210a:	cf 91       	pop	r28
    210c:	08 95       	ret

0000210e <UsbSendDescriptors>:
UsbSendDescriptors():
    210e:	0f 93       	push	r16
    2110:	cf 93       	push	r28
    2112:	df 93       	push	r29
    2114:	cd b7       	in	r28, 0x3d	; 61
    2116:	de b7       	in	r29, 0x3e	; 62
    2118:	a1 97       	sbiw	r28, 0x21	; 33
    211a:	0f b6       	in	r0, 0x3f	; 63
    211c:	f8 94       	cli
    211e:	de bf       	out	0x3e, r29	; 62
    2120:	0f be       	out	0x3f, r0	; 63
    2122:	cd bf       	out	0x3d, r28	; 61
    2124:	88 a3       	std	Y+32, r24	; 0x20
    2126:	69 a3       	std	Y+33, r22	; 0x21
    2128:	40 e0       	ldi	r20, 0x00	; 0
    212a:	51 e0       	ldi	r21, 0x01	; 1
    212c:	60 e0       	ldi	r22, 0x00	; 0
    212e:	70 e0       	ldi	r23, 0x00	; 0
    2130:	87 e4       	ldi	r24, 0x47	; 71
    2132:	9d e1       	ldi	r25, 0x1D	; 29
    2134:	0e 94 6e 16 	call	0x2cdc	; 0x2cdc <memset>
    2138:	1c 86       	std	Y+12, r1	; 0x0c
    213a:	1d 86       	std	Y+13, r1	; 0x0d
    213c:	87 e4       	ldi	r24, 0x47	; 71
    213e:	9d e1       	ldi	r25, 0x1D	; 29
    2140:	99 87       	std	Y+9, r25	; 0x09
    2142:	88 87       	std	Y+8, r24	; 0x08
    2144:	ce 01       	movw	r24, r28
    2146:	47 96       	adiw	r24, 0x17	; 23
    2148:	9b 87       	std	Y+11, r25	; 0x0b
    214a:	8a 87       	std	Y+10, r24	; 0x0a
    214c:	ce 01       	movw	r24, r28
    214e:	47 96       	adiw	r24, 0x17	; 23
    2150:	68 a1       	ldd	r22, Y+32	; 0x20
    2152:	0e 94 3f 07 	call	0xe7e	; 0xe7e <UsbGetConfigurationDescriptor>
    2156:	68 a1       	ldd	r22, Y+32	; 0x20
    2158:	87 e4       	ldi	r24, 0x47	; 71
    215a:	9d e1       	ldi	r25, 0x1D	; 29
    215c:	0e 94 3f 07 	call	0xe7e	; 0xe7e <UsbGetConfigurationDescriptor>
    2160:	88 23       	and	r24, r24
    2162:	09 f4       	brne	.+2      	; 0x2166 <UsbSendDescriptors+0x58>
    2164:	9e c0       	rjmp	.+316    	; 0x22a2 <UsbSendDescriptors+0x194>
    2166:	89 e0       	ldi	r24, 0x09	; 9
    2168:	e7 e4       	ldi	r30, 0x47	; 71
    216a:	fd e1       	ldi	r31, 0x1D	; 29
    216c:	de 01       	movw	r26, r28
    216e:	1e 96       	adiw	r26, 0x0e	; 14
    2170:	01 90       	ld	r0, Z+
    2172:	0d 92       	st	X+, r0
    2174:	8a 95       	dec	r24
    2176:	e1 f7       	brne	.-8      	; 0x2170 <UsbSendDescriptors+0x62>
    2178:	8a 85       	ldd	r24, Y+10	; 0x0a
    217a:	9b 85       	ldd	r25, Y+11	; 0x0b
    217c:	49 e0       	ldi	r20, 0x09	; 9
    217e:	50 e0       	ldi	r21, 0x00	; 0
    2180:	67 e4       	ldi	r22, 0x47	; 71
    2182:	7d e1       	ldi	r23, 0x1D	; 29
    2184:	0e 94 65 16 	call	0x2cca	; 0x2cca <memcpy>
    2188:	88 85       	ldd	r24, Y+8	; 0x08
    218a:	99 85       	ldd	r25, Y+9	; 0x09
    218c:	fc 01       	movw	r30, r24
    218e:	90 81       	ld	r25, Z
    2190:	8d 85       	ldd	r24, Y+13	; 0x0d
    2192:	89 0f       	add	r24, r25
    2194:	8d 87       	std	Y+13, r24	; 0x0d
    2196:	19 82       	std	Y+1, r1	; 0x01
    2198:	1a 82       	std	Y+2, r1	; 0x02
    219a:	88 85       	ldd	r24, Y+8	; 0x08
    219c:	99 85       	ldd	r25, Y+9	; 0x09
    219e:	fc 01       	movw	r30, r24
    21a0:	80 81       	ld	r24, Z
    21a2:	28 2f       	mov	r18, r24
    21a4:	30 e0       	ldi	r19, 0x00	; 0
    21a6:	c9 01       	movw	r24, r18
    21a8:	88 0f       	add	r24, r24
    21aa:	99 1f       	adc	r25, r25
    21ac:	88 0f       	add	r24, r24
    21ae:	99 1f       	adc	r25, r25
    21b0:	88 0f       	add	r24, r24
    21b2:	99 1f       	adc	r25, r25
    21b4:	82 0f       	add	r24, r18
    21b6:	93 1f       	adc	r25, r19
    21b8:	28 85       	ldd	r18, Y+8	; 0x08
    21ba:	39 85       	ldd	r19, Y+9	; 0x09
    21bc:	82 0f       	add	r24, r18
    21be:	93 1f       	adc	r25, r19
    21c0:	9d 83       	std	Y+5, r25	; 0x05
    21c2:	8c 83       	std	Y+4, r24	; 0x04
    21c4:	52 c0       	rjmp	.+164    	; 0x226a <UsbSendDescriptors+0x15c>
    21c6:	8c 81       	ldd	r24, Y+4	; 0x04
    21c8:	9d 81       	ldd	r25, Y+5	; 0x05
    21ca:	fc 01       	movw	r30, r24
    21cc:	90 81       	ld	r25, Z
    21ce:	8d 85       	ldd	r24, Y+13	; 0x0d
    21d0:	89 0f       	add	r24, r25
    21d2:	8d 87       	std	Y+13, r24	; 0x0d
    21d4:	8c 81       	ldd	r24, Y+4	; 0x04
    21d6:	9d 81       	ldd	r25, Y+5	; 0x05
    21d8:	fc 01       	movw	r30, r24
    21da:	80 81       	ld	r24, Z
    21dc:	28 2f       	mov	r18, r24
    21de:	30 e0       	ldi	r19, 0x00	; 0
    21e0:	c9 01       	movw	r24, r18
    21e2:	88 0f       	add	r24, r24
    21e4:	99 1f       	adc	r25, r25
    21e6:	88 0f       	add	r24, r24
    21e8:	99 1f       	adc	r25, r25
    21ea:	88 0f       	add	r24, r24
    21ec:	99 1f       	adc	r25, r25
    21ee:	82 0f       	add	r24, r18
    21f0:	93 1f       	adc	r25, r19
    21f2:	2c 81       	ldd	r18, Y+4	; 0x04
    21f4:	3d 81       	ldd	r19, Y+5	; 0x05
    21f6:	82 0f       	add	r24, r18
    21f8:	93 1f       	adc	r25, r19
    21fa:	9d 83       	std	Y+5, r25	; 0x05
    21fc:	8c 83       	std	Y+4, r24	; 0x04
    21fe:	8c 81       	ldd	r24, Y+4	; 0x04
    2200:	9d 81       	ldd	r25, Y+5	; 0x05
    2202:	9f 83       	std	Y+7, r25	; 0x07
    2204:	8e 83       	std	Y+6, r24	; 0x06
    2206:	81 e0       	ldi	r24, 0x01	; 1
    2208:	8b 83       	std	Y+3, r24	; 0x03
    220a:	29 c0       	rjmp	.+82     	; 0x225e <UsbSendDescriptors+0x150>
    220c:	8e 81       	ldd	r24, Y+6	; 0x06
    220e:	9f 81       	ldd	r25, Y+7	; 0x07
    2210:	0b 81       	ldd	r16, Y+3	; 0x03
    2212:	2a 81       	ldd	r18, Y+2	; 0x02
    2214:	49 81       	ldd	r20, Y+1	; 0x01
    2216:	68 a1       	ldd	r22, Y+32	; 0x20
    2218:	0e 94 4d 08 	call	0x109a	; 0x109a <UsbGetEndpointDescriptor>
    221c:	88 23       	and	r24, r24
    221e:	e1 f0       	breq	.+56     	; 0x2258 <UsbSendDescriptors+0x14a>
    2220:	8e 81       	ldd	r24, Y+6	; 0x06
    2222:	9f 81       	ldd	r25, Y+7	; 0x07
    2224:	fc 01       	movw	r30, r24
    2226:	90 81       	ld	r25, Z
    2228:	8d 85       	ldd	r24, Y+13	; 0x0d
    222a:	89 0f       	add	r24, r25
    222c:	8d 87       	std	Y+13, r24	; 0x0d
    222e:	8e 81       	ldd	r24, Y+6	; 0x06
    2230:	9f 81       	ldd	r25, Y+7	; 0x07
    2232:	fc 01       	movw	r30, r24
    2234:	80 81       	ld	r24, Z
    2236:	28 2f       	mov	r18, r24
    2238:	30 e0       	ldi	r19, 0x00	; 0
    223a:	c9 01       	movw	r24, r18
    223c:	88 0f       	add	r24, r24
    223e:	99 1f       	adc	r25, r25
    2240:	88 0f       	add	r24, r24
    2242:	99 1f       	adc	r25, r25
    2244:	88 0f       	add	r24, r24
    2246:	99 1f       	adc	r25, r25
    2248:	82 1b       	sub	r24, r18
    224a:	93 0b       	sbc	r25, r19
    224c:	2e 81       	ldd	r18, Y+6	; 0x06
    224e:	3f 81       	ldd	r19, Y+7	; 0x07
    2250:	82 0f       	add	r24, r18
    2252:	93 1f       	adc	r25, r19
    2254:	9f 83       	std	Y+7, r25	; 0x07
    2256:	8e 83       	std	Y+6, r24	; 0x06
    2258:	8b 81       	ldd	r24, Y+3	; 0x03
    225a:	8f 5f       	subi	r24, 0xFF	; 255
    225c:	8b 83       	std	Y+3, r24	; 0x03
    225e:	8b 81       	ldd	r24, Y+3	; 0x03
    2260:	87 30       	cpi	r24, 0x07	; 7
    2262:	a0 f2       	brcs	.-88     	; 0x220c <UsbSendDescriptors+0xfe>
    2264:	8a 81       	ldd	r24, Y+2	; 0x02
    2266:	8f 5f       	subi	r24, 0xFF	; 255
    2268:	8a 83       	std	Y+2, r24	; 0x02
    226a:	8c 81       	ldd	r24, Y+4	; 0x04
    226c:	9d 81       	ldd	r25, Y+5	; 0x05
    226e:	2a 81       	ldd	r18, Y+2	; 0x02
    2270:	49 81       	ldd	r20, Y+1	; 0x01
    2272:	68 a1       	ldd	r22, Y+32	; 0x20
    2274:	0e 94 db 07 	call	0xfb6	; 0xfb6 <UsbGetInterfaceDescriptor>
    2278:	88 23       	and	r24, r24
    227a:	09 f0       	breq	.+2      	; 0x227e <UsbSendDescriptors+0x170>
    227c:	a4 cf       	rjmp	.-184    	; 0x21c6 <UsbSendDescriptors+0xb8>
    227e:	89 81       	ldd	r24, Y+1	; 0x01
    2280:	8f 5f       	subi	r24, 0xFF	; 255
    2282:	89 83       	std	Y+1, r24	; 0x01
    2284:	8a 81       	ldd	r24, Y+2	; 0x02
    2286:	88 23       	and	r24, r24
    2288:	09 f0       	breq	.+2      	; 0x228c <UsbSendDescriptors+0x17e>
    228a:	86 cf       	rjmp	.-244    	; 0x2198 <UsbSendDescriptors+0x8a>
    228c:	3d 85       	ldd	r19, Y+13	; 0x0d
    228e:	ce 01       	movw	r24, r28
    2290:	0c 96       	adiw	r24, 0x0c	; 12
    2292:	29 a1       	ldd	r18, Y+33	; 0x21
    2294:	ac 01       	movw	r20, r24
    2296:	63 2f       	mov	r22, r19
    2298:	87 e4       	ldi	r24, 0x47	; 71
    229a:	9d e1       	ldi	r25, 0x1D	; 29
    229c:	0e 94 bc 0e 	call	0x1d78	; 0x1d78 <UsbDevWriteIntoFifoAndFlush>
    22a0:	01 c0       	rjmp	.+2      	; 0x22a4 <UsbSendDescriptors+0x196>
    22a2:	80 e0       	ldi	r24, 0x00	; 0
    22a4:	a1 96       	adiw	r28, 0x21	; 33
    22a6:	0f b6       	in	r0, 0x3f	; 63
    22a8:	f8 94       	cli
    22aa:	de bf       	out	0x3e, r29	; 62
    22ac:	0f be       	out	0x3f, r0	; 63
    22ae:	cd bf       	out	0x3d, r28	; 61
    22b0:	df 91       	pop	r29
    22b2:	cf 91       	pop	r28
    22b4:	0f 91       	pop	r16
    22b6:	08 95       	ret

000022b8 <UsbProcessSetupRequest>:
UsbProcessSetupRequest():
D:/ALAIN/AT90USB/Projects/AT90USB/At90UsbMPLAB.X/src/usb_requests.c:358

void UsbProcessSetupRequest(void)
{
    22b8:	cf 93       	push	r28
    22ba:	df 93       	push	r29
    22bc:	cd b7       	in	r28, 0x3d	; 61
    22be:	de b7       	in	r29, 0x3e	; 62
    22c0:	a1 97       	sbiw	r28, 0x21	; 33
    22c2:	0f b6       	in	r0, 0x3f	; 63
    22c4:	f8 94       	cli
    22c6:	de bf       	out	0x3e, r29	; 62
    22c8:	0f be       	out	0x3f, r0	; 63
    22ca:	cd bf       	out	0x3d, r28	; 61
D:/ALAIN/AT90USB/Projects/AT90USB/At90UsbMPLAB.X/src/usb_requests.c:367
    USB_DeviceDescriptor devDes;
    USB_ConfigurationDescriptor confDes;
    char strDes[USB_MaxStringDescriptorLength];
  } u;
  uint8_t b;
  UsbDevSelectEndpoint(0);
    22cc:	89 ee       	ldi	r24, 0xE9	; 233
    22ce:	90 e0       	ldi	r25, 0x00	; 0
    22d0:	fc 01       	movw	r30, r24
    22d2:	10 82       	st	Z, r1
D:/ALAIN/AT90USB/Projects/AT90USB/At90UsbMPLAB.X/src/usb_requests.c:368
  UsbDevReadBytesN(&req, 8);
    22d4:	ce 01       	movw	r24, r28
    22d6:	03 96       	adiw	r24, 0x03	; 3
    22d8:	68 e0       	ldi	r22, 0x08	; 8
    22da:	0e 94 dc 0f 	call	0x1fb8	; 0x1fb8 <UsbDevReadBytesN>
D:/ALAIN/AT90USB/Projects/AT90USB/At90UsbMPLAB.X/src/usb_requests.c:371
  // Caution: We have to delay the AcknowledgeSETUP() if request is a 3 stage-transfer with out data
  // because host may send out data immediately after our acknowledge and may not see our stall request!
  if (!(req.bRequest == USB_StdDevReqSET_DESCRIPTOR)) // ! 3 stage-transfer with out data
    22de:	8c 81       	ldd	r24, Y+4	; 0x04
    22e0:	87 30       	cpi	r24, 0x07	; 7
    22e2:	49 f0       	breq	.+18     	; 0x22f6 <UsbProcessSetupRequest+0x3e>
D:/ALAIN/AT90USB/Projects/AT90USB/At90UsbMPLAB.X/src/usb_requests.c:372
    UsbDevAcknowledgeSETUP();
    22e4:	88 ee       	ldi	r24, 0xE8	; 232
    22e6:	90 e0       	ldi	r25, 0x00	; 0
    22e8:	fc 01       	movw	r30, r24
    22ea:	20 81       	ld	r18, Z
    22ec:	88 ee       	ldi	r24, 0xE8	; 232
    22ee:	90 e0       	ldi	r25, 0x00	; 0
    22f0:	27 7f       	andi	r18, 0xF7	; 247
    22f2:	fc 01       	movw	r30, r24
    22f4:	20 83       	st	Z, r18
D:/ALAIN/AT90USB/Projects/AT90USB/At90UsbMPLAB.X/src/usb_requests.c:374
  
  UsbDumpSetupRequest(&req);
    22f6:	ce 01       	movw	r24, r28
    22f8:	03 96       	adiw	r24, 0x03	; 3
    22fa:	0e 94 da 05 	call	0xbb4	; 0xbb4 <UsbDumpSetupRequest>
D:/ALAIN/AT90USB/Projects/AT90USB/At90UsbMPLAB.X/src/usb_requests.c:375
  if (UsbIsVendorRequest(req.bmRequestType))
    22fe:	8b 81       	ldd	r24, Y+3	; 0x03
    2300:	88 2f       	mov	r24, r24
    2302:	90 e0       	ldi	r25, 0x00	; 0
    2304:	80 76       	andi	r24, 0x60	; 96
    2306:	99 27       	eor	r25, r25
    2308:	80 34       	cpi	r24, 0x40	; 64
    230a:	91 05       	cpc	r25, r1
    230c:	b1 f4       	brne	.+44     	; 0x233a <UsbProcessSetupRequest+0x82>
D:/ALAIN/AT90USB/Projects/AT90USB/At90UsbMPLAB.X/src/usb_requests.c:377
  {
    ReqDebug("Received UsbVendorRequest");
    230e:	88 e1       	ldi	r24, 0x18	; 24
    2310:	99 e0       	ldi	r25, 0x09	; 9
    2312:	0e 94 9d 06 	call	0xd3a	; 0xd3a <USART_WriteString>
D:/ALAIN/AT90USB/Projects/AT90USB/At90UsbMPLAB.X/src/usb_requests.c:378
    UsbDevProcessVendorRequest(&req);
    2316:	ce 01       	movw	r24, r28
    2318:	03 96       	adiw	r24, 0x03	; 3
    231a:	0e 94 68 0b 	call	0x16d0	; 0x16d0 <UsbDevProcessVendorRequest>
D:/ALAIN/AT90USB/Projects/AT90USB/At90UsbMPLAB.X/src/usb_requests.c:379
    UsbDevSelectEndpoint(0);
    231e:	89 ee       	ldi	r24, 0xE9	; 233
    2320:	90 e0       	ldi	r25, 0x00	; 0
    2322:	fc 01       	movw	r30, r24
    2324:	10 82       	st	Z, r1
D:/ALAIN/AT90USB/Projects/AT90USB/At90UsbMPLAB.X/src/usb_requests.c:381
    // should call SendZLP
    UsbDevSendControlIn(); // send ZLP
    2326:	88 ee       	ldi	r24, 0xE8	; 232
    2328:	90 e0       	ldi	r25, 0x00	; 0
    232a:	fc 01       	movw	r30, r24
    232c:	20 81       	ld	r18, Z
    232e:	88 ee       	ldi	r24, 0xE8	; 232
    2330:	90 e0       	ldi	r25, 0x00	; 0
    2332:	2e 7f       	andi	r18, 0xFE	; 254
    2334:	fc 01       	movw	r30, r24
    2336:	20 83       	st	Z, r18
    2338:	94 c4       	rjmp	.+2344   	; 0x2c62 <UsbProcessSetupRequest+0x9aa>
D:/ALAIN/AT90USB/Projects/AT90USB/At90UsbMPLAB.X/src/usb_requests.c:383
  }
  else if (UsbIsStandardRequest(req.bmRequestType))
    233a:	8b 81       	ldd	r24, Y+3	; 0x03
    233c:	88 2f       	mov	r24, r24
    233e:	90 e0       	ldi	r25, 0x00	; 0
    2340:	80 76       	andi	r24, 0x60	; 96
    2342:	99 27       	eor	r25, r25
    2344:	89 2b       	or	r24, r25
    2346:	09 f0       	breq	.+2      	; 0x234a <UsbProcessSetupRequest+0x92>
    2348:	7f c4       	rjmp	.+2302   	; 0x2c48 <UsbProcessSetupRequest+0x990>
D:/ALAIN/AT90USB/Projects/AT90USB/At90UsbMPLAB.X/src/usb_requests.c:385
  {
    switch (req.bRequest)
    234a:	8c 81       	ldd	r24, Y+4	; 0x04
    234c:	88 2f       	mov	r24, r24
    234e:	90 e0       	ldi	r25, 0x00	; 0
    2350:	09 2e       	mov	r0, r25
    2352:	00 0c       	add	r0, r0
    2354:	aa 0b       	sbc	r26, r26
    2356:	bb 0b       	sbc	r27, r27
    2358:	8d 30       	cpi	r24, 0x0D	; 13
    235a:	91 05       	cpc	r25, r1
    235c:	a1 05       	cpc	r26, r1
    235e:	b1 05       	cpc	r27, r1
    2360:	08 f0       	brcs	.+2      	; 0x2364 <UsbProcessSetupRequest+0xac>
    2362:	64 c4       	rjmp	.+2248   	; 0x2c2c <UsbProcessSetupRequest+0x974>
    2364:	89 54       	subi	r24, 0x49	; 73
    2366:	9e 4e       	sbci	r25, 0xEE	; 238
    2368:	fc 01       	movw	r30, r24
    236a:	0c 94 5c 16 	jmp	0x2cb8	; 0x2cb8 <__tablejump2__>
    236e:	c4 11       	cpse	r28, r4
    2370:	b4 12       	cpse	r11, r20
    2372:	16 16       	cp	r1, r22
    2374:	b4 12       	cpse	r11, r20
    2376:	16 16       	cp	r1, r22
    2378:	c5 13       	cpse	r28, r21
    237a:	86 15       	cp	r24, r6
    237c:	1c 14       	cp	r1, r12
    237e:	33 14       	cp	r3, r3
    2380:	68 14       	cp	r6, r8
    2382:	bb 14       	cp	r11, r11
    2384:	0f 15       	cp	r16, r15
    2386:	78 15       	cp	r23, r8
D:/ALAIN/AT90USB/Projects/AT90USB/At90UsbMPLAB.X/src/usb_requests.c:388
    {
      case USB_StdDevReqGET_STATUS: // 3 stages with 2 byte IN-data -- not tested yet
        ReqDebug("USB_StdDevReqGET_STATUS");
    2388:	85 e3       	ldi	r24, 0x35	; 53
    238a:	99 e0       	ldi	r25, 0x09	; 9
    238c:	0e 94 9d 06 	call	0xd3a	; 0xd3a <USART_WriteString>
D:/ALAIN/AT90USB/Projects/AT90USB/At90UsbMPLAB.X/src/usb_requests.c:389
        Assert(req.wValue == 0);
    2390:	8d 81       	ldd	r24, Y+5	; 0x05
    2392:	9e 81       	ldd	r25, Y+6	; 0x06
    2394:	89 2b       	or	r24, r25
    2396:	21 f0       	breq	.+8      	; 0x23a0 <UsbProcessSetupRequest+0xe8>
D:/ALAIN/AT90USB/Projects/AT90USB/At90UsbMPLAB.X/src/usb_requests.c:389 (discriminator 1)
    2398:	80 e5       	ldi	r24, 0x50	; 80
    239a:	99 e0       	ldi	r25, 0x09	; 9
    239c:	0e 94 9d 06 	call	0xd3a	; 0xd3a <USART_WriteString>
D:/ALAIN/AT90USB/Projects/AT90USB/At90UsbMPLAB.X/src/usb_requests.c:390
        Assert(req.wLength == 2);
    23a0:	89 85       	ldd	r24, Y+9	; 0x09
    23a2:	9a 85       	ldd	r25, Y+10	; 0x0a
    23a4:	02 97       	sbiw	r24, 0x02	; 2
    23a6:	21 f0       	breq	.+8      	; 0x23b0 <UsbProcessSetupRequest+0xf8>
D:/ALAIN/AT90USB/Projects/AT90USB/At90UsbMPLAB.X/src/usb_requests.c:390 (discriminator 1)
    23a8:	86 eb       	ldi	r24, 0xB6	; 182
    23aa:	99 e0       	ldi	r25, 0x09	; 9
    23ac:	0e 94 9d 06 	call	0xd3a	; 0xd3a <USART_WriteString>
D:/ALAIN/AT90USB/Projects/AT90USB/At90UsbMPLAB.X/src/usb_requests.c:391
        switch (req.bmRequestType)
    23b0:	8b 81       	ldd	r24, Y+3	; 0x03
    23b2:	88 2f       	mov	r24, r24
    23b4:	90 e0       	ldi	r25, 0x00	; 0
    23b6:	81 38       	cpi	r24, 0x81	; 129
    23b8:	91 05       	cpc	r25, r1
    23ba:	09 f4       	brne	.+2      	; 0x23be <UsbProcessSetupRequest+0x106>
    23bc:	48 c0       	rjmp	.+144    	; 0x244e <UsbProcessSetupRequest+0x196>
    23be:	82 38       	cpi	r24, 0x82	; 130
    23c0:	91 05       	cpc	r25, r1
    23c2:	09 f4       	brne	.+2      	; 0x23c6 <UsbProcessSetupRequest+0x10e>
    23c4:	5b c0       	rjmp	.+182    	; 0x247c <UsbProcessSetupRequest+0x1c4>
    23c6:	80 38       	cpi	r24, 0x80	; 128
    23c8:	91 05       	cpc	r25, r1
    23ca:	09 f0       	breq	.+2      	; 0x23ce <UsbProcessSetupRequest+0x116>
    23cc:	af c0       	rjmp	.+350    	; 0x252c <UsbProcessSetupRequest+0x274>
D:/ALAIN/AT90USB/Projects/AT90USB/At90UsbMPLAB.X/src/usb_requests.c:394
        {
          case 128: // device: Self-Power-Bit, Remote-Wakeup-Bit set?
            Assert(req.wIndex == 0);
    23ce:	8f 81       	ldd	r24, Y+7	; 0x07
    23d0:	98 85       	ldd	r25, Y+8	; 0x08
    23d2:	89 2b       	or	r24, r25
    23d4:	21 f0       	breq	.+8      	; 0x23de <UsbProcessSetupRequest+0x126>
D:/ALAIN/AT90USB/Projects/AT90USB/At90UsbMPLAB.X/src/usb_requests.c:394 (discriminator 1)
    23d6:	8d e1       	ldi	r24, 0x1D	; 29
    23d8:	9a e0       	ldi	r25, 0x0A	; 10
    23da:	0e 94 9d 06 	call	0xd3a	; 0xd3a <USART_WriteString>
D:/ALAIN/AT90USB/Projects/AT90USB/At90UsbMPLAB.X/src/usb_requests.c:395
            if (UsbDevConfValue == UsbUnconfiguredState)
    23de:	80 91 2f 1d 	lds	r24, 0x1D2F	; 0x801d2f <UsbDevConfValue>
    23e2:	88 23       	and	r24, r24
    23e4:	71 f4       	brne	.+28     	; 0x2402 <UsbProcessSetupRequest+0x14a>
D:/ALAIN/AT90USB/Projects/AT90USB/At90UsbMPLAB.X/src/usb_requests.c:397
            {
              ReqDebug("Error: USB_StdDevReqGET_STATUS device in unconfigured state!");
    23e6:	83 e8       	ldi	r24, 0x83	; 131
    23e8:	9a e0       	ldi	r25, 0x0A	; 10
    23ea:	0e 94 9d 06 	call	0xd3a	; 0xd3a <USART_WriteString>
D:/ALAIN/AT90USB/Projects/AT90USB/At90UsbMPLAB.X/src/usb_requests.c:398
              UsbDevRequestStallHandshake();
    23ee:	8b ee       	ldi	r24, 0xEB	; 235
    23f0:	90 e0       	ldi	r25, 0x00	; 0
    23f2:	fc 01       	movw	r30, r24
    23f4:	20 81       	ld	r18, Z
    23f6:	8b ee       	ldi	r24, 0xEB	; 235
    23f8:	90 e0       	ldi	r25, 0x00	; 0
    23fa:	20 62       	ori	r18, 0x20	; 32
    23fc:	fc 01       	movw	r30, r24
    23fe:	20 83       	st	Z, r18
D:/ALAIN/AT90USB/Projects/AT90USB/At90UsbMPLAB.X/src/usb_requests.c:399
              return;
    2400:	30 c4       	rjmp	.+2144   	; 0x2c62 <UsbProcessSetupRequest+0x9aa>
D:/ALAIN/AT90USB/Projects/AT90USB/At90UsbMPLAB.X/src/usb_requests.c:401
            }
            UsbGetConfigurationDescriptor(&u.confDes, UsbDevConfValue);
    2402:	20 91 2f 1d 	lds	r18, 0x1D2F	; 0x801d2f <UsbDevConfValue>
    2406:	ce 01       	movw	r24, r28
    2408:	0b 96       	adiw	r24, 0x0b	; 11
    240a:	62 2f       	mov	r22, r18
    240c:	0e 94 3f 07 	call	0xe7e	; 0xe7e <UsbGetConfigurationDescriptor>
D:/ALAIN/AT90USB/Projects/AT90USB/At90UsbMPLAB.X/src/usb_requests.c:402
            if (u.confDes.bmAttributes & (1<<6)) b = 1; else b = 0; // self powered?
    2410:	8a 89       	ldd	r24, Y+18	; 0x12
    2412:	88 2f       	mov	r24, r24
    2414:	90 e0       	ldi	r25, 0x00	; 0
    2416:	80 74       	andi	r24, 0x40	; 64
    2418:	99 27       	eor	r25, r25
    241a:	89 2b       	or	r24, r25
    241c:	19 f0       	breq	.+6      	; 0x2424 <UsbProcessSetupRequest+0x16c>
D:/ALAIN/AT90USB/Projects/AT90USB/At90UsbMPLAB.X/src/usb_requests.c:402 (discriminator 1)
    241e:	81 e0       	ldi	r24, 0x01	; 1
    2420:	89 83       	std	Y+1, r24	; 0x01
    2422:	01 c0       	rjmp	.+2      	; 0x2426 <UsbProcessSetupRequest+0x16e>
D:/ALAIN/AT90USB/Projects/AT90USB/At90UsbMPLAB.X/src/usb_requests.c:402 (discriminator 2)
    2424:	19 82       	std	Y+1, r1	; 0x01
D:/ALAIN/AT90USB/Projects/AT90USB/At90UsbMPLAB.X/src/usb_requests.c:403
            if ((u.confDes.bmAttributes & (1<<5)) && (RemoteWakeupActive)) b |= (1<<1); 
    2426:	8a 89       	ldd	r24, Y+18	; 0x12
    2428:	88 2f       	mov	r24, r24
    242a:	90 e0       	ldi	r25, 0x00	; 0
    242c:	80 72       	andi	r24, 0x20	; 32
    242e:	99 27       	eor	r25, r25
    2430:	89 2b       	or	r24, r25
    2432:	39 f0       	breq	.+14     	; 0x2442 <UsbProcessSetupRequest+0x18a>
D:/ALAIN/AT90USB/Projects/AT90USB/At90UsbMPLAB.X/src/usb_requests.c:403 (discriminator 1)
    2434:	80 91 30 1d 	lds	r24, 0x1D30	; 0x801d30 <RemoteWakeupActive>
    2438:	88 23       	and	r24, r24
    243a:	19 f0       	breq	.+6      	; 0x2442 <UsbProcessSetupRequest+0x18a>
D:/ALAIN/AT90USB/Projects/AT90USB/At90UsbMPLAB.X/src/usb_requests.c:403 (discriminator 2)
    243c:	89 81       	ldd	r24, Y+1	; 0x01
    243e:	82 60       	ori	r24, 0x02	; 2
    2440:	89 83       	std	Y+1, r24	; 0x01
D:/ALAIN/AT90USB/Projects/AT90USB/At90UsbMPLAB.X/src/usb_requests.c:404
            UsbDevWriteByte(b);
    2442:	81 ef       	ldi	r24, 0xF1	; 241
    2444:	90 e0       	ldi	r25, 0x00	; 0
    2446:	29 81       	ldd	r18, Y+1	; 0x01
    2448:	fc 01       	movw	r30, r24
    244a:	20 83       	st	Z, r18
D:/ALAIN/AT90USB/Projects/AT90USB/At90UsbMPLAB.X/src/usb_requests.c:405
            break;
    244c:	7d c0       	rjmp	.+250    	; 0x2548 <UsbProcessSetupRequest+0x290>
D:/ALAIN/AT90USB/Projects/AT90USB/At90UsbMPLAB.X/src/usb_requests.c:407
          case 129: // interface: Always return 0
            if (UsbDevConfValue == UsbUnconfiguredState)
    244e:	80 91 2f 1d 	lds	r24, 0x1D2F	; 0x801d2f <UsbDevConfValue>
    2452:	88 23       	and	r24, r24
    2454:	71 f4       	brne	.+28     	; 0x2472 <UsbProcessSetupRequest+0x1ba>
D:/ALAIN/AT90USB/Projects/AT90USB/At90UsbMPLAB.X/src/usb_requests.c:409
            {
              ReqDebug("Error: USB_StdDevReqGET_STATUS interface in unconfigured state!");
    2456:	83 ec       	ldi	r24, 0xC3	; 195
    2458:	9a e0       	ldi	r25, 0x0A	; 10
    245a:	0e 94 9d 06 	call	0xd3a	; 0xd3a <USART_WriteString>
D:/ALAIN/AT90USB/Projects/AT90USB/At90UsbMPLAB.X/src/usb_requests.c:410
              UsbDevRequestStallHandshake();
    245e:	8b ee       	ldi	r24, 0xEB	; 235
    2460:	90 e0       	ldi	r25, 0x00	; 0
    2462:	fc 01       	movw	r30, r24
    2464:	20 81       	ld	r18, Z
    2466:	8b ee       	ldi	r24, 0xEB	; 235
    2468:	90 e0       	ldi	r25, 0x00	; 0
    246a:	20 62       	ori	r18, 0x20	; 32
    246c:	fc 01       	movw	r30, r24
    246e:	20 83       	st	Z, r18
D:/ALAIN/AT90USB/Projects/AT90USB/At90UsbMPLAB.X/src/usb_requests.c:411
              return;
    2470:	f8 c3       	rjmp	.+2032   	; 0x2c62 <UsbProcessSetupRequest+0x9aa>
D:/ALAIN/AT90USB/Projects/AT90USB/At90UsbMPLAB.X/src/usb_requests.c:414
            }
            //Assert(req.wIndex < USB_Interfaces[UsbDevConfValue]);
            UsbDevWriteByte(0);
    2472:	81 ef       	ldi	r24, 0xF1	; 241
    2474:	90 e0       	ldi	r25, 0x00	; 0
    2476:	fc 01       	movw	r30, r24
    2478:	10 82       	st	Z, r1
D:/ALAIN/AT90USB/Projects/AT90USB/At90UsbMPLAB.X/src/usb_requests.c:415
            break;
    247a:	66 c0       	rjmp	.+204    	; 0x2548 <UsbProcessSetupRequest+0x290>
D:/ALAIN/AT90USB/Projects/AT90USB/At90UsbMPLAB.X/src/usb_requests.c:417
          case 130: // endpoint: is this endpoint stalled?
            Assert((MSB(req.wIndex) == 0));
    247c:	ce 01       	movw	r24, r28
    247e:	03 96       	adiw	r24, 0x03	; 3
    2480:	04 96       	adiw	r24, 0x04	; 4
    2482:	01 96       	adiw	r24, 0x01	; 1
    2484:	fc 01       	movw	r30, r24
    2486:	80 81       	ld	r24, Z
    2488:	88 23       	and	r24, r24
    248a:	21 f0       	breq	.+8      	; 0x2494 <UsbProcessSetupRequest+0x1dc>
D:/ALAIN/AT90USB/Projects/AT90USB/At90UsbMPLAB.X/src/usb_requests.c:417 (discriminator 1)
    248c:	86 e0       	ldi	r24, 0x06	; 6
    248e:	9b e0       	ldi	r25, 0x0B	; 11
    2490:	0e 94 9d 06 	call	0xd3a	; 0xd3a <USART_WriteString>
D:/ALAIN/AT90USB/Projects/AT90USB/At90UsbMPLAB.X/src/usb_requests.c:418
            b = LSB(req.wIndex) & 127; // endpoint number
    2494:	ce 01       	movw	r24, r28
    2496:	03 96       	adiw	r24, 0x03	; 3
    2498:	04 96       	adiw	r24, 0x04	; 4
    249a:	fc 01       	movw	r30, r24
    249c:	80 81       	ld	r24, Z
    249e:	8f 77       	andi	r24, 0x7F	; 127
    24a0:	89 83       	std	Y+1, r24	; 0x01
D:/ALAIN/AT90USB/Projects/AT90USB/At90UsbMPLAB.X/src/usb_requests.c:419
            if (b >= UsbNumEndpointsAT90USB)
    24a2:	89 81       	ldd	r24, Y+1	; 0x01
    24a4:	87 30       	cpi	r24, 0x07	; 7
    24a6:	70 f0       	brcs	.+28     	; 0x24c4 <UsbProcessSetupRequest+0x20c>
D:/ALAIN/AT90USB/Projects/AT90USB/At90UsbMPLAB.X/src/usb_requests.c:421
            {
              ReqDebug("Error: USB_StdDevReqGET_STATUS endpoint does not exist!");
    24a8:	83 e7       	ldi	r24, 0x73	; 115
    24aa:	9b e0       	ldi	r25, 0x0B	; 11
    24ac:	0e 94 9d 06 	call	0xd3a	; 0xd3a <USART_WriteString>
D:/ALAIN/AT90USB/Projects/AT90USB/At90UsbMPLAB.X/src/usb_requests.c:422
              UsbDevRequestStallHandshake();
    24b0:	8b ee       	ldi	r24, 0xEB	; 235
    24b2:	90 e0       	ldi	r25, 0x00	; 0
    24b4:	fc 01       	movw	r30, r24
    24b6:	20 81       	ld	r18, Z
    24b8:	8b ee       	ldi	r24, 0xEB	; 235
    24ba:	90 e0       	ldi	r25, 0x00	; 0
    24bc:	20 62       	ori	r18, 0x20	; 32
    24be:	fc 01       	movw	r30, r24
    24c0:	20 83       	st	Z, r18
D:/ALAIN/AT90USB/Projects/AT90USB/At90UsbMPLAB.X/src/usb_requests.c:423
              return;
    24c2:	cf c3       	rjmp	.+1950   	; 0x2c62 <UsbProcessSetupRequest+0x9aa>
D:/ALAIN/AT90USB/Projects/AT90USB/At90UsbMPLAB.X/src/usb_requests.c:425
            }
            if ((UsbDevConfValue == UsbUnconfiguredState) && (b > 0))
    24c4:	80 91 2f 1d 	lds	r24, 0x1D2F	; 0x801d2f <UsbDevConfValue>
    24c8:	88 23       	and	r24, r24
    24ca:	89 f4       	brne	.+34     	; 0x24ee <UsbProcessSetupRequest+0x236>
D:/ALAIN/AT90USB/Projects/AT90USB/At90UsbMPLAB.X/src/usb_requests.c:425 (discriminator 1)
    24cc:	89 81       	ldd	r24, Y+1	; 0x01
    24ce:	88 23       	and	r24, r24
    24d0:	71 f0       	breq	.+28     	; 0x24ee <UsbProcessSetupRequest+0x236>
D:/ALAIN/AT90USB/Projects/AT90USB/At90UsbMPLAB.X/src/usb_requests.c:427
            {
              ReqDebug("Error: USB_StdDevReqGET_STATUS for ep > 0 in unconfigured state!");
    24d2:	8e ea       	ldi	r24, 0xAE	; 174
    24d4:	9b e0       	ldi	r25, 0x0B	; 11
    24d6:	0e 94 9d 06 	call	0xd3a	; 0xd3a <USART_WriteString>
D:/ALAIN/AT90USB/Projects/AT90USB/At90UsbMPLAB.X/src/usb_requests.c:428
              UsbDevRequestStallHandshake();
    24da:	8b ee       	ldi	r24, 0xEB	; 235
    24dc:	90 e0       	ldi	r25, 0x00	; 0
    24de:	fc 01       	movw	r30, r24
    24e0:	20 81       	ld	r18, Z
    24e2:	8b ee       	ldi	r24, 0xEB	; 235
    24e4:	90 e0       	ldi	r25, 0x00	; 0
    24e6:	20 62       	ori	r18, 0x20	; 32
    24e8:	fc 01       	movw	r30, r24
    24ea:	20 83       	st	Z, r18
D:/ALAIN/AT90USB/Projects/AT90USB/At90UsbMPLAB.X/src/usb_requests.c:429
              return;
    24ec:	ba c3       	rjmp	.+1908   	; 0x2c62 <UsbProcessSetupRequest+0x9aa>
D:/ALAIN/AT90USB/Projects/AT90USB/At90UsbMPLAB.X/src/usb_requests.c:431
            }
            UsbDevSelectEndpoint(b);
    24ee:	89 ee       	ldi	r24, 0xE9	; 233
    24f0:	90 e0       	ldi	r25, 0x00	; 0
    24f2:	29 81       	ldd	r18, Y+1	; 0x01
    24f4:	27 70       	andi	r18, 0x07	; 7
    24f6:	fc 01       	movw	r30, r24
    24f8:	20 83       	st	Z, r18
D:/ALAIN/AT90USB/Projects/AT90USB/At90UsbMPLAB.X/src/usb_requests.c:432
            if (UsbDevIsEndpointStalled()) // stalled bit is marked write-only in datasheet -- do we need a separate state variable? 
    24fa:	8b ee       	ldi	r24, 0xEB	; 235
    24fc:	90 e0       	ldi	r25, 0x00	; 0
    24fe:	fc 01       	movw	r30, r24
    2500:	80 81       	ld	r24, Z
    2502:	88 2f       	mov	r24, r24
    2504:	90 e0       	ldi	r25, 0x00	; 0
    2506:	80 72       	andi	r24, 0x20	; 32
    2508:	99 27       	eor	r25, r25
    250a:	89 2b       	or	r24, r25
    250c:	31 f0       	breq	.+12     	; 0x251a <UsbProcessSetupRequest+0x262>
D:/ALAIN/AT90USB/Projects/AT90USB/At90UsbMPLAB.X/src/usb_requests.c:433
              UsbDevWriteByte(1);
    250e:	81 ef       	ldi	r24, 0xF1	; 241
    2510:	90 e0       	ldi	r25, 0x00	; 0
    2512:	21 e0       	ldi	r18, 0x01	; 1
    2514:	fc 01       	movw	r30, r24
    2516:	20 83       	st	Z, r18
    2518:	04 c0       	rjmp	.+8      	; 0x2522 <UsbProcessSetupRequest+0x26a>
D:/ALAIN/AT90USB/Projects/AT90USB/At90UsbMPLAB.X/src/usb_requests.c:435
            else
              UsbDevWriteByte(0);
    251a:	81 ef       	ldi	r24, 0xF1	; 241
    251c:	90 e0       	ldi	r25, 0x00	; 0
    251e:	fc 01       	movw	r30, r24
    2520:	10 82       	st	Z, r1
D:/ALAIN/AT90USB/Projects/AT90USB/At90UsbMPLAB.X/src/usb_requests.c:436
            UsbDevSelectEndpoint(0);
    2522:	89 ee       	ldi	r24, 0xE9	; 233
    2524:	90 e0       	ldi	r25, 0x00	; 0
    2526:	fc 01       	movw	r30, r24
    2528:	10 82       	st	Z, r1
D:/ALAIN/AT90USB/Projects/AT90USB/At90UsbMPLAB.X/src/usb_requests.c:437
            break;
    252a:	0e c0       	rjmp	.+28     	; 0x2548 <UsbProcessSetupRequest+0x290>
D:/ALAIN/AT90USB/Projects/AT90USB/At90UsbMPLAB.X/src/usb_requests.c:439
          default:
            ReqDebug("Error: USB_StdDevReqGET_STATUS!");
    252c:	82 ef       	ldi	r24, 0xF2	; 242
    252e:	9b e0       	ldi	r25, 0x0B	; 11
    2530:	0e 94 9d 06 	call	0xd3a	; 0xd3a <USART_WriteString>
D:/ALAIN/AT90USB/Projects/AT90USB/At90UsbMPLAB.X/src/usb_requests.c:440
            UsbDevRequestStallHandshake();
    2534:	8b ee       	ldi	r24, 0xEB	; 235
    2536:	90 e0       	ldi	r25, 0x00	; 0
    2538:	fc 01       	movw	r30, r24
    253a:	20 81       	ld	r18, Z
    253c:	8b ee       	ldi	r24, 0xEB	; 235
    253e:	90 e0       	ldi	r25, 0x00	; 0
    2540:	20 62       	ori	r18, 0x20	; 32
    2542:	fc 01       	movw	r30, r24
    2544:	20 83       	st	Z, r18
D:/ALAIN/AT90USB/Projects/AT90USB/At90UsbMPLAB.X/src/usb_requests.c:441
            return;
    2546:	8d c3       	rjmp	.+1818   	; 0x2c62 <UsbProcessSetupRequest+0x9aa>
D:/ALAIN/AT90USB/Projects/AT90USB/At90UsbMPLAB.X/src/usb_requests.c:443
        }
        UsbDevWriteByte(0);
    2548:	81 ef       	ldi	r24, 0xF1	; 241
    254a:	90 e0       	ldi	r25, 0x00	; 0
    254c:	fc 01       	movw	r30, r24
    254e:	10 82       	st	Z, r1
D:/ALAIN/AT90USB/Projects/AT90USB/At90UsbMPLAB.X/src/usb_requests.c:444
        UsbDevSendControlIn();
    2550:	88 ee       	ldi	r24, 0xE8	; 232
    2552:	90 e0       	ldi	r25, 0x00	; 0
    2554:	fc 01       	movw	r30, r24
    2556:	20 81       	ld	r18, Z
    2558:	88 ee       	ldi	r24, 0xE8	; 232
    255a:	90 e0       	ldi	r25, 0x00	; 0
    255c:	2e 7f       	andi	r18, 0xFE	; 254
    255e:	fc 01       	movw	r30, r24
    2560:	20 83       	st	Z, r18
D:/ALAIN/AT90USB/Projects/AT90USB/At90UsbMPLAB.X/src/usb_requests.c:445
        WaitZLP_FromHost();
    2562:	0e 94 55 10 	call	0x20aa	; 0x20aa <WaitZLP_FromHost>
D:/ALAIN/AT90USB/Projects/AT90USB/At90UsbMPLAB.X/src/usb_requests.c:446
        break;
    2566:	7d c3       	rjmp	.+1786   	; 0x2c62 <UsbProcessSetupRequest+0x9aa>
D:/ALAIN/AT90USB/Projects/AT90USB/At90UsbMPLAB.X/src/usb_requests.c:449
      case USB_StdDevReqCLEAR_FEATURE: // 2 stages (no data-stage) -- not tested yet
      case USB_StdDevReqSET_FEATURE:
        ReqDebug("USB_StdDevReqCLEAR/SET_FEATURE");
    2568:	85 e1       	ldi	r24, 0x15	; 21
    256a:	9c e0       	ldi	r25, 0x0C	; 12
    256c:	0e 94 9d 06 	call	0xd3a	; 0xd3a <USART_WriteString>
D:/ALAIN/AT90USB/Projects/AT90USB/At90UsbMPLAB.X/src/usb_requests.c:450
        Assert(req.wLength == 0);
    2570:	89 85       	ldd	r24, Y+9	; 0x09
    2572:	9a 85       	ldd	r25, Y+10	; 0x0a
    2574:	89 2b       	or	r24, r25
    2576:	21 f0       	breq	.+8      	; 0x2580 <UsbProcessSetupRequest+0x2c8>
D:/ALAIN/AT90USB/Projects/AT90USB/At90UsbMPLAB.X/src/usb_requests.c:450 (discriminator 1)
    2578:	87 e3       	ldi	r24, 0x37	; 55
    257a:	9c e0       	ldi	r25, 0x0C	; 12
    257c:	0e 94 9d 06 	call	0xd3a	; 0xd3a <USART_WriteString>
D:/ALAIN/AT90USB/Projects/AT90USB/At90UsbMPLAB.X/src/usb_requests.c:451
        switch  (req.bmRequestType)
    2580:	8b 81       	ldd	r24, Y+3	; 0x03
    2582:	88 2f       	mov	r24, r24
    2584:	90 e0       	ldi	r25, 0x00	; 0
    2586:	81 30       	cpi	r24, 0x01	; 1
    2588:	91 05       	cpc	r25, r1
    258a:	09 f4       	brne	.+2      	; 0x258e <UsbProcessSetupRequest+0x2d6>
    258c:	50 c0       	rjmp	.+160    	; 0x262e <UsbProcessSetupRequest+0x376>
    258e:	82 30       	cpi	r24, 0x02	; 2
    2590:	91 05       	cpc	r25, r1
    2592:	09 f4       	brne	.+2      	; 0x2596 <UsbProcessSetupRequest+0x2de>
    2594:	5a c0       	rjmp	.+180    	; 0x264a <UsbProcessSetupRequest+0x392>
    2596:	89 2b       	or	r24, r25
    2598:	09 f0       	breq	.+2      	; 0x259c <UsbProcessSetupRequest+0x2e4>
    259a:	e5 c0       	rjmp	.+458    	; 0x2766 <UsbProcessSetupRequest+0x4ae>
D:/ALAIN/AT90USB/Projects/AT90USB/At90UsbMPLAB.X/src/usb_requests.c:454
        {
          case 0: // device
            BoardPortD5RedOff();
    259c:	8b e2       	ldi	r24, 0x2B	; 43
    259e:	90 e0       	ldi	r25, 0x00	; 0
    25a0:	fc 01       	movw	r30, r24
    25a2:	20 81       	ld	r18, Z
    25a4:	8b e2       	ldi	r24, 0x2B	; 43
    25a6:	90 e0       	ldi	r25, 0x00	; 0
    25a8:	2f 77       	andi	r18, 0x7F	; 127
    25aa:	fc 01       	movw	r30, r24
    25ac:	20 83       	st	Z, r18
D:/ALAIN/AT90USB/Projects/AT90USB/At90UsbMPLAB.X/src/usb_requests.c:455
            Assert(req.wIndex == 0);
    25ae:	8f 81       	ldd	r24, Y+7	; 0x07
    25b0:	98 85       	ldd	r25, Y+8	; 0x08
    25b2:	89 2b       	or	r24, r25
    25b4:	21 f0       	breq	.+8      	; 0x25be <UsbProcessSetupRequest+0x306>
D:/ALAIN/AT90USB/Projects/AT90USB/At90UsbMPLAB.X/src/usb_requests.c:455 (discriminator 1)
    25b6:	8d e1       	ldi	r24, 0x1D	; 29
    25b8:	9a e0       	ldi	r25, 0x0A	; 10
    25ba:	0e 94 9d 06 	call	0xd3a	; 0xd3a <USART_WriteString>
D:/ALAIN/AT90USB/Projects/AT90USB/At90UsbMPLAB.X/src/usb_requests.c:456
            if (req.wValue != 1) // Feature selector != DEVICE_REMOTE_WAKEUP 
    25be:	8d 81       	ldd	r24, Y+5	; 0x05
    25c0:	9e 81       	ldd	r25, Y+6	; 0x06
    25c2:	01 97       	sbiw	r24, 0x01	; 1
    25c4:	71 f0       	breq	.+28     	; 0x25e2 <UsbProcessSetupRequest+0x32a>
D:/ALAIN/AT90USB/Projects/AT90USB/At90UsbMPLAB.X/src/usb_requests.c:458
            {
              ReqDebug("Error: USB_StdDevReqSET/CLEAR_FEATURE wrong feature selector for device!");
    25c6:	8e e9       	ldi	r24, 0x9E	; 158
    25c8:	9c e0       	ldi	r25, 0x0C	; 12
    25ca:	0e 94 9d 06 	call	0xd3a	; 0xd3a <USART_WriteString>
D:/ALAIN/AT90USB/Projects/AT90USB/At90UsbMPLAB.X/src/usb_requests.c:459
              UsbDevRequestStallHandshake();
    25ce:	8b ee       	ldi	r24, 0xEB	; 235
    25d0:	90 e0       	ldi	r25, 0x00	; 0
    25d2:	fc 01       	movw	r30, r24
    25d4:	20 81       	ld	r18, Z
    25d6:	8b ee       	ldi	r24, 0xEB	; 235
    25d8:	90 e0       	ldi	r25, 0x00	; 0
    25da:	20 62       	ori	r18, 0x20	; 32
    25dc:	fc 01       	movw	r30, r24
    25de:	20 83       	st	Z, r18
D:/ALAIN/AT90USB/Projects/AT90USB/At90UsbMPLAB.X/src/usb_requests.c:460
              return;
    25e0:	40 c3       	rjmp	.+1664   	; 0x2c62 <UsbProcessSetupRequest+0x9aa>
D:/ALAIN/AT90USB/Projects/AT90USB/At90UsbMPLAB.X/src/usb_requests.c:462
            }
            if (req.bRequest == USB_StdDevReqCLEAR_FEATURE)
    25e2:	8c 81       	ldd	r24, Y+4	; 0x04
    25e4:	81 30       	cpi	r24, 0x01	; 1
    25e6:	19 f4       	brne	.+6      	; 0x25ee <UsbProcessSetupRequest+0x336>
D:/ALAIN/AT90USB/Projects/AT90USB/At90UsbMPLAB.X/src/usb_requests.c:464
            {
              RemoteWakeupActive = 0;
    25e8:	10 92 30 1d 	sts	0x1D30, r1	; 0x801d30 <RemoteWakeupActive>
D:/ALAIN/AT90USB/Projects/AT90USB/At90UsbMPLAB.X/src/usb_requests.c:477
                UsbDevRequestStallHandshake();
                return;
              }
              RemoteWakeupActive = 1; // here we only set a flag -- of course this is not enough to reactivate the sleeping bus
            } 
            break;
    25ec:	ca c0       	rjmp	.+404    	; 0x2782 <UsbProcessSetupRequest+0x4ca>
D:/ALAIN/AT90USB/Projects/AT90USB/At90UsbMPLAB.X/src/usb_requests.c:468
            {
              RemoteWakeupActive = 0;
            }
            else
            {
              UsbGetConfigurationDescriptor(&u.confDes, UsbDevConfValue);
    25ee:	20 91 2f 1d 	lds	r18, 0x1D2F	; 0x801d2f <UsbDevConfValue>
    25f2:	ce 01       	movw	r24, r28
    25f4:	0b 96       	adiw	r24, 0x0b	; 11
    25f6:	62 2f       	mov	r22, r18
    25f8:	0e 94 3f 07 	call	0xe7e	; 0xe7e <UsbGetConfigurationDescriptor>
D:/ALAIN/AT90USB/Projects/AT90USB/At90UsbMPLAB.X/src/usb_requests.c:469
              if (!(u.confDes.bmAttributes & (1<<5))) // Remote-Wakeup support set in configuration descriptor?
    25fc:	8a 89       	ldd	r24, Y+18	; 0x12
    25fe:	88 2f       	mov	r24, r24
    2600:	90 e0       	ldi	r25, 0x00	; 0
    2602:	80 72       	andi	r24, 0x20	; 32
    2604:	99 27       	eor	r25, r25
    2606:	89 2b       	or	r24, r25
    2608:	71 f4       	brne	.+28     	; 0x2626 <UsbProcessSetupRequest+0x36e>
D:/ALAIN/AT90USB/Projects/AT90USB/At90UsbMPLAB.X/src/usb_requests.c:471
              {
                ReqDebug("Error: USB_StdDevReqSET_FEATURE, Remote-Wakeup not supported!");
    260a:	8a ee       	ldi	r24, 0xEA	; 234
    260c:	9c e0       	ldi	r25, 0x0C	; 12
    260e:	0e 94 9d 06 	call	0xd3a	; 0xd3a <USART_WriteString>
D:/ALAIN/AT90USB/Projects/AT90USB/At90UsbMPLAB.X/src/usb_requests.c:472
                UsbDevRequestStallHandshake();
    2612:	8b ee       	ldi	r24, 0xEB	; 235
    2614:	90 e0       	ldi	r25, 0x00	; 0
    2616:	fc 01       	movw	r30, r24
    2618:	20 81       	ld	r18, Z
    261a:	8b ee       	ldi	r24, 0xEB	; 235
    261c:	90 e0       	ldi	r25, 0x00	; 0
    261e:	20 62       	ori	r18, 0x20	; 32
    2620:	fc 01       	movw	r30, r24
    2622:	20 83       	st	Z, r18
D:/ALAIN/AT90USB/Projects/AT90USB/At90UsbMPLAB.X/src/usb_requests.c:473
                return;
    2624:	1e c3       	rjmp	.+1596   	; 0x2c62 <UsbProcessSetupRequest+0x9aa>
D:/ALAIN/AT90USB/Projects/AT90USB/At90UsbMPLAB.X/src/usb_requests.c:475
              }
              RemoteWakeupActive = 1; // here we only set a flag -- of course this is not enough to reactivate the sleeping bus
    2626:	81 e0       	ldi	r24, 0x01	; 1
    2628:	80 93 30 1d 	sts	0x1D30, r24	; 0x801d30 <RemoteWakeupActive>
D:/ALAIN/AT90USB/Projects/AT90USB/At90UsbMPLAB.X/src/usb_requests.c:477
            } 
            break;
    262c:	aa c0       	rjmp	.+340    	; 0x2782 <UsbProcessSetupRequest+0x4ca>
D:/ALAIN/AT90USB/Projects/AT90USB/At90UsbMPLAB.X/src/usb_requests.c:479
          case 1: // interface -- nothing to do. Should we request a stall handshake?
            ReqDebug("Error: USB_StdDevReqSET/CLEAR_FEATURE with receiver == interface!");
    262e:	8b e2       	ldi	r24, 0x2B	; 43
    2630:	9d e0       	ldi	r25, 0x0D	; 13
    2632:	0e 94 9d 06 	call	0xd3a	; 0xd3a <USART_WriteString>
D:/ALAIN/AT90USB/Projects/AT90USB/At90UsbMPLAB.X/src/usb_requests.c:480
            UsbDevRequestStallHandshake();
    2636:	8b ee       	ldi	r24, 0xEB	; 235
    2638:	90 e0       	ldi	r25, 0x00	; 0
    263a:	fc 01       	movw	r30, r24
    263c:	20 81       	ld	r18, Z
    263e:	8b ee       	ldi	r24, 0xEB	; 235
    2640:	90 e0       	ldi	r25, 0x00	; 0
    2642:	20 62       	ori	r18, 0x20	; 32
    2644:	fc 01       	movw	r30, r24
    2646:	20 83       	st	Z, r18
D:/ALAIN/AT90USB/Projects/AT90USB/At90UsbMPLAB.X/src/usb_requests.c:481
            return;
    2648:	0c c3       	rjmp	.+1560   	; 0x2c62 <UsbProcessSetupRequest+0x9aa>
D:/ALAIN/AT90USB/Projects/AT90USB/At90UsbMPLAB.X/src/usb_requests.c:484
            break;
          case 2: // endpoint
            Assert(MSB(req.wIndex) == 0);
    264a:	ce 01       	movw	r24, r28
    264c:	03 96       	adiw	r24, 0x03	; 3
    264e:	04 96       	adiw	r24, 0x04	; 4
    2650:	01 96       	adiw	r24, 0x01	; 1
    2652:	fc 01       	movw	r30, r24
    2654:	80 81       	ld	r24, Z
    2656:	88 23       	and	r24, r24
    2658:	21 f0       	breq	.+8      	; 0x2662 <UsbProcessSetupRequest+0x3aa>
D:/ALAIN/AT90USB/Projects/AT90USB/At90UsbMPLAB.X/src/usb_requests.c:484 (discriminator 1)
    265a:	80 e7       	ldi	r24, 0x70	; 112
    265c:	9d e0       	ldi	r25, 0x0D	; 13
    265e:	0e 94 9d 06 	call	0xd3a	; 0xd3a <USART_WriteString>
D:/ALAIN/AT90USB/Projects/AT90USB/At90UsbMPLAB.X/src/usb_requests.c:485
            if (req.wValue != 0) // Feature selector != ENDPOINT_STALL
    2662:	8d 81       	ldd	r24, Y+5	; 0x05
    2664:	9e 81       	ldd	r25, Y+6	; 0x06
    2666:	89 2b       	or	r24, r25
    2668:	71 f0       	breq	.+28     	; 0x2686 <UsbProcessSetupRequest+0x3ce>
D:/ALAIN/AT90USB/Projects/AT90USB/At90UsbMPLAB.X/src/usb_requests.c:487
            {
              ReqDebug("Error: USB_StdDevReqSET/CLEAR_FEATURE wrong feature selector for endpoint!");
    266a:	8b ed       	ldi	r24, 0xDB	; 219
    266c:	9d e0       	ldi	r25, 0x0D	; 13
    266e:	0e 94 9d 06 	call	0xd3a	; 0xd3a <USART_WriteString>
D:/ALAIN/AT90USB/Projects/AT90USB/At90UsbMPLAB.X/src/usb_requests.c:488
              UsbDevRequestStallHandshake();
    2672:	8b ee       	ldi	r24, 0xEB	; 235
    2674:	90 e0       	ldi	r25, 0x00	; 0
    2676:	fc 01       	movw	r30, r24
    2678:	20 81       	ld	r18, Z
    267a:	8b ee       	ldi	r24, 0xEB	; 235
    267c:	90 e0       	ldi	r25, 0x00	; 0
    267e:	20 62       	ori	r18, 0x20	; 32
    2680:	fc 01       	movw	r30, r24
    2682:	20 83       	st	Z, r18
D:/ALAIN/AT90USB/Projects/AT90USB/At90UsbMPLAB.X/src/usb_requests.c:489
              return;
    2684:	ee c2       	rjmp	.+1500   	; 0x2c62 <UsbProcessSetupRequest+0x9aa>
D:/ALAIN/AT90USB/Projects/AT90USB/At90UsbMPLAB.X/src/usb_requests.c:491
            }
            b = LSB(req.wIndex) & 127; // endpoint address
    2686:	ce 01       	movw	r24, r28
    2688:	03 96       	adiw	r24, 0x03	; 3
    268a:	04 96       	adiw	r24, 0x04	; 4
    268c:	fc 01       	movw	r30, r24
    268e:	80 81       	ld	r24, Z
    2690:	8f 77       	andi	r24, 0x7F	; 127
    2692:	89 83       	std	Y+1, r24	; 0x01
D:/ALAIN/AT90USB/Projects/AT90USB/At90UsbMPLAB.X/src/usb_requests.c:492
            if (b >= UsbNumEndpointsAT90USB)
    2694:	89 81       	ldd	r24, Y+1	; 0x01
    2696:	87 30       	cpi	r24, 0x07	; 7
    2698:	70 f0       	brcs	.+28     	; 0x26b6 <UsbProcessSetupRequest+0x3fe>
D:/ALAIN/AT90USB/Projects/AT90USB/At90UsbMPLAB.X/src/usb_requests.c:494
            {
              ReqDebug("Error: USB_StdDevReqSET/CLEAR_FEATURE endpoint does not exist!");
    269a:	89 e2       	ldi	r24, 0x29	; 41
    269c:	9e e0       	ldi	r25, 0x0E	; 14
    269e:	0e 94 9d 06 	call	0xd3a	; 0xd3a <USART_WriteString>
D:/ALAIN/AT90USB/Projects/AT90USB/At90UsbMPLAB.X/src/usb_requests.c:495
              UsbDevRequestStallHandshake();
    26a2:	8b ee       	ldi	r24, 0xEB	; 235
    26a4:	90 e0       	ldi	r25, 0x00	; 0
    26a6:	fc 01       	movw	r30, r24
    26a8:	20 81       	ld	r18, Z
    26aa:	8b ee       	ldi	r24, 0xEB	; 235
    26ac:	90 e0       	ldi	r25, 0x00	; 0
    26ae:	20 62       	ori	r18, 0x20	; 32
    26b0:	fc 01       	movw	r30, r24
    26b2:	20 83       	st	Z, r18
D:/ALAIN/AT90USB/Projects/AT90USB/At90UsbMPLAB.X/src/usb_requests.c:496
              return;
    26b4:	d6 c2       	rjmp	.+1452   	; 0x2c62 <UsbProcessSetupRequest+0x9aa>
D:/ALAIN/AT90USB/Projects/AT90USB/At90UsbMPLAB.X/src/usb_requests.c:498
            }
            if ((UsbDevConfValue == UsbUnconfiguredState) && (b > 0))
    26b6:	80 91 2f 1d 	lds	r24, 0x1D2F	; 0x801d2f <UsbDevConfValue>
    26ba:	88 23       	and	r24, r24
    26bc:	89 f4       	brne	.+34     	; 0x26e0 <UsbProcessSetupRequest+0x428>
D:/ALAIN/AT90USB/Projects/AT90USB/At90UsbMPLAB.X/src/usb_requests.c:498 (discriminator 1)
    26be:	89 81       	ldd	r24, Y+1	; 0x01
    26c0:	88 23       	and	r24, r24
    26c2:	71 f0       	breq	.+28     	; 0x26e0 <UsbProcessSetupRequest+0x428>
D:/ALAIN/AT90USB/Projects/AT90USB/At90UsbMPLAB.X/src/usb_requests.c:500
            {
              ReqDebug("Error: USB_StdDevReqClearSetFeature for ep > 0 in unconfigured state!");
    26c4:	8b e6       	ldi	r24, 0x6B	; 107
    26c6:	9e e0       	ldi	r25, 0x0E	; 14
    26c8:	0e 94 9d 06 	call	0xd3a	; 0xd3a <USART_WriteString>
D:/ALAIN/AT90USB/Projects/AT90USB/At90UsbMPLAB.X/src/usb_requests.c:501
              UsbDevRequestStallHandshake();
    26cc:	8b ee       	ldi	r24, 0xEB	; 235
    26ce:	90 e0       	ldi	r25, 0x00	; 0
    26d0:	fc 01       	movw	r30, r24
    26d2:	20 81       	ld	r18, Z
    26d4:	8b ee       	ldi	r24, 0xEB	; 235
    26d6:	90 e0       	ldi	r25, 0x00	; 0
    26d8:	20 62       	ori	r18, 0x20	; 32
    26da:	fc 01       	movw	r30, r24
    26dc:	20 83       	st	Z, r18
D:/ALAIN/AT90USB/Projects/AT90USB/At90UsbMPLAB.X/src/usb_requests.c:502
              return;
    26de:	c1 c2       	rjmp	.+1410   	; 0x2c62 <UsbProcessSetupRequest+0x9aa>
D:/ALAIN/AT90USB/Projects/AT90USB/At90UsbMPLAB.X/src/usb_requests.c:505
            }
            // Caution: what shall we do if (b == 0)?  
            UsbDevSelectEndpoint(b);
    26e0:	89 ee       	ldi	r24, 0xE9	; 233
    26e2:	90 e0       	ldi	r25, 0x00	; 0
    26e4:	29 81       	ldd	r18, Y+1	; 0x01
    26e6:	27 70       	andi	r18, 0x07	; 7
    26e8:	fc 01       	movw	r30, r24
    26ea:	20 83       	st	Z, r18
D:/ALAIN/AT90USB/Projects/AT90USB/At90UsbMPLAB.X/src/usb_requests.c:506
            if (req.bRequest == USB_StdDevReqCLEAR_FEATURE)
    26ec:	8c 81       	ldd	r24, Y+4	; 0x04
    26ee:	81 30       	cpi	r24, 0x01	; 1
    26f0:	61 f5       	brne	.+88     	; 0x274a <UsbProcessSetupRequest+0x492>
D:/ALAIN/AT90USB/Projects/AT90USB/At90UsbMPLAB.X/src/usb_requests.c:508
            {
              UsbDevClearStallRequest();
    26f2:	8b ee       	ldi	r24, 0xEB	; 235
    26f4:	90 e0       	ldi	r25, 0x00	; 0
    26f6:	fc 01       	movw	r30, r24
    26f8:	20 81       	ld	r18, Z
    26fa:	8b ee       	ldi	r24, 0xEB	; 235
    26fc:	90 e0       	ldi	r25, 0x00	; 0
    26fe:	20 61       	ori	r18, 0x10	; 16
    2700:	fc 01       	movw	r30, r24
    2702:	20 83       	st	Z, r18
D:/ALAIN/AT90USB/Projects/AT90USB/At90UsbMPLAB.X/src/usb_requests.c:509
              UsbDevResetEndpoint(b); // should we do an endpoint reset?
    2704:	8a ee       	ldi	r24, 0xEA	; 234
    2706:	90 e0       	ldi	r25, 0x00	; 0
    2708:	fc 01       	movw	r30, r24
    270a:	80 81       	ld	r24, Z
    270c:	48 2f       	mov	r20, r24
    270e:	89 81       	ldd	r24, Y+1	; 0x01
    2710:	28 2f       	mov	r18, r24
    2712:	30 e0       	ldi	r19, 0x00	; 0
    2714:	81 e0       	ldi	r24, 0x01	; 1
    2716:	90 e0       	ldi	r25, 0x00	; 0
    2718:	02 c0       	rjmp	.+4      	; 0x271e <UsbProcessSetupRequest+0x466>
    271a:	88 0f       	add	r24, r24
    271c:	99 1f       	adc	r25, r25
    271e:	2a 95       	dec	r18
    2720:	e2 f7       	brpl	.-8      	; 0x271a <UsbProcessSetupRequest+0x462>
    2722:	24 2f       	mov	r18, r20
    2724:	28 2b       	or	r18, r24
    2726:	8a ee       	ldi	r24, 0xEA	; 234
    2728:	90 e0       	ldi	r25, 0x00	; 0
    272a:	fc 01       	movw	r30, r24
    272c:	20 83       	st	Z, r18
    272e:	8a ee       	ldi	r24, 0xEA	; 234
    2730:	90 e0       	ldi	r25, 0x00	; 0
    2732:	fc 01       	movw	r30, r24
    2734:	10 82       	st	Z, r1
D:/ALAIN/AT90USB/Projects/AT90USB/At90UsbMPLAB.X/src/usb_requests.c:510
              UsbDevResetDataToggleBit();
    2736:	8b ee       	ldi	r24, 0xEB	; 235
    2738:	90 e0       	ldi	r25, 0x00	; 0
    273a:	fc 01       	movw	r30, r24
    273c:	20 81       	ld	r18, Z
    273e:	8b ee       	ldi	r24, 0xEB	; 235
    2740:	90 e0       	ldi	r25, 0x00	; 0
    2742:	28 60       	ori	r18, 0x08	; 8
    2744:	fc 01       	movw	r30, r24
    2746:	20 83       	st	Z, r18
    2748:	09 c0       	rjmp	.+18     	; 0x275c <UsbProcessSetupRequest+0x4a4>
D:/ALAIN/AT90USB/Projects/AT90USB/At90UsbMPLAB.X/src/usb_requests.c:514
            }
            else
            {
              UsbDevRequestStallHandshake(); // for endpoint b
    274a:	8b ee       	ldi	r24, 0xEB	; 235
    274c:	90 e0       	ldi	r25, 0x00	; 0
    274e:	fc 01       	movw	r30, r24
    2750:	20 81       	ld	r18, Z
    2752:	8b ee       	ldi	r24, 0xEB	; 235
    2754:	90 e0       	ldi	r25, 0x00	; 0
    2756:	20 62       	ori	r18, 0x20	; 32
    2758:	fc 01       	movw	r30, r24
    275a:	20 83       	st	Z, r18
D:/ALAIN/AT90USB/Projects/AT90USB/At90UsbMPLAB.X/src/usb_requests.c:516
            }
            UsbDevSelectEndpoint(0);
    275c:	89 ee       	ldi	r24, 0xE9	; 233
    275e:	90 e0       	ldi	r25, 0x00	; 0
    2760:	fc 01       	movw	r30, r24
    2762:	10 82       	st	Z, r1
D:/ALAIN/AT90USB/Projects/AT90USB/At90UsbMPLAB.X/src/usb_requests.c:517
            break;
    2764:	0e c0       	rjmp	.+28     	; 0x2782 <UsbProcessSetupRequest+0x4ca>
D:/ALAIN/AT90USB/Projects/AT90USB/At90UsbMPLAB.X/src/usb_requests.c:519
          default:
            ReqDebug("Error: USB_StdDevReqClearSetFeature!");
    2766:	84 eb       	ldi	r24, 0xB4	; 180
    2768:	9e e0       	ldi	r25, 0x0E	; 14
    276a:	0e 94 9d 06 	call	0xd3a	; 0xd3a <USART_WriteString>
D:/ALAIN/AT90USB/Projects/AT90USB/At90UsbMPLAB.X/src/usb_requests.c:520
            UsbDevRequestStallHandshake();
    276e:	8b ee       	ldi	r24, 0xEB	; 235
    2770:	90 e0       	ldi	r25, 0x00	; 0
    2772:	fc 01       	movw	r30, r24
    2774:	20 81       	ld	r18, Z
    2776:	8b ee       	ldi	r24, 0xEB	; 235
    2778:	90 e0       	ldi	r25, 0x00	; 0
    277a:	20 62       	ori	r18, 0x20	; 32
    277c:	fc 01       	movw	r30, r24
    277e:	20 83       	st	Z, r18
D:/ALAIN/AT90USB/Projects/AT90USB/At90UsbMPLAB.X/src/usb_requests.c:521
            return;
    2780:	70 c2       	rjmp	.+1248   	; 0x2c62 <UsbProcessSetupRequest+0x9aa>
D:/ALAIN/AT90USB/Projects/AT90USB/At90UsbMPLAB.X/src/usb_requests.c:523
        }
        UsbSendZLP(false);
    2782:	80 e0       	ldi	r24, 0x00	; 0
    2784:	0e 94 0b 10 	call	0x2016	; 0x2016 <UsbSendZLP>
D:/ALAIN/AT90USB/Projects/AT90USB/At90UsbMPLAB.X/src/usb_requests.c:524
        break;
    2788:	6c c2       	rjmp	.+1240   	; 0x2c62 <UsbProcessSetupRequest+0x9aa>
D:/ALAIN/AT90USB/Projects/AT90USB/At90UsbMPLAB.X/src/usb_requests.c:526
      case USB_StdDevReqSET_ADDRESS: // 2 stages (no data-stage)
        ReqDebug("USB_StdDevReqSET_ADDRESS");
    278a:	8c ed       	ldi	r24, 0xDC	; 220
    278c:	9e e0       	ldi	r25, 0x0E	; 14
    278e:	0e 94 9d 06 	call	0xd3a	; 0xd3a <USART_WriteString>
D:/ALAIN/AT90USB/Projects/AT90USB/At90UsbMPLAB.X/src/usb_requests.c:527
        if ((LSB(req.wValue) == 0) && (UsbDevConfValue != UsbUnconfiguredState))
    2792:	ce 01       	movw	r24, r28
    2794:	03 96       	adiw	r24, 0x03	; 3
    2796:	02 96       	adiw	r24, 0x02	; 2
    2798:	fc 01       	movw	r30, r24
    279a:	80 81       	ld	r24, Z
    279c:	88 23       	and	r24, r24
    279e:	91 f4       	brne	.+36     	; 0x27c4 <UsbProcessSetupRequest+0x50c>
D:/ALAIN/AT90USB/Projects/AT90USB/At90UsbMPLAB.X/src/usb_requests.c:527 (discriminator 1)
    27a0:	80 91 2f 1d 	lds	r24, 0x1D2F	; 0x801d2f <UsbDevConfValue>
    27a4:	88 23       	and	r24, r24
    27a6:	71 f0       	breq	.+28     	; 0x27c4 <UsbProcessSetupRequest+0x50c>
D:/ALAIN/AT90USB/Projects/AT90USB/At90UsbMPLAB.X/src/usb_requests.c:529
        {
          ReqDebug("Error: USB_StdDevReqSET_ADDRESS address 0 in configured state!");
    27a8:	88 ef       	ldi	r24, 0xF8	; 248
    27aa:	9e e0       	ldi	r25, 0x0E	; 14
    27ac:	0e 94 9d 06 	call	0xd3a	; 0xd3a <USART_WriteString>
D:/ALAIN/AT90USB/Projects/AT90USB/At90UsbMPLAB.X/src/usb_requests.c:530
          UsbDevRequestStallHandshake();
    27b0:	8b ee       	ldi	r24, 0xEB	; 235
    27b2:	90 e0       	ldi	r25, 0x00	; 0
    27b4:	fc 01       	movw	r30, r24
    27b6:	20 81       	ld	r18, Z
    27b8:	8b ee       	ldi	r24, 0xEB	; 235
    27ba:	90 e0       	ldi	r25, 0x00	; 0
    27bc:	20 62       	ori	r18, 0x20	; 32
    27be:	fc 01       	movw	r30, r24
    27c0:	20 83       	st	Z, r18
D:/ALAIN/AT90USB/Projects/AT90USB/At90UsbMPLAB.X/src/usb_requests.c:531
          return;
    27c2:	4f c2       	rjmp	.+1182   	; 0x2c62 <UsbProcessSetupRequest+0x9aa>
D:/ALAIN/AT90USB/Projects/AT90USB/At90UsbMPLAB.X/src/usb_requests.c:533
        }
        Assert(req.bmRequestType == 0);
    27c4:	8b 81       	ldd	r24, Y+3	; 0x03
    27c6:	88 23       	and	r24, r24
    27c8:	21 f0       	breq	.+8      	; 0x27d2 <UsbProcessSetupRequest+0x51a>
D:/ALAIN/AT90USB/Projects/AT90USB/At90UsbMPLAB.X/src/usb_requests.c:533 (discriminator 1)
    27ca:	8a e3       	ldi	r24, 0x3A	; 58
    27cc:	9f e0       	ldi	r25, 0x0F	; 15
    27ce:	0e 94 9d 06 	call	0xd3a	; 0xd3a <USART_WriteString>
D:/ALAIN/AT90USB/Projects/AT90USB/At90UsbMPLAB.X/src/usb_requests.c:534
        Assert(MSB(req.wValue) == 0);
    27d2:	ce 01       	movw	r24, r28
    27d4:	03 96       	adiw	r24, 0x03	; 3
    27d6:	02 96       	adiw	r24, 0x02	; 2
    27d8:	01 96       	adiw	r24, 0x01	; 1
    27da:	fc 01       	movw	r30, r24
    27dc:	80 81       	ld	r24, Z
    27de:	88 23       	and	r24, r24
    27e0:	21 f0       	breq	.+8      	; 0x27ea <UsbProcessSetupRequest+0x532>
D:/ALAIN/AT90USB/Projects/AT90USB/At90UsbMPLAB.X/src/usb_requests.c:534 (discriminator 1)
    27e2:	87 ea       	ldi	r24, 0xA7	; 167
    27e4:	9f e0       	ldi	r25, 0x0F	; 15
    27e6:	0e 94 9d 06 	call	0xd3a	; 0xd3a <USART_WriteString>
D:/ALAIN/AT90USB/Projects/AT90USB/At90UsbMPLAB.X/src/usb_requests.c:535
        Assert(req.wIndex == 0);
    27ea:	8f 81       	ldd	r24, Y+7	; 0x07
    27ec:	98 85       	ldd	r25, Y+8	; 0x08
    27ee:	89 2b       	or	r24, r25
    27f0:	21 f0       	breq	.+8      	; 0x27fa <UsbProcessSetupRequest+0x542>
D:/ALAIN/AT90USB/Projects/AT90USB/At90UsbMPLAB.X/src/usb_requests.c:535 (discriminator 1)
    27f2:	8d e1       	ldi	r24, 0x1D	; 29
    27f4:	9a e0       	ldi	r25, 0x0A	; 10
    27f6:	0e 94 9d 06 	call	0xd3a	; 0xd3a <USART_WriteString>
D:/ALAIN/AT90USB/Projects/AT90USB/At90UsbMPLAB.X/src/usb_requests.c:536
        Assert(req.wLength == 0);
    27fa:	89 85       	ldd	r24, Y+9	; 0x09
    27fc:	9a 85       	ldd	r25, Y+10	; 0x0a
    27fe:	89 2b       	or	r24, r25
    2800:	21 f0       	breq	.+8      	; 0x280a <UsbProcessSetupRequest+0x552>
D:/ALAIN/AT90USB/Projects/AT90USB/At90UsbMPLAB.X/src/usb_requests.c:536 (discriminator 1)
    2802:	87 e3       	ldi	r24, 0x37	; 55
    2804:	9c e0       	ldi	r25, 0x0C	; 12
    2806:	0e 94 9d 06 	call	0xd3a	; 0xd3a <USART_WriteString>
D:/ALAIN/AT90USB/Projects/AT90USB/At90UsbMPLAB.X/src/usb_requests.c:537
        UsbDevSetAddress(LSB(req.wValue));
    280a:	ce 01       	movw	r24, r28
    280c:	03 96       	adiw	r24, 0x03	; 3
    280e:	02 96       	adiw	r24, 0x02	; 2
    2810:	fc 01       	movw	r30, r24
    2812:	20 81       	ld	r18, Z
    2814:	83 ee       	ldi	r24, 0xE3	; 227
    2816:	90 e0       	ldi	r25, 0x00	; 0
    2818:	2f 77       	andi	r18, 0x7F	; 127
    281a:	fc 01       	movw	r30, r24
    281c:	20 83       	st	Z, r18
D:/ALAIN/AT90USB/Projects/AT90USB/At90UsbMPLAB.X/src/usb_requests.c:539
        
        UsbSendZLP(true); // send ZLP
    281e:	81 e0       	ldi	r24, 0x01	; 1
    2820:	0e 94 0b 10 	call	0x2016	; 0x2016 <UsbSendZLP>
D:/ALAIN/AT90USB/Projects/AT90USB/At90UsbMPLAB.X/src/usb_requests.c:541
        //UsbDevWaitTransmitterReady();
        UsbDevEnableAddress();
    2824:	83 ee       	ldi	r24, 0xE3	; 227
    2826:	90 e0       	ldi	r25, 0x00	; 0
    2828:	fc 01       	movw	r30, r24
    282a:	20 81       	ld	r18, Z
    282c:	83 ee       	ldi	r24, 0xE3	; 227
    282e:	90 e0       	ldi	r25, 0x00	; 0
    2830:	20 68       	ori	r18, 0x80	; 128
    2832:	fc 01       	movw	r30, r24
    2834:	20 83       	st	Z, r18
D:/ALAIN/AT90USB/Projects/AT90USB/At90UsbMPLAB.X/src/usb_requests.c:542
        break;
    2836:	15 c2       	rjmp	.+1066   	; 0x2c62 <UsbProcessSetupRequest+0x9aa>
D:/ALAIN/AT90USB/Projects/AT90USB/At90UsbMPLAB.X/src/usb_requests.c:544
      case USB_StdDevReqSET_DESCRIPTOR: // 3 stage-transfer with out data
        ReqDebug("Error: USB_StdDevReqSET_DESCRIPTOR currently not supported!");
    2838:	82 e1       	ldi	r24, 0x12	; 18
    283a:	90 e1       	ldi	r25, 0x10	; 16
    283c:	0e 94 9d 06 	call	0xd3a	; 0xd3a <USART_WriteString>
D:/ALAIN/AT90USB/Projects/AT90USB/At90UsbMPLAB.X/src/usb_requests.c:545
        UsbDevRequestStallHandshake(); // RequestStallHandshake() before UsbDevAcknowledgeSETUP()
    2840:	8b ee       	ldi	r24, 0xEB	; 235
    2842:	90 e0       	ldi	r25, 0x00	; 0
    2844:	fc 01       	movw	r30, r24
    2846:	20 81       	ld	r18, Z
    2848:	8b ee       	ldi	r24, 0xEB	; 235
    284a:	90 e0       	ldi	r25, 0x00	; 0
    284c:	20 62       	ori	r18, 0x20	; 32
    284e:	fc 01       	movw	r30, r24
    2850:	20 83       	st	Z, r18
D:/ALAIN/AT90USB/Projects/AT90USB/At90UsbMPLAB.X/src/usb_requests.c:546
        UsbDevAcknowledgeSETUP(); // to ensure that host will not send out data!
    2852:	88 ee       	ldi	r24, 0xE8	; 232
    2854:	90 e0       	ldi	r25, 0x00	; 0
    2856:	fc 01       	movw	r30, r24
    2858:	20 81       	ld	r18, Z
    285a:	88 ee       	ldi	r24, 0xE8	; 232
    285c:	90 e0       	ldi	r25, 0x00	; 0
    285e:	27 7f       	andi	r18, 0xF7	; 247
    2860:	fc 01       	movw	r30, r24
    2862:	20 83       	st	Z, r18
D:/ALAIN/AT90USB/Projects/AT90USB/At90UsbMPLAB.X/src/usb_requests.c:548
        // you may implement this request if you have any idea for what you can use it
        break;
    2864:	fe c1       	rjmp	.+1020   	; 0x2c62 <UsbProcessSetupRequest+0x9aa>
D:/ALAIN/AT90USB/Projects/AT90USB/At90UsbMPLAB.X/src/usb_requests.c:550
      case USB_StdDevReqGET_CONFIGURATION: // 3 stages with 1 byte IN-data -- not tested yet
        ReqDebug("USB_StdDevReqGET_CONFIGURATION");
    2866:	81 e5       	ldi	r24, 0x51	; 81
    2868:	90 e1       	ldi	r25, 0x10	; 16
    286a:	0e 94 9d 06 	call	0xd3a	; 0xd3a <USART_WriteString>
D:/ALAIN/AT90USB/Projects/AT90USB/At90UsbMPLAB.X/src/usb_requests.c:551
        Assert(req.bmRequestType == 128);
    286e:	8b 81       	ldd	r24, Y+3	; 0x03
    2870:	80 38       	cpi	r24, 0x80	; 128
    2872:	21 f0       	breq	.+8      	; 0x287c <UsbProcessSetupRequest+0x5c4>
D:/ALAIN/AT90USB/Projects/AT90USB/At90UsbMPLAB.X/src/usb_requests.c:551 (discriminator 1)
    2874:	83 e7       	ldi	r24, 0x73	; 115
    2876:	90 e1       	ldi	r25, 0x10	; 16
    2878:	0e 94 9d 06 	call	0xd3a	; 0xd3a <USART_WriteString>
D:/ALAIN/AT90USB/Projects/AT90USB/At90UsbMPLAB.X/src/usb_requests.c:552
        Assert(req.wValue == 0);
    287c:	8d 81       	ldd	r24, Y+5	; 0x05
    287e:	9e 81       	ldd	r25, Y+6	; 0x06
    2880:	89 2b       	or	r24, r25
    2882:	21 f0       	breq	.+8      	; 0x288c <UsbProcessSetupRequest+0x5d4>
D:/ALAIN/AT90USB/Projects/AT90USB/At90UsbMPLAB.X/src/usb_requests.c:552 (discriminator 1)
    2884:	80 e5       	ldi	r24, 0x50	; 80
    2886:	99 e0       	ldi	r25, 0x09	; 9
    2888:	0e 94 9d 06 	call	0xd3a	; 0xd3a <USART_WriteString>
D:/ALAIN/AT90USB/Projects/AT90USB/At90UsbMPLAB.X/src/usb_requests.c:553
        Assert(req.wIndex == 0);
    288c:	8f 81       	ldd	r24, Y+7	; 0x07
    288e:	98 85       	ldd	r25, Y+8	; 0x08
    2890:	89 2b       	or	r24, r25
    2892:	21 f0       	breq	.+8      	; 0x289c <UsbProcessSetupRequest+0x5e4>
D:/ALAIN/AT90USB/Projects/AT90USB/At90UsbMPLAB.X/src/usb_requests.c:553 (discriminator 1)
    2894:	8d e1       	ldi	r24, 0x1D	; 29
    2896:	9a e0       	ldi	r25, 0x0A	; 10
    2898:	0e 94 9d 06 	call	0xd3a	; 0xd3a <USART_WriteString>
D:/ALAIN/AT90USB/Projects/AT90USB/At90UsbMPLAB.X/src/usb_requests.c:554
        Assert(req.wLength == 1);
    289c:	89 85       	ldd	r24, Y+9	; 0x09
    289e:	9a 85       	ldd	r25, Y+10	; 0x0a
    28a0:	01 97       	sbiw	r24, 0x01	; 1
    28a2:	21 f0       	breq	.+8      	; 0x28ac <UsbProcessSetupRequest+0x5f4>
D:/ALAIN/AT90USB/Projects/AT90USB/At90UsbMPLAB.X/src/usb_requests.c:554 (discriminator 1)
    28a4:	82 ee       	ldi	r24, 0xE2	; 226
    28a6:	90 e1       	ldi	r25, 0x10	; 16
    28a8:	0e 94 9d 06 	call	0xd3a	; 0xd3a <USART_WriteString>
D:/ALAIN/AT90USB/Projects/AT90USB/At90UsbMPLAB.X/src/usb_requests.c:555
        UsbDevWriteByte(UsbDevConfValue);
    28ac:	81 ef       	ldi	r24, 0xF1	; 241
    28ae:	90 e0       	ldi	r25, 0x00	; 0
    28b0:	20 91 2f 1d 	lds	r18, 0x1D2F	; 0x801d2f <UsbDevConfValue>
    28b4:	fc 01       	movw	r30, r24
    28b6:	20 83       	st	Z, r18
D:/ALAIN/AT90USB/Projects/AT90USB/At90UsbMPLAB.X/src/usb_requests.c:556
        UsbDevSendControlIn();
    28b8:	88 ee       	ldi	r24, 0xE8	; 232
    28ba:	90 e0       	ldi	r25, 0x00	; 0
    28bc:	fc 01       	movw	r30, r24
    28be:	20 81       	ld	r18, Z
    28c0:	88 ee       	ldi	r24, 0xE8	; 232
    28c2:	90 e0       	ldi	r25, 0x00	; 0
    28c4:	2e 7f       	andi	r18, 0xFE	; 254
    28c6:	fc 01       	movw	r30, r24
    28c8:	20 83       	st	Z, r18
D:/ALAIN/AT90USB/Projects/AT90USB/At90UsbMPLAB.X/src/usb_requests.c:557
        WaitZLP_FromHost();
    28ca:	0e 94 55 10 	call	0x20aa	; 0x20aa <WaitZLP_FromHost>
D:/ALAIN/AT90USB/Projects/AT90USB/At90UsbMPLAB.X/src/usb_requests.c:558
        break;
    28ce:	c9 c1       	rjmp	.+914    	; 0x2c62 <UsbProcessSetupRequest+0x9aa>
D:/ALAIN/AT90USB/Projects/AT90USB/At90UsbMPLAB.X/src/usb_requests.c:560
      case USB_StdDevReqSET_CONFIGURATION: // 2 stages (no data-stage)
        ReqDebug("USB_StdDevReqSET_CONFIGURATION");
    28d0:	89 e4       	ldi	r24, 0x49	; 73
    28d2:	91 e1       	ldi	r25, 0x11	; 17
    28d4:	0e 94 9d 06 	call	0xd3a	; 0xd3a <USART_WriteString>
D:/ALAIN/AT90USB/Projects/AT90USB/At90UsbMPLAB.X/src/usb_requests.c:561
        Assert(req.bmRequestType == 0);
    28d8:	8b 81       	ldd	r24, Y+3	; 0x03
    28da:	88 23       	and	r24, r24
    28dc:	21 f0       	breq	.+8      	; 0x28e6 <UsbProcessSetupRequest+0x62e>
D:/ALAIN/AT90USB/Projects/AT90USB/At90UsbMPLAB.X/src/usb_requests.c:561 (discriminator 1)
    28de:	8a e3       	ldi	r24, 0x3A	; 58
    28e0:	9f e0       	ldi	r25, 0x0F	; 15
    28e2:	0e 94 9d 06 	call	0xd3a	; 0xd3a <USART_WriteString>
D:/ALAIN/AT90USB/Projects/AT90USB/At90UsbMPLAB.X/src/usb_requests.c:562
        Assert(MSB(req.wValue) == 0);
    28e6:	ce 01       	movw	r24, r28
    28e8:	03 96       	adiw	r24, 0x03	; 3
    28ea:	02 96       	adiw	r24, 0x02	; 2
    28ec:	01 96       	adiw	r24, 0x01	; 1
    28ee:	fc 01       	movw	r30, r24
    28f0:	80 81       	ld	r24, Z
    28f2:	88 23       	and	r24, r24
    28f4:	21 f0       	breq	.+8      	; 0x28fe <UsbProcessSetupRequest+0x646>
D:/ALAIN/AT90USB/Projects/AT90USB/At90UsbMPLAB.X/src/usb_requests.c:562 (discriminator 1)
    28f6:	87 ea       	ldi	r24, 0xA7	; 167
    28f8:	9f e0       	ldi	r25, 0x0F	; 15
    28fa:	0e 94 9d 06 	call	0xd3a	; 0xd3a <USART_WriteString>
D:/ALAIN/AT90USB/Projects/AT90USB/At90UsbMPLAB.X/src/usb_requests.c:563
        Assert(req.wIndex == 0);
    28fe:	8f 81       	ldd	r24, Y+7	; 0x07
    2900:	98 85       	ldd	r25, Y+8	; 0x08
    2902:	89 2b       	or	r24, r25
    2904:	21 f0       	breq	.+8      	; 0x290e <UsbProcessSetupRequest+0x656>
D:/ALAIN/AT90USB/Projects/AT90USB/At90UsbMPLAB.X/src/usb_requests.c:563 (discriminator 1)
    2906:	8d e1       	ldi	r24, 0x1D	; 29
    2908:	9a e0       	ldi	r25, 0x0A	; 10
    290a:	0e 94 9d 06 	call	0xd3a	; 0xd3a <USART_WriteString>
D:/ALAIN/AT90USB/Projects/AT90USB/At90UsbMPLAB.X/src/usb_requests.c:564
        Assert(req.wLength == 0);
    290e:	89 85       	ldd	r24, Y+9	; 0x09
    2910:	9a 85       	ldd	r25, Y+10	; 0x0a
    2912:	89 2b       	or	r24, r25
    2914:	21 f0       	breq	.+8      	; 0x291e <UsbProcessSetupRequest+0x666>
D:/ALAIN/AT90USB/Projects/AT90USB/At90UsbMPLAB.X/src/usb_requests.c:564 (discriminator 1)
    2916:	87 e3       	ldi	r24, 0x37	; 55
    2918:	9c e0       	ldi	r25, 0x0C	; 12
    291a:	0e 94 9d 06 	call	0xd3a	; 0xd3a <USART_WriteString>
D:/ALAIN/AT90USB/Projects/AT90USB/At90UsbMPLAB.X/src/usb_requests.c:565
        if (UsbDevSetConfiguration(LSB(req.wValue)))
    291e:	ce 01       	movw	r24, r28
    2920:	03 96       	adiw	r24, 0x03	; 3
    2922:	02 96       	adiw	r24, 0x02	; 2
    2924:	fc 01       	movw	r30, r24
    2926:	80 81       	ld	r24, Z
    2928:	0e 94 01 0a 	call	0x1402	; 0x1402 <UsbDevSetConfiguration>
    292c:	88 23       	and	r24, r24
    292e:	89 f0       	breq	.+34     	; 0x2952 <UsbProcessSetupRequest+0x69a>
D:/ALAIN/AT90USB/Projects/AT90USB/At90UsbMPLAB.X/src/usb_requests.c:567
        {
          UsbDevSelectEndpoint(0); // UsbDevSetConfiguration() may select other ep
    2930:	89 ee       	ldi	r24, 0xE9	; 233
    2932:	90 e0       	ldi	r25, 0x00	; 0
    2934:	fc 01       	movw	r30, r24
    2936:	10 82       	st	Z, r1
D:/ALAIN/AT90USB/Projects/AT90USB/At90UsbMPLAB.X/src/usb_requests.c:568
          UsbSendZLP(false); // send ZLP
    2938:	80 e0       	ldi	r24, 0x00	; 0
    293a:	0e 94 0b 10 	call	0x2016	; 0x2016 <UsbSendZLP>
D:/ALAIN/AT90USB/Projects/AT90USB/At90UsbMPLAB.X/src/usb_requests.c:569
          BoardPortD5RedOn();
    293e:	8b e2       	ldi	r24, 0x2B	; 43
    2940:	90 e0       	ldi	r25, 0x00	; 0
    2942:	fc 01       	movw	r30, r24
    2944:	20 81       	ld	r18, Z
    2946:	8b e2       	ldi	r24, 0x2B	; 43
    2948:	90 e0       	ldi	r25, 0x00	; 0
    294a:	20 68       	ori	r18, 0x80	; 128
    294c:	fc 01       	movw	r30, r24
    294e:	20 83       	st	Z, r18
D:/ALAIN/AT90USB/Projects/AT90USB/At90UsbMPLAB.X/src/usb_requests.c:577
        {
          ReqDebug("Error: USB_StdDevReqSET_CONFIGURATION unsupported configuration!");
          UsbDevSelectEndpoint(0);
          UsbDevRequestStallHandshake();
        }
        break;
    2950:	88 c1       	rjmp	.+784    	; 0x2c62 <UsbProcessSetupRequest+0x9aa>
D:/ALAIN/AT90USB/Projects/AT90USB/At90UsbMPLAB.X/src/usb_requests.c:573
          UsbSendZLP(false); // send ZLP
          BoardPortD5RedOn();
        }
        else
        {
          ReqDebug("Error: USB_StdDevReqSET_CONFIGURATION unsupported configuration!");
    2952:	8b e6       	ldi	r24, 0x6B	; 107
    2954:	91 e1       	ldi	r25, 0x11	; 17
    2956:	0e 94 9d 06 	call	0xd3a	; 0xd3a <USART_WriteString>
D:/ALAIN/AT90USB/Projects/AT90USB/At90UsbMPLAB.X/src/usb_requests.c:574
          UsbDevSelectEndpoint(0);
    295a:	89 ee       	ldi	r24, 0xE9	; 233
    295c:	90 e0       	ldi	r25, 0x00	; 0
    295e:	fc 01       	movw	r30, r24
    2960:	10 82       	st	Z, r1
D:/ALAIN/AT90USB/Projects/AT90USB/At90UsbMPLAB.X/src/usb_requests.c:575
          UsbDevRequestStallHandshake();
    2962:	8b ee       	ldi	r24, 0xEB	; 235
    2964:	90 e0       	ldi	r25, 0x00	; 0
    2966:	fc 01       	movw	r30, r24
    2968:	20 81       	ld	r18, Z
    296a:	8b ee       	ldi	r24, 0xEB	; 235
    296c:	90 e0       	ldi	r25, 0x00	; 0
    296e:	20 62       	ori	r18, 0x20	; 32
    2970:	fc 01       	movw	r30, r24
    2972:	20 83       	st	Z, r18
D:/ALAIN/AT90USB/Projects/AT90USB/At90UsbMPLAB.X/src/usb_requests.c:577
        }
        break;
    2974:	76 c1       	rjmp	.+748    	; 0x2c62 <UsbProcessSetupRequest+0x9aa>
D:/ALAIN/AT90USB/Projects/AT90USB/At90UsbMPLAB.X/src/usb_requests.c:579
      case USB_StdDevReqGET_INTERFACE: // 3 stages with 1 byte IN-data -- not tested yet
        ReqDebug("USB_StdDevReqGET_INTERFACE");
    2976:	8f ea       	ldi	r24, 0xAF	; 175
    2978:	91 e1       	ldi	r25, 0x11	; 17
    297a:	0e 94 9d 06 	call	0xd3a	; 0xd3a <USART_WriteString>
D:/ALAIN/AT90USB/Projects/AT90USB/At90UsbMPLAB.X/src/usb_requests.c:580
        if (UsbDevConfValue == UsbUnconfiguredState)
    297e:	80 91 2f 1d 	lds	r24, 0x1D2F	; 0x801d2f <UsbDevConfValue>
    2982:	88 23       	and	r24, r24
    2984:	71 f4       	brne	.+28     	; 0x29a2 <UsbProcessSetupRequest+0x6ea>
D:/ALAIN/AT90USB/Projects/AT90USB/At90UsbMPLAB.X/src/usb_requests.c:582
        {
          ReqDebug("Error: USB_StdDevReqGET_INTERFACE in unconfigured state!");
    2986:	8d ec       	ldi	r24, 0xCD	; 205
    2988:	91 e1       	ldi	r25, 0x11	; 17
    298a:	0e 94 9d 06 	call	0xd3a	; 0xd3a <USART_WriteString>
D:/ALAIN/AT90USB/Projects/AT90USB/At90UsbMPLAB.X/src/usb_requests.c:583
          UsbDevRequestStallHandshake();
    298e:	8b ee       	ldi	r24, 0xEB	; 235
    2990:	90 e0       	ldi	r25, 0x00	; 0
    2992:	fc 01       	movw	r30, r24
    2994:	20 81       	ld	r18, Z
    2996:	8b ee       	ldi	r24, 0xEB	; 235
    2998:	90 e0       	ldi	r25, 0x00	; 0
    299a:	20 62       	ori	r18, 0x20	; 32
    299c:	fc 01       	movw	r30, r24
    299e:	20 83       	st	Z, r18
D:/ALAIN/AT90USB/Projects/AT90USB/At90UsbMPLAB.X/src/usb_requests.c:584
          return;
    29a0:	60 c1       	rjmp	.+704    	; 0x2c62 <UsbProcessSetupRequest+0x9aa>
D:/ALAIN/AT90USB/Projects/AT90USB/At90UsbMPLAB.X/src/usb_requests.c:586
        }
        Assert(req.bmRequestType == 129);
    29a2:	8b 81       	ldd	r24, Y+3	; 0x03
    29a4:	81 38       	cpi	r24, 0x81	; 129
    29a6:	21 f0       	breq	.+8      	; 0x29b0 <UsbProcessSetupRequest+0x6f8>
D:/ALAIN/AT90USB/Projects/AT90USB/At90UsbMPLAB.X/src/usb_requests.c:586 (discriminator 1)
    29a8:	89 e0       	ldi	r24, 0x09	; 9
    29aa:	92 e1       	ldi	r25, 0x12	; 18
    29ac:	0e 94 9d 06 	call	0xd3a	; 0xd3a <USART_WriteString>
D:/ALAIN/AT90USB/Projects/AT90USB/At90UsbMPLAB.X/src/usb_requests.c:587
        Assert(req.wValue == 0);
    29b0:	8d 81       	ldd	r24, Y+5	; 0x05
    29b2:	9e 81       	ldd	r25, Y+6	; 0x06
    29b4:	89 2b       	or	r24, r25
    29b6:	21 f0       	breq	.+8      	; 0x29c0 <UsbProcessSetupRequest+0x708>
D:/ALAIN/AT90USB/Projects/AT90USB/At90UsbMPLAB.X/src/usb_requests.c:587 (discriminator 1)
    29b8:	80 e5       	ldi	r24, 0x50	; 80
    29ba:	99 e0       	ldi	r25, 0x09	; 9
    29bc:	0e 94 9d 06 	call	0xd3a	; 0xd3a <USART_WriteString>
D:/ALAIN/AT90USB/Projects/AT90USB/At90UsbMPLAB.X/src/usb_requests.c:588
        Assert(MSB(req.wIndex) == 0);
    29c0:	ce 01       	movw	r24, r28
    29c2:	03 96       	adiw	r24, 0x03	; 3
    29c4:	04 96       	adiw	r24, 0x04	; 4
    29c6:	01 96       	adiw	r24, 0x01	; 1
    29c8:	fc 01       	movw	r30, r24
    29ca:	80 81       	ld	r24, Z
    29cc:	88 23       	and	r24, r24
    29ce:	21 f0       	breq	.+8      	; 0x29d8 <UsbProcessSetupRequest+0x720>
D:/ALAIN/AT90USB/Projects/AT90USB/At90UsbMPLAB.X/src/usb_requests.c:588 (discriminator 1)
    29d0:	80 e7       	ldi	r24, 0x70	; 112
    29d2:	9d e0       	ldi	r25, 0x0D	; 13
    29d4:	0e 94 9d 06 	call	0xd3a	; 0xd3a <USART_WriteString>
D:/ALAIN/AT90USB/Projects/AT90USB/At90UsbMPLAB.X/src/usb_requests.c:589
        Assert(req.wLength == 1);
    29d8:	89 85       	ldd	r24, Y+9	; 0x09
    29da:	9a 85       	ldd	r25, Y+10	; 0x0a
    29dc:	01 97       	sbiw	r24, 0x01	; 1
    29de:	21 f0       	breq	.+8      	; 0x29e8 <UsbProcessSetupRequest+0x730>
D:/ALAIN/AT90USB/Projects/AT90USB/At90UsbMPLAB.X/src/usb_requests.c:589 (discriminator 1)
    29e0:	82 ee       	ldi	r24, 0xE2	; 226
    29e2:	90 e1       	ldi	r25, 0x10	; 16
    29e4:	0e 94 9d 06 	call	0xd3a	; 0xd3a <USART_WriteString>
D:/ALAIN/AT90USB/Projects/AT90USB/At90UsbMPLAB.X/src/usb_requests.c:590
        UsbDevWriteByte(AltSettingOfInterface[(uint8_t) LSB(req.wIndex)]);
    29e8:	ce 01       	movw	r24, r28
    29ea:	03 96       	adiw	r24, 0x03	; 3
    29ec:	04 96       	adiw	r24, 0x04	; 4
    29ee:	fc 01       	movw	r30, r24
    29f0:	80 81       	ld	r24, Z
    29f2:	28 2f       	mov	r18, r24
    29f4:	30 e0       	ldi	r19, 0x00	; 0
    29f6:	81 ef       	ldi	r24, 0xF1	; 241
    29f8:	90 e0       	ldi	r25, 0x00	; 0
    29fa:	20 50       	subi	r18, 0x00	; 0
    29fc:	3f 4f       	sbci	r19, 0xFF	; 255
    29fe:	f9 01       	movw	r30, r18
    2a00:	20 81       	ld	r18, Z
    2a02:	fc 01       	movw	r30, r24
    2a04:	20 83       	st	Z, r18
D:/ALAIN/AT90USB/Projects/AT90USB/At90UsbMPLAB.X/src/usb_requests.c:591
        UsbDevSendControlIn();
    2a06:	88 ee       	ldi	r24, 0xE8	; 232
    2a08:	90 e0       	ldi	r25, 0x00	; 0
    2a0a:	fc 01       	movw	r30, r24
    2a0c:	20 81       	ld	r18, Z
    2a0e:	88 ee       	ldi	r24, 0xE8	; 232
    2a10:	90 e0       	ldi	r25, 0x00	; 0
    2a12:	2e 7f       	andi	r18, 0xFE	; 254
    2a14:	fc 01       	movw	r30, r24
    2a16:	20 83       	st	Z, r18
D:/ALAIN/AT90USB/Projects/AT90USB/At90UsbMPLAB.X/src/usb_requests.c:592
        WaitZLP_FromHost();
    2a18:	0e 94 55 10 	call	0x20aa	; 0x20aa <WaitZLP_FromHost>
D:/ALAIN/AT90USB/Projects/AT90USB/At90UsbMPLAB.X/src/usb_requests.c:593
        break;
    2a1c:	22 c1       	rjmp	.+580    	; 0x2c62 <UsbProcessSetupRequest+0x9aa>
D:/ALAIN/AT90USB/Projects/AT90USB/At90UsbMPLAB.X/src/usb_requests.c:595
      case USB_StdDevReqSET_INTERFACE: // 2 stages (no data-stage)
        ReqDebug("USB_StdDevReqSET_INTERFACE");
    2a1e:	88 e7       	ldi	r24, 0x78	; 120
    2a20:	92 e1       	ldi	r25, 0x12	; 18
    2a22:	0e 94 9d 06 	call	0xd3a	; 0xd3a <USART_WriteString>
D:/ALAIN/AT90USB/Projects/AT90USB/At90UsbMPLAB.X/src/usb_requests.c:596
        if (UsbDevConfValue == UsbUnconfiguredState)
    2a26:	80 91 2f 1d 	lds	r24, 0x1D2F	; 0x801d2f <UsbDevConfValue>
    2a2a:	88 23       	and	r24, r24
    2a2c:	71 f4       	brne	.+28     	; 0x2a4a <UsbProcessSetupRequest+0x792>
D:/ALAIN/AT90USB/Projects/AT90USB/At90UsbMPLAB.X/src/usb_requests.c:598
        {
          ReqDebug("Error: USB_StdDevReqSET_INTERFACE in unconfigured state!");
    2a2e:	86 e9       	ldi	r24, 0x96	; 150
    2a30:	92 e1       	ldi	r25, 0x12	; 18
    2a32:	0e 94 9d 06 	call	0xd3a	; 0xd3a <USART_WriteString>
D:/ALAIN/AT90USB/Projects/AT90USB/At90UsbMPLAB.X/src/usb_requests.c:599
          UsbDevRequestStallHandshake();
    2a36:	8b ee       	ldi	r24, 0xEB	; 235
    2a38:	90 e0       	ldi	r25, 0x00	; 0
    2a3a:	fc 01       	movw	r30, r24
    2a3c:	20 81       	ld	r18, Z
    2a3e:	8b ee       	ldi	r24, 0xEB	; 235
    2a40:	90 e0       	ldi	r25, 0x00	; 0
    2a42:	20 62       	ori	r18, 0x20	; 32
    2a44:	fc 01       	movw	r30, r24
    2a46:	20 83       	st	Z, r18
D:/ALAIN/AT90USB/Projects/AT90USB/At90UsbMPLAB.X/src/usb_requests.c:600
          return;
    2a48:	0c c1       	rjmp	.+536    	; 0x2c62 <UsbProcessSetupRequest+0x9aa>
D:/ALAIN/AT90USB/Projects/AT90USB/At90UsbMPLAB.X/src/usb_requests.c:602
        }
        Assert(req.bmRequestType == 1);
    2a4a:	8b 81       	ldd	r24, Y+3	; 0x03
    2a4c:	81 30       	cpi	r24, 0x01	; 1
    2a4e:	21 f0       	breq	.+8      	; 0x2a58 <UsbProcessSetupRequest+0x7a0>
D:/ALAIN/AT90USB/Projects/AT90USB/At90UsbMPLAB.X/src/usb_requests.c:602 (discriminator 1)
    2a50:	82 ed       	ldi	r24, 0xD2	; 210
    2a52:	92 e1       	ldi	r25, 0x12	; 18
    2a54:	0e 94 9d 06 	call	0xd3a	; 0xd3a <USART_WriteString>
D:/ALAIN/AT90USB/Projects/AT90USB/At90UsbMPLAB.X/src/usb_requests.c:603
        Assert(MSB(req.wValue) == 0);
    2a58:	ce 01       	movw	r24, r28
    2a5a:	03 96       	adiw	r24, 0x03	; 3
    2a5c:	02 96       	adiw	r24, 0x02	; 2
    2a5e:	01 96       	adiw	r24, 0x01	; 1
    2a60:	fc 01       	movw	r30, r24
    2a62:	80 81       	ld	r24, Z
    2a64:	88 23       	and	r24, r24
    2a66:	21 f0       	breq	.+8      	; 0x2a70 <UsbProcessSetupRequest+0x7b8>
D:/ALAIN/AT90USB/Projects/AT90USB/At90UsbMPLAB.X/src/usb_requests.c:603 (discriminator 1)
    2a68:	87 ea       	ldi	r24, 0xA7	; 167
    2a6a:	9f e0       	ldi	r25, 0x0F	; 15
    2a6c:	0e 94 9d 06 	call	0xd3a	; 0xd3a <USART_WriteString>
D:/ALAIN/AT90USB/Projects/AT90USB/At90UsbMPLAB.X/src/usb_requests.c:604
        Assert(MSB(req.wIndex) == 0);
    2a70:	ce 01       	movw	r24, r28
    2a72:	03 96       	adiw	r24, 0x03	; 3
    2a74:	04 96       	adiw	r24, 0x04	; 4
    2a76:	01 96       	adiw	r24, 0x01	; 1
    2a78:	fc 01       	movw	r30, r24
    2a7a:	80 81       	ld	r24, Z
    2a7c:	88 23       	and	r24, r24
    2a7e:	21 f0       	breq	.+8      	; 0x2a88 <UsbProcessSetupRequest+0x7d0>
D:/ALAIN/AT90USB/Projects/AT90USB/At90UsbMPLAB.X/src/usb_requests.c:604 (discriminator 1)
    2a80:	80 e7       	ldi	r24, 0x70	; 112
    2a82:	9d e0       	ldi	r25, 0x0D	; 13
    2a84:	0e 94 9d 06 	call	0xd3a	; 0xd3a <USART_WriteString>
D:/ALAIN/AT90USB/Projects/AT90USB/At90UsbMPLAB.X/src/usb_requests.c:605
        Assert(req.wLength == 0);
    2a88:	89 85       	ldd	r24, Y+9	; 0x09
    2a8a:	9a 85       	ldd	r25, Y+10	; 0x0a
    2a8c:	89 2b       	or	r24, r25
    2a8e:	21 f0       	breq	.+8      	; 0x2a98 <UsbProcessSetupRequest+0x7e0>
D:/ALAIN/AT90USB/Projects/AT90USB/At90UsbMPLAB.X/src/usb_requests.c:605 (discriminator 1)
    2a90:	87 e3       	ldi	r24, 0x37	; 55
    2a92:	9c e0       	ldi	r25, 0x0C	; 12
    2a94:	0e 94 9d 06 	call	0xd3a	; 0xd3a <USART_WriteString>
D:/ALAIN/AT90USB/Projects/AT90USB/At90UsbMPLAB.X/src/usb_requests.c:606
        if (UsbDevSetInterface(UsbDevConfValue, LSB(req.wIndex), LSB(req.wValue)))
    2a98:	ce 01       	movw	r24, r28
    2a9a:	03 96       	adiw	r24, 0x03	; 3
    2a9c:	02 96       	adiw	r24, 0x02	; 2
    2a9e:	fc 01       	movw	r30, r24
    2aa0:	20 81       	ld	r18, Z
    2aa2:	ce 01       	movw	r24, r28
    2aa4:	03 96       	adiw	r24, 0x03	; 3
    2aa6:	04 96       	adiw	r24, 0x04	; 4
    2aa8:	fc 01       	movw	r30, r24
    2aaa:	90 81       	ld	r25, Z
    2aac:	80 91 2f 1d 	lds	r24, 0x1D2F	; 0x801d2f <UsbDevConfValue>
    2ab0:	42 2f       	mov	r20, r18
    2ab2:	69 2f       	mov	r22, r25
    2ab4:	0e 94 56 0a 	call	0x14ac	; 0x14ac <UsbDevSetInterface>
    2ab8:	88 23       	and	r24, r24
    2aba:	41 f0       	breq	.+16     	; 0x2acc <UsbProcessSetupRequest+0x814>
D:/ALAIN/AT90USB/Projects/AT90USB/At90UsbMPLAB.X/src/usb_requests.c:608
        {
          UsbDevSelectEndpoint(0); // UsbDevSetInterface() may select other ep
    2abc:	89 ee       	ldi	r24, 0xE9	; 233
    2abe:	90 e0       	ldi	r25, 0x00	; 0
    2ac0:	fc 01       	movw	r30, r24
    2ac2:	10 82       	st	Z, r1
D:/ALAIN/AT90USB/Projects/AT90USB/At90UsbMPLAB.X/src/usb_requests.c:609
          UsbSendZLP(false); // send ZLP
    2ac4:	80 e0       	ldi	r24, 0x00	; 0
    2ac6:	0e 94 0b 10 	call	0x2016	; 0x2016 <UsbSendZLP>
D:/ALAIN/AT90USB/Projects/AT90USB/At90UsbMPLAB.X/src/usb_requests.c:617
        {
          UsbDevSelectEndpoint(0);
          ReqDebug("Error: USB_StdDevReqSET_INTERFACE alt. setting does not exist!");
          UsbDevRequestStallHandshake();
        }
        break;
    2aca:	cb c0       	rjmp	.+406    	; 0x2c62 <UsbProcessSetupRequest+0x9aa>
D:/ALAIN/AT90USB/Projects/AT90USB/At90UsbMPLAB.X/src/usb_requests.c:613
          UsbDevSelectEndpoint(0); // UsbDevSetInterface() may select other ep
          UsbSendZLP(false); // send ZLP
        }
        else
        {
          UsbDevSelectEndpoint(0);
    2acc:	89 ee       	ldi	r24, 0xE9	; 233
    2ace:	90 e0       	ldi	r25, 0x00	; 0
    2ad0:	fc 01       	movw	r30, r24
    2ad2:	10 82       	st	Z, r1
D:/ALAIN/AT90USB/Projects/AT90USB/At90UsbMPLAB.X/src/usb_requests.c:614
          ReqDebug("Error: USB_StdDevReqSET_INTERFACE alt. setting does not exist!");
    2ad4:	8f e3       	ldi	r24, 0x3F	; 63
    2ad6:	93 e1       	ldi	r25, 0x13	; 19
    2ad8:	0e 94 9d 06 	call	0xd3a	; 0xd3a <USART_WriteString>
D:/ALAIN/AT90USB/Projects/AT90USB/At90UsbMPLAB.X/src/usb_requests.c:615
          UsbDevRequestStallHandshake();
    2adc:	8b ee       	ldi	r24, 0xEB	; 235
    2ade:	90 e0       	ldi	r25, 0x00	; 0
    2ae0:	fc 01       	movw	r30, r24
    2ae2:	20 81       	ld	r18, Z
    2ae4:	8b ee       	ldi	r24, 0xEB	; 235
    2ae6:	90 e0       	ldi	r25, 0x00	; 0
    2ae8:	20 62       	ori	r18, 0x20	; 32
    2aea:	fc 01       	movw	r30, r24
    2aec:	20 83       	st	Z, r18
D:/ALAIN/AT90USB/Projects/AT90USB/At90UsbMPLAB.X/src/usb_requests.c:617
        }
        break;
    2aee:	b9 c0       	rjmp	.+370    	; 0x2c62 <UsbProcessSetupRequest+0x9aa>
D:/ALAIN/AT90USB/Projects/AT90USB/At90UsbMPLAB.X/src/usb_requests.c:619
      case USB_StdDevReqSYNCH_FRAME: // 3 stages with 2 byte IN-data -- not supported
        ReqDebug("USB_StdDevReqSYNCH_FRAME not supported!");
    2af0:	81 e8       	ldi	r24, 0x81	; 129
    2af2:	93 e1       	ldi	r25, 0x13	; 19
    2af4:	0e 94 9d 06 	call	0xd3a	; 0xd3a <USART_WriteString>
D:/ALAIN/AT90USB/Projects/AT90USB/At90UsbMPLAB.X/src/usb_requests.c:620
        UsbDevRequestStallHandshake();
    2af8:	8b ee       	ldi	r24, 0xEB	; 235
    2afa:	90 e0       	ldi	r25, 0x00	; 0
    2afc:	fc 01       	movw	r30, r24
    2afe:	20 81       	ld	r18, Z
    2b00:	8b ee       	ldi	r24, 0xEB	; 235
    2b02:	90 e0       	ldi	r25, 0x00	; 0
    2b04:	20 62       	ori	r18, 0x20	; 32
    2b06:	fc 01       	movw	r30, r24
    2b08:	20 83       	st	Z, r18
D:/ALAIN/AT90USB/Projects/AT90USB/At90UsbMPLAB.X/src/usb_requests.c:621
        return;
    2b0a:	ab c0       	rjmp	.+342    	; 0x2c62 <UsbProcessSetupRequest+0x9aa>
D:/ALAIN/AT90USB/Projects/AT90USB/At90UsbMPLAB.X/src/usb_requests.c:623
      case USB_StdDevReqGET_DESCRIPTOR: // 3 stages transfer
        ReqDebug("USB_StdDevReqGET_DESCRIPTOR");
    2b0c:	8c ea       	ldi	r24, 0xAC	; 172
    2b0e:	93 e1       	ldi	r25, 0x13	; 19
    2b10:	0e 94 9d 06 	call	0xd3a	; 0xd3a <USART_WriteString>
D:/ALAIN/AT90USB/Projects/AT90USB/At90UsbMPLAB.X/src/usb_requests.c:624
        Assert(req.bmRequestType == 128);
    2b14:	8b 81       	ldd	r24, Y+3	; 0x03
    2b16:	80 38       	cpi	r24, 0x80	; 128
    2b18:	21 f0       	breq	.+8      	; 0x2b22 <UsbProcessSetupRequest+0x86a>
D:/ALAIN/AT90USB/Projects/AT90USB/At90UsbMPLAB.X/src/usb_requests.c:624 (discriminator 1)
    2b1a:	83 e7       	ldi	r24, 0x73	; 115
    2b1c:	90 e1       	ldi	r25, 0x10	; 16
    2b1e:	0e 94 9d 06 	call	0xd3a	; 0xd3a <USART_WriteString>
D:/ALAIN/AT90USB/Projects/AT90USB/At90UsbMPLAB.X/src/usb_requests.c:626
        {
            uint8_t requested = LSB(req.wLength); // we will never send more than 255 bytes
    2b22:	ce 01       	movw	r24, r28
    2b24:	03 96       	adiw	r24, 0x03	; 3
    2b26:	06 96       	adiw	r24, 0x06	; 6
    2b28:	fc 01       	movw	r30, r24
    2b2a:	80 81       	ld	r24, Z
    2b2c:	8a 83       	std	Y+2, r24	; 0x02
D:/ALAIN/AT90USB/Projects/AT90USB/At90UsbMPLAB.X/src/usb_requests.c:627
            uint8_t written = 0;
    2b2e:	19 a2       	std	Y+33, r1	; 0x21
D:/ALAIN/AT90USB/Projects/AT90USB/At90UsbMPLAB.X/src/usb_requests.c:628
            if (MSB(req.wLength) != 0) 
    2b30:	ce 01       	movw	r24, r28
    2b32:	03 96       	adiw	r24, 0x03	; 3
    2b34:	06 96       	adiw	r24, 0x06	; 6
    2b36:	01 96       	adiw	r24, 0x01	; 1
    2b38:	fc 01       	movw	r30, r24
    2b3a:	80 81       	ld	r24, Z
    2b3c:	88 23       	and	r24, r24
    2b3e:	11 f0       	breq	.+4      	; 0x2b44 <UsbProcessSetupRequest+0x88c>
D:/ALAIN/AT90USB/Projects/AT90USB/At90UsbMPLAB.X/src/usb_requests.c:630
            {
                requested = 255; 
    2b40:	8f ef       	ldi	r24, 0xFF	; 255
    2b42:	8a 83       	std	Y+2, r24	; 0x02
D:/ALAIN/AT90USB/Projects/AT90USB/At90UsbMPLAB.X/src/usb_requests.c:633
            }

            switch (MSB(req.wValue))
    2b44:	ce 01       	movw	r24, r28
    2b46:	03 96       	adiw	r24, 0x03	; 3
    2b48:	02 96       	adiw	r24, 0x02	; 2
    2b4a:	01 96       	adiw	r24, 0x01	; 1
    2b4c:	fc 01       	movw	r30, r24
    2b4e:	80 81       	ld	r24, Z
    2b50:	88 2f       	mov	r24, r24
    2b52:	90 e0       	ldi	r25, 0x00	; 0
    2b54:	82 30       	cpi	r24, 0x02	; 2
    2b56:	91 05       	cpc	r25, r1
    2b58:	69 f1       	breq	.+90     	; 0x2bb4 <UsbProcessSetupRequest+0x8fc>
    2b5a:	83 30       	cpi	r24, 0x03	; 3
    2b5c:	91 05       	cpc	r25, r1
    2b5e:	09 f4       	brne	.+2      	; 0x2b62 <UsbProcessSetupRequest+0x8aa>
    2b60:	44 c0       	rjmp	.+136    	; 0x2bea <UsbProcessSetupRequest+0x932>
    2b62:	01 97       	sbiw	r24, 0x01	; 1
    2b64:	09 f0       	breq	.+2      	; 0x2b68 <UsbProcessSetupRequest+0x8b0>
    2b66:	5a c0       	rjmp	.+180    	; 0x2c1c <UsbProcessSetupRequest+0x964>
D:/ALAIN/AT90USB/Projects/AT90USB/At90UsbMPLAB.X/src/usb_requests.c:636
            {
              case 1: // Device-Descriptor
                Assert(req.wIndex == 0);
    2b68:	8f 81       	ldd	r24, Y+7	; 0x07
    2b6a:	98 85       	ldd	r25, Y+8	; 0x08
    2b6c:	89 2b       	or	r24, r25
    2b6e:	21 f0       	breq	.+8      	; 0x2b78 <UsbProcessSetupRequest+0x8c0>
D:/ALAIN/AT90USB/Projects/AT90USB/At90UsbMPLAB.X/src/usb_requests.c:636 (discriminator 1)
    2b70:	8d e1       	ldi	r24, 0x1D	; 29
    2b72:	9a e0       	ldi	r25, 0x0A	; 10
    2b74:	0e 94 9d 06 	call	0xd3a	; 0xd3a <USART_WriteString>
D:/ALAIN/AT90USB/Projects/AT90USB/At90UsbMPLAB.X/src/usb_requests.c:637
                Assert(LSB(req.wValue) == 0);
    2b78:	ce 01       	movw	r24, r28
    2b7a:	03 96       	adiw	r24, 0x03	; 3
    2b7c:	02 96       	adiw	r24, 0x02	; 2
    2b7e:	fc 01       	movw	r30, r24
    2b80:	80 81       	ld	r24, Z
    2b82:	88 23       	and	r24, r24
    2b84:	21 f0       	breq	.+8      	; 0x2b8e <UsbProcessSetupRequest+0x8d6>
D:/ALAIN/AT90USB/Projects/AT90USB/At90UsbMPLAB.X/src/usb_requests.c:637 (discriminator 1)
    2b86:	8b ec       	ldi	r24, 0xCB	; 203
    2b88:	93 e1       	ldi	r25, 0x13	; 19
    2b8a:	0e 94 9d 06 	call	0xd3a	; 0xd3a <USART_WriteString>
D:/ALAIN/AT90USB/Projects/AT90USB/At90UsbMPLAB.X/src/usb_requests.c:638
                UsbGetDeviceDescriptor(&u.devDes);
    2b8e:	ce 01       	movw	r24, r28
    2b90:	0b 96       	adiw	r24, 0x0b	; 11
    2b92:	0e 94 e4 06 	call	0xdc8	; 0xdc8 <UsbGetDeviceDescriptor>
D:/ALAIN/AT90USB/Projects/AT90USB/At90UsbMPLAB.X/src/usb_requests.c:639
                UsbDumpDeviceDescriptor(&u.devDes);
    2b96:	ce 01       	movw	r24, r28
    2b98:	0b 96       	adiw	r24, 0x0b	; 11
    2b9a:	0e 94 0b 05 	call	0xa16	; 0xa16 <UsbDumpDeviceDescriptor>
D:/ALAIN/AT90USB/Projects/AT90USB/At90UsbMPLAB.X/src/usb_requests.c:640
                UsbDevWriteIntoFifoAndFlush(&u.devDes, u.devDes.bLength, &written, requested);
    2b9e:	3b 85       	ldd	r19, Y+11	; 0x0b
    2ba0:	ae 01       	movw	r20, r28
    2ba2:	4f 5d       	subi	r20, 0xDF	; 223
    2ba4:	5f 4f       	sbci	r21, 0xFF	; 255
    2ba6:	ce 01       	movw	r24, r28
    2ba8:	0b 96       	adiw	r24, 0x0b	; 11
    2baa:	2a 81       	ldd	r18, Y+2	; 0x02
    2bac:	63 2f       	mov	r22, r19
    2bae:	0e 94 bc 0e 	call	0x1d78	; 0x1d78 <UsbDevWriteIntoFifoAndFlush>
D:/ALAIN/AT90USB/Projects/AT90USB/At90UsbMPLAB.X/src/usb_requests.c:641
                break;
    2bb2:	3b c0       	rjmp	.+118    	; 0x2c2a <UsbProcessSetupRequest+0x972>
D:/ALAIN/AT90USB/Projects/AT90USB/At90UsbMPLAB.X/src/usb_requests.c:643
              case 2: // Configuration-Descriptor
                if (!UsbSendDescriptors(LSB(req.wValue), requested))
    2bb4:	ce 01       	movw	r24, r28
    2bb6:	03 96       	adiw	r24, 0x03	; 3
    2bb8:	02 96       	adiw	r24, 0x02	; 2
    2bba:	fc 01       	movw	r30, r24
    2bbc:	80 81       	ld	r24, Z
    2bbe:	6a 81       	ldd	r22, Y+2	; 0x02
    2bc0:	0e 94 87 10 	call	0x210e	; 0x210e <UsbSendDescriptors>
    2bc4:	98 2f       	mov	r25, r24
    2bc6:	81 e0       	ldi	r24, 0x01	; 1
    2bc8:	89 27       	eor	r24, r25
    2bca:	88 23       	and	r24, r24
    2bcc:	69 f1       	breq	.+90     	; 0x2c28 <UsbProcessSetupRequest+0x970>
D:/ALAIN/AT90USB/Projects/AT90USB/At90UsbMPLAB.X/src/usb_requests.c:645
                {
                  ReqDebug("Error: USB_StdDevReqGET_DESCRIPTOR: can not sent Configuration-Descriptor!");
    2bce:	86 e3       	ldi	r24, 0x36	; 54
    2bd0:	94 e1       	ldi	r25, 0x14	; 20
    2bd2:	0e 94 9d 06 	call	0xd3a	; 0xd3a <USART_WriteString>
D:/ALAIN/AT90USB/Projects/AT90USB/At90UsbMPLAB.X/src/usb_requests.c:646
                  UsbDevRequestStallHandshake();
    2bd6:	8b ee       	ldi	r24, 0xEB	; 235
    2bd8:	90 e0       	ldi	r25, 0x00	; 0
    2bda:	fc 01       	movw	r30, r24
    2bdc:	20 81       	ld	r18, Z
    2bde:	8b ee       	ldi	r24, 0xEB	; 235
    2be0:	90 e0       	ldi	r25, 0x00	; 0
    2be2:	20 62       	ori	r18, 0x20	; 32
    2be4:	fc 01       	movw	r30, r24
    2be6:	20 83       	st	Z, r18
D:/ALAIN/AT90USB/Projects/AT90USB/At90UsbMPLAB.X/src/usb_requests.c:647
                  return;
    2be8:	3c c0       	rjmp	.+120    	; 0x2c62 <UsbProcessSetupRequest+0x9aa>
D:/ALAIN/AT90USB/Projects/AT90USB/At90UsbMPLAB.X/src/usb_requests.c:651
                }
                break;
              case 3: // String-Descriptor
                UsbGetStringDescriptor(u.strDes, LSB(req.wValue)); // strDes is an array, so no & is necessary!
    2bea:	ce 01       	movw	r24, r28
    2bec:	03 96       	adiw	r24, 0x03	; 3
    2bee:	02 96       	adiw	r24, 0x02	; 2
    2bf0:	fc 01       	movw	r30, r24
    2bf2:	20 81       	ld	r18, Z
    2bf4:	ce 01       	movw	r24, r28
    2bf6:	0b 96       	adiw	r24, 0x0b	; 11
    2bf8:	62 2f       	mov	r22, r18
    2bfa:	0e 94 e0 08 	call	0x11c0	; 0x11c0 <UsbGetStringDescriptor>
D:/ALAIN/AT90USB/Projects/AT90USB/At90UsbMPLAB.X/src/usb_requests.c:652
                UsbDumpStringDescriptor(u.strDes);
    2bfe:	ce 01       	movw	r24, r28
    2c00:	0b 96       	adiw	r24, 0x0b	; 11
    2c02:	0e 94 ae 05 	call	0xb5c	; 0xb5c <UsbDumpStringDescriptor>
D:/ALAIN/AT90USB/Projects/AT90USB/At90UsbMPLAB.X/src/usb_requests.c:653
                UsbDevWriteIntoFifoAndFlush(u.strDes, u.strDes[0], &written, requested);
    2c06:	3b 85       	ldd	r19, Y+11	; 0x0b
    2c08:	ae 01       	movw	r20, r28
    2c0a:	4f 5d       	subi	r20, 0xDF	; 223
    2c0c:	5f 4f       	sbci	r21, 0xFF	; 255
    2c0e:	ce 01       	movw	r24, r28
    2c10:	0b 96       	adiw	r24, 0x0b	; 11
    2c12:	2a 81       	ldd	r18, Y+2	; 0x02
    2c14:	63 2f       	mov	r22, r19
    2c16:	0e 94 bc 0e 	call	0x1d78	; 0x1d78 <UsbDevWriteIntoFifoAndFlush>
D:/ALAIN/AT90USB/Projects/AT90USB/At90UsbMPLAB.X/src/usb_requests.c:654
                break;
    2c1a:	07 c0       	rjmp	.+14     	; 0x2c2a <UsbProcessSetupRequest+0x972>
D:/ALAIN/AT90USB/Projects/AT90USB/At90UsbMPLAB.X/src/usb_requests.c:656
              default:
                ReqDebug("USB_StdDevReqGET_DESCRIPTOR: Unknown type!");
    2c1c:	84 e8       	ldi	r24, 0x84	; 132
    2c1e:	94 e1       	ldi	r25, 0x14	; 20
    2c20:	0e 94 9d 06 	call	0xd3a	; 0xd3a <USART_WriteString>
D:/ALAIN/AT90USB/Projects/AT90USB/At90UsbMPLAB.X/src/usb_requests.c:657
                return;
    2c24:	00 00       	nop
    2c26:	1d c0       	rjmp	.+58     	; 0x2c62 <UsbProcessSetupRequest+0x9aa>
D:/ALAIN/AT90USB/Projects/AT90USB/At90UsbMPLAB.X/src/usb_requests.c:649
                {
                  ReqDebug("Error: USB_StdDevReqGET_DESCRIPTOR: can not sent Configuration-Descriptor!");
                  UsbDevRequestStallHandshake();
                  return;
                }
                break;
    2c28:	00 00       	nop
D:/ALAIN/AT90USB/Projects/AT90USB/At90UsbMPLAB.X/src/usb_requests.c:674 (discriminator 1)
              //UsbDevSendControlIn();
            //}

            //WaitZLP_FromHost();
        }
        break;
    2c2a:	1b c0       	rjmp	.+54     	; 0x2c62 <UsbProcessSetupRequest+0x9aa>
D:/ALAIN/AT90USB/Projects/AT90USB/At90UsbMPLAB.X/src/usb_requests.c:676
      default:
        ReqDebug("Received unsupported UsbStandardRequest!");
    2c2c:	82 eb       	ldi	r24, 0xB2	; 178
    2c2e:	94 e1       	ldi	r25, 0x14	; 20
    2c30:	0e 94 9d 06 	call	0xd3a	; 0xd3a <USART_WriteString>
D:/ALAIN/AT90USB/Projects/AT90USB/At90UsbMPLAB.X/src/usb_requests.c:677
        UsbDevRequestStallHandshake();
    2c34:	8b ee       	ldi	r24, 0xEB	; 235
    2c36:	90 e0       	ldi	r25, 0x00	; 0
    2c38:	fc 01       	movw	r30, r24
    2c3a:	20 81       	ld	r18, Z
    2c3c:	8b ee       	ldi	r24, 0xEB	; 235
    2c3e:	90 e0       	ldi	r25, 0x00	; 0
    2c40:	20 62       	ori	r18, 0x20	; 32
    2c42:	fc 01       	movw	r30, r24
    2c44:	20 83       	st	Z, r18
    2c46:	0d c0       	rjmp	.+26     	; 0x2c62 <UsbProcessSetupRequest+0x9aa>
D:/ALAIN/AT90USB/Projects/AT90USB/At90UsbMPLAB.X/src/usb_requests.c:682
    }
  }
  else
  {
    ReqDebug("Unsupported nonstandard request!");
    2c48:	8e ed       	ldi	r24, 0xDE	; 222
    2c4a:	94 e1       	ldi	r25, 0x14	; 20
    2c4c:	0e 94 9d 06 	call	0xd3a	; 0xd3a <USART_WriteString>
D:/ALAIN/AT90USB/Projects/AT90USB/At90UsbMPLAB.X/src/usb_requests.c:683
    UsbDevRequestStallHandshake();
    2c50:	8b ee       	ldi	r24, 0xEB	; 235
    2c52:	90 e0       	ldi	r25, 0x00	; 0
    2c54:	fc 01       	movw	r30, r24
    2c56:	20 81       	ld	r18, Z
    2c58:	8b ee       	ldi	r24, 0xEB	; 235
    2c5a:	90 e0       	ldi	r25, 0x00	; 0
    2c5c:	20 62       	ori	r18, 0x20	; 32
    2c5e:	fc 01       	movw	r30, r24
    2c60:	20 83       	st	Z, r18
D:/ALAIN/AT90USB/Projects/AT90USB/At90UsbMPLAB.X/src/usb_requests.c:685
  }
}
    2c62:	a1 96       	adiw	r28, 0x21	; 33
    2c64:	0f b6       	in	r0, 0x3f	; 63
    2c66:	f8 94       	cli
    2c68:	de bf       	out	0x3e, r29	; 62
    2c6a:	0f be       	out	0x3f, r0	; 63
    2c6c:	cd bf       	out	0x3d, r28	; 61
    2c6e:	df 91       	pop	r29
    2c70:	cf 91       	pop	r28
    2c72:	08 95       	ret

00002c74 <__udivmodsi4>:
__udivmodsi4():
    2c74:	a1 e2       	ldi	r26, 0x21	; 33
    2c76:	1a 2e       	mov	r1, r26
    2c78:	aa 1b       	sub	r26, r26
    2c7a:	bb 1b       	sub	r27, r27
    2c7c:	fd 01       	movw	r30, r26
    2c7e:	0d c0       	rjmp	.+26     	; 0x2c9a <__udivmodsi4_ep>

00002c80 <__udivmodsi4_loop>:
    2c80:	aa 1f       	adc	r26, r26
    2c82:	bb 1f       	adc	r27, r27
    2c84:	ee 1f       	adc	r30, r30
    2c86:	ff 1f       	adc	r31, r31
    2c88:	a2 17       	cp	r26, r18
    2c8a:	b3 07       	cpc	r27, r19
    2c8c:	e4 07       	cpc	r30, r20
    2c8e:	f5 07       	cpc	r31, r21
    2c90:	20 f0       	brcs	.+8      	; 0x2c9a <__udivmodsi4_ep>
    2c92:	a2 1b       	sub	r26, r18
    2c94:	b3 0b       	sbc	r27, r19
    2c96:	e4 0b       	sbc	r30, r20
    2c98:	f5 0b       	sbc	r31, r21

00002c9a <__udivmodsi4_ep>:
    2c9a:	66 1f       	adc	r22, r22
    2c9c:	77 1f       	adc	r23, r23
    2c9e:	88 1f       	adc	r24, r24
    2ca0:	99 1f       	adc	r25, r25
    2ca2:	1a 94       	dec	r1
    2ca4:	69 f7       	brne	.-38     	; 0x2c80 <__udivmodsi4_loop>
    2ca6:	60 95       	com	r22
    2ca8:	70 95       	com	r23
    2caa:	80 95       	com	r24
    2cac:	90 95       	com	r25
    2cae:	9b 01       	movw	r18, r22
    2cb0:	ac 01       	movw	r20, r24
    2cb2:	bd 01       	movw	r22, r26
    2cb4:	cf 01       	movw	r24, r30
    2cb6:	08 95       	ret

00002cb8 <__tablejump2__>:
__tablejump2__():
    2cb8:	ee 0f       	add	r30, r30
    2cba:	ff 1f       	adc	r31, r31
    2cbc:	00 24       	eor	r0, r0
    2cbe:	00 1c       	adc	r0, r0
    2cc0:	0b be       	out	0x3b, r0	; 59
    2cc2:	07 90       	elpm	r0, Z+
    2cc4:	f6 91       	elpm	r31, Z
    2cc6:	e0 2d       	mov	r30, r0
    2cc8:	09 94       	ijmp

00002cca <memcpy>:
memcpy():
    2cca:	fb 01       	movw	r30, r22
    2ccc:	dc 01       	movw	r26, r24
    2cce:	02 c0       	rjmp	.+4      	; 0x2cd4 <memcpy+0xa>
    2cd0:	01 90       	ld	r0, Z+
    2cd2:	0d 92       	st	X+, r0
    2cd4:	41 50       	subi	r20, 0x01	; 1
    2cd6:	50 40       	sbci	r21, 0x00	; 0
    2cd8:	d8 f7       	brcc	.-10     	; 0x2cd0 <memcpy+0x6>
    2cda:	08 95       	ret

00002cdc <memset>:
memset():
    2cdc:	dc 01       	movw	r26, r24
    2cde:	01 c0       	rjmp	.+2      	; 0x2ce2 <memset+0x6>
    2ce0:	6d 93       	st	X+, r22
    2ce2:	41 50       	subi	r20, 0x01	; 1
    2ce4:	50 40       	sbci	r21, 0x00	; 0
    2ce6:	e0 f7       	brcc	.-8      	; 0x2ce0 <memset+0x4>
    2ce8:	08 95       	ret

00002cea <_exit>:
exit():
    2cea:	f8 94       	cli

00002cec <__stop_program>:
__stop_program():
    2cec:	ff cf       	rjmp	.-2      	; 0x2cec <__stop_program>
